id,mp_party
1369355325288112140,EH Bildu TP
1369022212804665348,EH Bildu TP
1369016518655307777,EH Bildu TP
1368828665073721345,EH Bildu TP
1367863272951721987,EH Bildu TP
1367572103218810885,EH Bildu TP
1366856522827980801,EH Bildu TP
1365082836424941570,EH Bildu TP
1361777484799348746,EH Bildu TP
1357650827758960641,EH Bildu TP
1357618892819038212,EH Bildu TP
1356716640159866886,EH Bildu TP
1352341547166150656,EH Bildu TP
1349389959606763521,EH Bildu TP
1347953021939032073,EH Bildu TP
1347219704633561093,EH Bildu TP
1345665484797181952,EH Bildu TP
1368855178036805633,EA-NV TP
1367929686509187074,EH Bildu TP
1367833119429124097,EH Bildu TP
1367221958388154376,EH Bildu TP
1367156307229356040,EH Bildu TP
1366738074378637318,EH Bildu TP
1364924839677599744,EH Bildu TP
1362299618088935424,EH Bildu TP
1362117134780928004,EH Bildu TP
1362078928819617795,EH Bildu TP
1358796067500945419,EH Bildu TP
1358098245969465347,EH Bildu TP
1357805916335259656,EH Bildu TP
1357768581010886664,EH Bildu TP
1357614356008230914,EH Bildu TP
1356911879944339457,EH Bildu TP
1356321746165628931,EH Bildu TP
1353832402850902018,EH Bildu TP
1352660874041954304,EH Bildu TP
1352644816597823488,EH Bildu TP
1352260121603289101,EH Bildu TP
1352243261826600965,EH Bildu TP
1352166259899719680,EH Bildu TP
1351977347680002052,EH Bildu TP
1350127233780899844,EH Bildu TP
1350108886238449668,EH Bildu TP
1348934082621825029,EH Bildu TP
1348015936645844994,EH Bildu TP
1347289798269140995,EH Bildu TP
1347262004411715585,EH Bildu TP
1368900572619935744,VP-C TP
1367184531095232516,VP-C TP
1365632311371382784,VP-C TP
1365611326865895424,VP-C TP
1364906340397817863,VP-C TP
1363901858365001728,VP-C TP
1361026051560898562,VP-C TP
1361017784373817344,VP-C TP
1360910533180993537,VP-C TP
1360296989662019584,VP-C TP
1359090959879987204,VP-C TP
1358064958861361152,VP-C TP
1357324661458169857,VP-C TP
1356219573301862400,VP-C TP
1355843376902512642,VP-C TP
1355489184568504320,VP-C TP
1355482865346240517,VP-C TP
1353318990744088582,VP-C TP
1353090904249274369,VP-C TP
1353027753164107777,VP-C TP
1369060766423408645,EA-NV TP
1368699793829203970,EA-NV TP
1367828365697224706,EA-NV TP
1363822225502199811,EA-NV TP
1359917685933563915,EA-NV TP
1359898197884342280,EA-NV TP
1352912038700396544,EA-NV TP
1351313000901337089,EA-NV TP
1348719331329384449,EA-NV TP
1367801505500311553,EH Bildu TP
1367797725287301121,EH Bildu TP
1367795586355892224,EH Bildu TP
1367794253640986630,EH Bildu TP
1367787603840405506,EH Bildu TP
1367784403322220551,EH Bildu TP
1367233240730329091,EH Bildu TP
1366863364954152960,EH Bildu TP
1366862844998914053,EH Bildu TP
1366130714563985409,EH Bildu TP
1364878229950124032,EH Bildu TP
1364671791281668101,EH Bildu TP
1363969265850855426,EH Bildu TP
1363758343580483587,EH Bildu TP
1363586690430943240,EH Bildu TP
1359513062794006531,EH Bildu TP
1359502114632966144,EH Bildu TP
1356351266750951426,EH Bildu TP
1356199544971796482,EH Bildu TP
1354784179767169024,EH Bildu TP
1352957261078003712,EH Bildu TP
1352952869562048513,SV-ES TP
1349359264637345805,SV-ES TP
1369586408336355329,EA-NV TP
1368825025692860418,EA-NV TP
1368680573250768898,EA-NV TP
1367775071834607617,EA-NV TP
1367244840329613313,EA-NV TP
1365289415321485314,EA-NV TP
1364884067913719813,EA-NV TP
1364499933273948162,EA-NV TP
1364328141792161796,EA-NV TP
1364254751525916673,EA-NV TP
1363193551962714113,EA-NV TP
1362130562304114689,EA-NV TP
1361622387591110656,EA-NV TP
1361035927448150017,EA-NV TP
1360888211858477059,EA-NV TP
1360690484558102529,EA-NV TP
1360320025568157707,EA-NV TP
1360145647199019009,EA-NV TP
1357257314038919172,EA-NV TP
1355874842894102529,EA-NV TP
1353426729155620864,EA-NV TP
1352918672646545408,EA-NV TP
1352904922979823616,EA-NV TP
1352895042810220544,EA-NV TP
1351274153412763648,EA-NV TP
1350795278794842113,EA-NV TP
1349653704572600320,EA-NV TP
1349378254780715012,EA-NV TP
1346932986688663554,EA-NV TP
1346926992361361416,EA-NV TP
1346478120321236994,EA-NV TP
1345312038801825792,EA-NV TP
1369191194031493121,EA-NV TP
1369191119851032578,EA-NV TP
1369190499588993026,EA-NV TP
1369190388796452864,EA-NV TP
1368481765753552897,EA-NV TP
1368481700125229059,EA-NV TP
1368481071050919936,EA-NV TP
1368480991640248321,EA-NV TP
1367784408737083394,EA-NV TP
1367783851234320385,EA-NV TP
1367781564722143232,EA-NV TP
1367468906793820161,EA-NV TP
1367468847767420930,EA-NV TP
1367468652837154818,EA-NV TP
1367468509169676297,EA-NV TP
1367468399450869765,EA-NV TP
1367468064946737153,EA-NV TP
1367004022587195394,EA-NV TP
1366793626299355141,EA-NV TP
1366793221347700746,EA-NV TP
1366792974642925572,EA-NV TP
1366001431250092034,EA-NV TP
1365999755478859784,EA-NV TP
1365599821395066882,EA-NV TP
1365334470312665090,EA-NV TP
1365334323918995458,EA-NV TP
1365334047443062784,EA-NV TP
1365235402139963392,EA-NV TP
1364217641842409472,EA-NV TP
1364217437386850305,EA-NV TP
1364213846144147458,EA-NV TP
1364209541307588609,EA-NV TP
1364209307810754562,EA-NV TP
1364208700068659203,EA-NV TP
1363880655000600583,EA-NV TP
1363880314909655053,EA-NV TP
1363880175906283521,EA-NV TP
1363877618853048327,EA-NV TP
1363877168967786498,EA-NV TP
1363876598685061122,EA-NV TP
1363563461213642755,EA-NV TP
1363560674945871878,EA-NV TP
1363450807769853952,EA-NV TP
1363440665280057345,EA-NV TP
1363438713859096577,EA-NV TP
1363222328667234309,EA-NV TP
1362368828580241412,EA-NV TP
1362362603796914178,EA-NV TP
1362293128993062914,EA-NV TP
1362292627601825792,EA-NV TP
1362291515658301445,EA-NV TP
1362290818376163331,EA-NV TP
1362049823940182019,EA-NV TP
1362048161951399937,EA-NV TP
1361978989326303233,EA-NV TP
1361977157069725696,EA-NV TP
1360947971827912704,EA-NV TP
1360308897073033221,EA-NV TP
1360308077048836100,EA-NV TP
1360305797536886784,EA-NV TP
1359832457420406788,EA-NV TP
1359831765167259651,EA-NV TP
1359831094825275392,EA-NV TP
1359469683578204162,EA-NV TP
1359469269432623108,EA-NV TP
1359468967300116481,EA-NV TP
1359468568774115335,EA-NV TP
1359468388834283520,EA-NV TP
1359467820774547457,EA-NV TP
1359467362118991875,EA-NV TP
1359467014914514951,EA-NV TP
1359466566342033414,EA-NV TP
1358064633333047296,EA-NV TP
1358063723076804615,EA-NV TP
1358011622615359489,EA-NV TP
1358010599381344256,EA-NV TP
1356873220062924800,EA-NV TP
1356871351433371649,EA-NV TP
1356870407018668037,EA-NV TP
1356869813109469185,EA-NV TP
1356861507682902017,EA-NV TP
1369402646046650373,EH Bildu TP
1369391504054161421,EH Bildu TP
1369388776464715776,EH Bildu TP
1369305892961873928,EH Bildu TP
1369295532447924234,EH Bildu TP
1368943590706122754,EH Bildu TP
1368320924911538177,EH Bildu TP
1368310430104444931,EH Bildu TP
1368238112275587076,EH Bildu TP
1368122687722250245,EH Bildu TP
1367928325050667014,EH Bildu TP
1367856808606466052,EH Bildu TP
1367822754385387521,EH Bildu TP
1367784473912373250,EH Bildu TP
1367474860482584582,EH Bildu TP
1367472803700760590,EH Bildu TP
1367472105378504708,EH Bildu TP
1367131420754382855,EH Bildu TP
1367036384083664896,EH Bildu TP
1366522224430227456,EH Bildu TP
1366474937725292555,EH Bildu TP
1366446130150703117,EH Bildu TP
1366373375053078529,EH Bildu TP
1366365244155715586,EH Bildu TP
1366360536485687309,EH Bildu TP
1366352542838386699,EH Bildu TP
1366339360723976192,EH Bildu TP
1366129548853731331,EH Bildu TP
1365586975865131009,EH Bildu TP
1365303789444620288,EH Bildu TP
1365302638330445831,EH Bildu TP
1365055775622717442,EH Bildu TP
1365032434174201859,EH Bildu TP
1364943194115502082,EH Bildu TP
1364936109130735617,EH Bildu TP
1364274627657228294,EH Bildu TP
1364220366390927362,EH Bildu TP
1364215458073878530,EH Bildu TP
1364214984545349638,EH Bildu TP
1363961929253986310,EH Bildu TP
1363958505682702338,EH Bildu TP
1363242305092739075,EH Bildu TP
1363241906302550019,EH Bildu TP
1362695506372214785,EH Bildu TP
1362514194860568582,EH Bildu TP
1362508609347870728,EH Bildu TP
1362327204441579520,EH Bildu TP
1362142792458399747,EH Bildu TP
1362138372614090752,EH Bildu TP
1362117704967053313,EH Bildu TP
1360701402683744259,EH Bildu TP
1360679860218302469,EH Bildu TP
1360589980888932354,EH Bildu TP
1359564240080748550,EH Bildu TP
1358126243372298246,EH Bildu TP
1358115695435919368,EH Bildu TP
1357076959990317066,EH Bildu TP
1357041749642854413,EH Bildu TP
1357014666417995776,EH Bildu TP
1356982939511377924,EH Bildu TP
1356945961034141696,EH Bildu TP
1356945256080621571,EH Bildu TP
1356929404987969537,EH Bildu TP
1356738876073738246,EH Bildu TP
1356712746478428171,EH Bildu TP
1356627632490754048,EH Bildu TP
1356336138471043073,EH Bildu TP
1356331922750922754,EH Bildu TP
1356330232568029191,EH Bildu TP
1356308598050217986,EH Bildu TP
1356305663727726593,EH Bildu TP
1356303905123131395,EH Bildu TP
1356300932087218180,EH Bildu TP
1356297852910243842,EH Bildu TP
1356296335633342465,EH Bildu TP
1356259699939831817,EH Bildu TP
1355559301784494081,EH Bildu TP
1355483403643211776,EH Bildu TP
1355265362380656643,EH Bildu TP
1354911644602798085,EH Bildu TP
1354906693004648448,EH Bildu TP
1354905099101999109,EH Bildu TP
1354903462773977090,EH Bildu TP
1354853687118753797,EH Bildu TP
1354844135103016964,EH Bildu TP
1356335305402540036,EH Bildu TP
1351217183473471497,EH Bildu TP
1369414544376922116,EH Bildu TP
1369004358764015617,EH Bildu TP
1368922217602576386,EH Bildu TP
1367833316733386753,EH Bildu TP
1367833077943328768,EH Bildu TP
1367529718602473473,EH Bildu TP
1365271988441333766,EH Bildu TP
1365269390183305217,EH Bildu TP
1365225982496559104,EH Bildu TP
1364941610656661504,EH Bildu TP
1364941608760795140,EH Bildu TP
1364941605543829506,EH Bildu TP
1363932822503911432,EH Bildu TP
1363506056807264257,EH Bildu TP
1362485188970823699,EH Bildu TP
1362442779327094793,EH Bildu TP
1362124921573437440,EH Bildu TP
1360919085345832963,EH Bildu TP
1360493907860201476,EH Bildu TP
1360308882086776841,EH Bildu TP
1360254521138626560,EH Bildu TP
1360247374388600832,EH Bildu TP
1360177687613108224,EH Bildu TP
1358496512242839562,EH Bildu TP
1358155132479881218,EH Bildu TP
1355981205032882177,EH Bildu TP
1352195325273006081,EH Bildu TP
1351955576985702401,EH Bildu TP
1351633941598511105,EH Bildu TP
1350809436684738561,EH Bildu TP
1350074197293359106,EH Bildu TP
1347867309025746944,EH Bildu TP
1347616151732367360,EH Bildu TP
1369578102867832832,EH Bildu TP
1368138256668319747,EH Bildu TP
1368136637700599811,EH Bildu TP
1368135078396784643,EH Bildu TP
1367864851113054217,EH Bildu TP
1367863127933616129,EH Bildu TP
1367458462259699713,EH Bildu TP
1367397862787731458,EH Bildu TP
1367217560836591618,EH Bildu TP
1367028745748553728,EH Bildu TP
1366850969540173825,EH Bildu TP
1366820384591536128,EH Bildu TP
1366790321884037127,EH Bildu TP
1366717764241657858,EH Bildu TP
1366687651122790402,EH Bildu TP
1366671704962048004,EH Bildu TP
1366656783822036992,EH Bildu TP
1366512844351668233,EH Bildu TP
1366066519915061256,EH Bildu TP
1366022563365859331,EH Bildu TP
1365657194902007808,EH Bildu TP
1364859357003980801,EH Bildu TP
1364831006629498883,EH Bildu TP
1364540507783901186,EH Bildu TP
1364196834873384960,EH Bildu TP
1363568485721374721,EH Bildu TP
1363523879667433472,EH Bildu TP
1363074660292845568,EH Bildu TP
1362884434706501635,EH Bildu TP
1362854230768439302,EH Bildu TP
1362294834774626304,EH Bildu TP
1362065805467398145,EH Bildu TP
1362003947918155779,EH Bildu TP
1361705200596180993,EH Bildu TP
1360610982884696072,EH Bildu TP
1360602626329612290,EH Bildu TP
1360598203696087041,EH Bildu TP
1360597491050295308,EH Bildu TP
1360596650855653382,EH Bildu TP
1360596023350018055,EH Bildu TP
1360595309127204865,EH Bildu TP
1360594237029568515,EH Bildu TP
1360593616775823365,EH Bildu TP
1360593066277687299,EH Bildu TP
1359425216431153153,EH Bildu TP
1359069798920036352,EH Bildu TP
1358909579493572608,EH Bildu TP
1358721493409087488,EH Bildu TP
1358689692418473986,EH Bildu TP
1357617001099845632,EH Bildu TP
1357254828561469442,EH Bildu TP
1357252628816740355,EH Bildu TP
1357249436473303041,EH Bildu TP
1357104800710688768,EH Bildu TP
1356981193032544257,EH Bildu TP
1356538208121724929,EH Bildu TP
1356312968124899328,EH Bildu TP
1355893484415299586,EH Bildu TP
1355849264216289288,EH Bildu TP
1355818125384671235,EH Bildu TP
1355456641681010690,EH Bildu TP
1355434578895364096,EH Bildu TP
1355226858141470728,EH Bildu TP
1355127065893343235,EH Bildu TP
1354838957696102406,EH Bildu TP
1354703137609756674,EH Bildu TP
1354353712609820675,EH Bildu TP
1354345261804498944,EH Bildu TP
1353600609950310402,EH Bildu TP
1353476998048395264,EH Bildu TP
1353360928901890050,EH Bildu TP
1353292802340368385,EH Bildu TP
1352956480153137152,EH Bildu TP
1352923263652032512,EH Bildu TP
1352909850267807748,EH Bildu TP
1352907048225300480,EH Bildu TP
1352902054847664128,EH Bildu TP
1352613767717249027,EH Bildu TP
1352305462469918722,EH Bildu TP
1352171400707141635,EH Bildu TP
1352165153018683392,EH Bildu TP
1351834071199047680,EH Bildu TP
1351829087921303555,EH Bildu TP
1351639647051522049,EH Bildu TP
1351204872679522304,EH Bildu TP
1351132696647499781,EH Bildu TP
1351085902911705090,EH Bildu TP
1350756867035836419,EH Bildu TP
1350731012733603841,EH Bildu TP
1350096860317437952,EH Bildu TP
1349724215344312322,EH Bildu TP
1349070032345722883,EH Bildu TP
1348642637063053314,EH Bildu TP
1347972081535885312,EH Bildu TP
1347879147381653509,EH Bildu TP
1347221304529874947,EH Bildu TP
1347117923849142273,EH Bildu TP
1346838462671024133,EH Bildu TP
1346777319315304449,EH Bildu TP
1346775745335586818,EH Bildu TP
1346771389764796416,EH Bildu TP
1346769326548905985,EH Bildu TP
1346469710519386112,EH Bildu TP
1346066881564831750,EH Bildu TP
1345087180222455814,EH Bildu TP
1353987797380689923,EH Bildu TP
1353093109199024129,EH Bildu TP
1351436202109501440,EH Bildu TP
1369041423979397121,EH Bildu TP
1369039453134725120,EH Bildu TP
1369037204627087361,EH Bildu TP
1367123178355646472,EH Bildu TP
1367052322086547459,EH Bildu TP
1361365573142269957,EH Bildu TP
1361349858565718018,EH Bildu TP
1361328451895103493,EH Bildu TP
1359452788795854848,EH Bildu TP
1358378500038737925,EH Bildu TP
1358117469404168192,EH Bildu TP
1357685830484185089,EH Bildu TP
1357685828215058432,EH Bildu TP
1357685821042794501,EH Bildu TP
1357685812910039046,EH Bildu TP
1357679707379089410,EH Bildu TP
1356681419314122754,EH Bildu TP
1354096339383152641,EH Bildu TP
1354090923156774912,EH Bildu TP
1353687910894219264,EH Bildu TP
1353624680377278464,EH Bildu TP
1351923955536375813,EH Bildu TP
1349086274439802880,EH Bildu TP
1348356146197835777,EH Bildu TP
1348356138509729794,EH Bildu TP
1348356131685601282,EH Bildu TP
1347991740486201350,EH Bildu TP
1369602042243715073,VP-C TP
1369237105860354050,VP-C TP
1369044313393541127,VP-C TP
1366439338356137987,VP-C TP
1365966506618744833,VP-C TP
1365565035855163395,VP-C TP
1365414577048088582,VP-C TP
1365332994664370182,VP-C TP
1364244660722483200,VP-C TP
1363808431040266246,VP-C TP
1363498185939943424,VP-C TP
1362460451674669059,VP-C TP
1361288837834690561,VP-C TP
1360895219374424064,VP-C TP
1360888455035842562,VP-C TP
1360693029313654786,VP-C TP
1360610596417400838,VP-C TP
1360532070330757122,VP-C TP
1360523398414221312,VP-C TP
1359606463442939906,VP-C TP
1359074512181096448,VP-C TP
1358077536819896321,VP-C TP
1357090141073006593,VP-C TP
1356682212163338242,VP-C TP
1356225663523557383,VP-C TP
1356204834878349316,VP-C TP
1355296041495621633,VP-C TP
1355268979661615112,VP-C TP
1355217152069038085,VP-C TP
1354145658719129600,VP-C TP
1353957248012267521,VP-C TP
1369597171062996995,VP-C TP
1368860045912444928,VP-C TP
1368849448135241729,VP-C TP
1365610056608337920,VP-C TP
1361776537691959296,VP-C TP
1361203712874708995,VP-C TP
1360188942444814339,VP-C TP
1360186288138309633,VP-C TP
1359465440599302144,VP-C TP
1358387985797021702,VP-C TP
1357976179370848256,VP-C TP
1357256817156501504,VP-C TP
1356180970223841281,VP-C TP
1354733349290598402,VP-C TP
1354388649287278594,VP-C TP
1354100984436436992,VP-C TP
1353292734623338498,VP-C TP
1353290913955643392,VP-C TP
1352881139762032640,VP-C TP
1351978042617442304,VP-C TP
1351587978020270081,VP-C TP
1351084185616838667,VP-C TP
1350709840256102400,VP-C TP
1350023993043132418,VP-C TP
1349437574973067265,VP-C TP
1349260617568444416,VP-C TP
1348212411820634112,VP-C TP
1346033991690964993,VP-C TP
1345409628151181315,VP-C TP
1344965528448864257,VP-C TP
1369652504196169730,EP-IU TP
1369652159193743361,EP-IU TP
1369651230226722816,EP-IU TP
1369651051243184128,EP-IU TP
1369650757704814597,EP-IU TP
1369394583826796551,EP-IU TP
1369392421562425345,EP-IU TP
1369344742148947979,EP-IU TP
1369344184923136003,EP-IU TP
1369344071718875145,EP-IU TP
1369326325647937536,EP-IU TP
1369326195456741379,EP-IU TP
1369322942430085125,EP-IU TP
1369322650443583488,EP-IU TP
1369320011156881415,EP-IU TP
1369315508407910402,EP-IU TP
1369314043333406727,EP-IU TP
1369311685249499140,EP-IU TP
1369310474106507275,EP-IU TP
1369310046119735304,EP-IU TP
1369308062809546752,EP-IU TP
1369302597522325510,EP-IU TP
1369301276241125377,EP-IU TP
1369186495853125632,EP-IU TP
1369040409884770304,EP-IU TP
1369024931514748928,EP-IU TP
1369005901034749958,EP-IU TP
1369004898348568577,EP-IU TP
1369002564906332170,EP-IU TP
1368920009343447042,EP-IU TP
1368918840361553923,EP-IU TP
1368817537425805312,EP-IU TP
1368817189420216321,EP-IU TP
1368632202246975489,EP-IU TP
1368605774319063040,EP-IU TP
1368601420958756866,EP-IU TP
1368599222430359553,EP-IU TP
1368597745775374337,EP-IU TP
1368594519969705988,EP-IU TP
1368472116421668867,EP-IU TP
1368222350655827973,EP-IU TP
1368216762249064448,EP-IU TP
1368211197699440641,EP-IU TP
1368128247049973760,EP-IU TP
1368127925086740484,EP-IU TP
1368115304900014080,EP-IU TP
1368112742062817280,EP-IU TP
1367964741273083915,EP-IU TP
1367948272850108424,EP-IU TP
1367943247893573637,EP-IU TP
1367942593296875520,EP-IU TP
1367909683168698372,EP-IU TP
1367907717587873793,EP-IU TP
1367892328090832901,EP-IU TP
1367890651942158344,EP-IU TP
1367845564071739392,EP-IU TP
1367844882275045377,EP-IU TP
1367825474756444160,EP-IU TP
1367824540680749056,EP-IU TP
1367722630942502914,EP-IU TP
1367572718774865924,EP-IU TP
1367572444974833670,EP-IU TP
1367475685615403008,EP-IU TP
1367364883310854144,EP-IU TP
1369620922001465345,EP-IU TP
1368886134198112258,EP-IU TP
1368821680576036864,EP-IU TP
1368526940878036992,EP-IU TP
1368484486866931712,EP-IU TP
1367932627043418115,EP-IU TP
1367903898309165059,EP-IU TP
1367783723329064961,EP-IU TP
1367439040279162886,EP-IU TP
1367439036575584260,EP-IU TP
1367419832854003717,EP-IU TP
1367224282959536131,EP-IU TP
1367149523848597506,EP-IU TP
1367057144252628993,EP-IU TP
1367024546201632769,EP-IU TP
1366853362801590275,EP-IU TP
1366836893070094340,EP-IU TP
1366296866162286592,EP-IU TP
1365346667134861318,EP-IU TP
1365299817078026241,EP-IU TP
1365273099642544129,EP-IU TP
1363833435912081411,EP-IU TP
1363755526279098368,EP-IU TP
1363486827257225223,EP-IU TP
1363242350080843779,EP-IU TP
1363172209284567040,EP-IU TP
1363035152918732800,EP-IU TP
1362720537240346624,EP-IU TP
1362709119313051649,EP-IU TP
1362423641858793472,EP-IU TP
1362355946354278402,EP-IU TP
1362141051784486912,EP-IU TP
1362051344421552140,EP-IU TP
1362039516824010758,EP-IU TP
1362007990065324039,EP-IU TP
1361949625431838721,EP-IU TP
1361633271948394496,EP-IU TP
1361052082103586817,EP-IU TP
1360286400650870787,EP-IU TP
1359825538471362562,EP-IU TP
1359781050621296641,EP-IU TP
1359423376234844161,EP-IU TP
1358132107256729600,EP-IU TP
1358115946217488390,EP-IU TP
1357640559721078784,EP-IU TP
1357344142578253830,EP-IU TP
1356891668960731138,EP-IU TP
1356266616086999049,EP-IU TP
1355129727518973954,EP-IU TP
1354761050139275265,EP-IU TP
1354687399390040066,EP-IU TP
1354483154682335236,EP-IU TP
1354423329671753728,EP-IU TP
1354044710264967168,EP-IU TP
1354004993741905921,EP-IU TP
1353734377658789898,EP-IU TP
1353656400828887040,EP-IU TP
1353305412855091200,EP-IU TP
1352198071657103364,EP-IU TP
1350743317064151042,EP-IU TP
1350447729789591552,EP-IU TP
1350416692363464706,EP-IU TP
1350416140644847616,EP-IU TP
1350045437894553600,EP-IU TP
1349967979719651329,EP-IU TP
1349775417058734080,EP-IU TP
1349324753291640832,EP-IU TP
1349317125958152192,EP-IU TP
1349055577016692736,EP-IU TP
1349055573954854915,EP-IU TP
1349048868709785601,EP-IU TP
1349048867153707008,EP-IU TP
1348652894019608582,EP-IU TP
1348344647702245379,EP-IU TP
1347458137318682624,EP-IU TP
1347456768822153216,EP-IU TP
1347455566109663233,EP-IU TP
1347455240044503041,EP-IU TP
1347454666024615936,EP-IU TP
1347453931467767809,EP-IU TP
1347448457246744581,EP-IU TP
1347271829258461186,EP-IU TP
1347233352269631491,EP-IU TP
1347104941337440258,EP-IU TP
1347103766974242817,EP-IU TP
1347102864460623872,EP-IU TP
1347102205917204480,EP-IU TP
1347098813283119105,EP-IU TP
1347078528349708288,EP-IU TP
1346930188651798530,EP-IU TP
1346924365363912704,EP-IU TP
1352204261430599681,EA-NV TP
1368168532521984008,EP-IU TP
1367160595485704194,EP-IU TP
1367157243616112643,EP-IU TP
1366836321726189570,EP-IU TP
1366423859667345411,EP-IU TP
1366114518808616961,EP-IU TP
1365677216961495051,EP-IU TP
1365345117264109576,EP-IU TP
1364936043389140992,EP-IU TP
1364490054362685441,EP-IU TP
1362739208268439554,EP-IU TP
1361618057815293953,EP-IU TP
1359547570629058563,EP-IU TP
1357758057464401921,EP-IU TP
1357444800706977804,EP-IU TP
1357373772068753409,EP-IU TP
1357350147248828416,EP-IU TP
1356705863336083456,EP-IU TP
1356649365742514178,EP-IU TP
1356291284042919936,EP-IU TP
1356288844694511619,EP-IU TP
1355593280117997569,EP-IU TP
1355542154685378562,EP-IU TP
1355465985877303297,EP-IU TP
1355197769305247744,EP-IU TP
1354406049177096193,EP-IU TP
1354403191685869569,EP-IU TP
1354132136559783937,EP-IU TP
1353386165521539072,EP-IU TP
1369007215068250125,EH Bildu TP
1367831675217002498,EH Bildu TP
1367831311499603972,EH Bildu TP
1367822131061460993,EH Bildu TP
1367821682723979266,EH Bildu TP
1367002953261985802,EH Bildu TP
1366824242080325639,EH Bildu TP
1365633595742814212,EH Bildu TP
1365633047798964226,EH Bildu TP
1365069062741635073,EH Bildu TP
1364902125432680449,EH Bildu TP
1364516689866608641,EH Bildu TP
1363229750513324032,EH Bildu TP
1363056247625416707,EH Bildu TP
1361391383446245378,EH Bildu TP
1361084302277115910,EH Bildu TP
1360702032492036100,EH Bildu TP
1360700538841686017,EH Bildu TP
1360669269323882505,EH Bildu TP
1359895926232518657,EH Bildu TP
1359134454493626376,EH Bildu TP
1359132630281814017,EH Bildu TP
1358003631736446978,EH Bildu TP
1357672401148993537,EH Bildu TP
1357672247817830400,EH Bildu TP
1356920468515782659,EH Bildu TP
1356920448370544640,EH Bildu TP
1353713824566796289,EH Bildu TP
1353713645415489536,EH Bildu TP
1352970985985728515,EH Bildu TP
1352970950392819713,EH Bildu TP
1352970254104858626,EH Bildu TP
1352970184361988097,EH Bildu TP
1352635533705568260,EH Bildu TP
1352635104812818434,EH Bildu TP
1352613616596475905,EH Bildu TP
1352613353823334403,EH Bildu TP
1351896467208892417,EH Bildu TP
1351894645970759683,EH Bildu TP
1351583341234032642,EH Bildu TP
1350874570396467201,EH Bildu TP
1350397298493239296,EH Bildu TP
1349725678766182400,EH Bildu TP
1349725462172352520,EH Bildu TP
1349000708985651209,EH Bildu TP
1348629647903379456,EH Bildu TP
1348629555699978243,EH Bildu TP
1347995035581767683,EH Bildu TP
1347983217584992257,EH Bildu TP
1347879014996783104,EH Bildu TP
1347809675480358912,EH Bildu TP
1347267577408598031,EH Bildu TP
1345719601649348609,EH Bildu TP
1345106191412834312,EH Bildu TP
1345094596368494594,EH Bildu TP
1369369186271703040,EH Bildu TP
1369322521586241549,EH Bildu TP
1368840008006852609,EH Bildu TP
1368241044337397760,EH Bildu TP
1368191155989585928,EH Bildu TP
1368110911165173761,EH Bildu TP
1367951454695211010,EH Bildu TP
1367947050189459459,EH Bildu TP
1367893210790588416,EH Bildu TP
1367503215605014534,EH Bildu TP
1367389375571648512,EH Bildu TP
1367217919231471627,EH Bildu TP
1366764479506239495,EH Bildu TP
1366660618716127232,EH Bildu TP
1366417044816732163,EH Bildu TP
1366042616412991492,EH Bildu TP
1366022149216026624,EH Bildu TP
1365658980140412929,EH Bildu TP
1365218683522592776,EH Bildu TP
1365213724475334656,EH Bildu TP
1365027684561129473,EH Bildu TP
1364604083676606466,EH Bildu TP
1364600110114627586,EH Bildu TP
1364536076505907200,EH Bildu TP
1364534813017923591,EH Bildu TP
1364298974484705284,EH Bildu TP
1363972950957973506,EH Bildu TP
1363414004924841986,EH Bildu TP
1363131168007274503,EH Bildu TP
1363128681158356994,EH Bildu TP
1363092431172993025,EH Bildu TP
1362754469658849281,EH Bildu TP
1362399063971401730,EH Bildu TP
1362395169740517379,EH Bildu TP
1362163928747421700,EH Bildu TP
1362155410623516675,EH Bildu TP
1362119173267161088,EH Bildu TP
1361791462363586565,EH Bildu TP
1361790755342319618,EH Bildu TP
1361789476637392901,EH Bildu TP
1361769387091521540,EH Bildu TP
1361768618363670533,EH Bildu TP
1361756089419767810,EH Bildu TP
1361590265216184321,EH Bildu TP
1361339912633675784,EH Bildu TP
1361077032231329792,EH Bildu TP
1361042686896181252,EH Bildu TP
1361021481287835658,EH Bildu TP
1360962430608830470,EH Bildu TP
1360961710039969792,EH Bildu TP
1360687135179890693,EH Bildu TP
1360682228200706048,EH Bildu TP
1360600082383568896,EH Bildu TP
1360598158984810496,EH Bildu TP
1360305261697658880,EH Bildu TP
1360290286375743488,EH Bildu TP
1359767647710232577,EH Bildu TP
1359756056549818369,EH Bildu TP
1359550333941334018,EH Bildu TP
1359507155716571142,EH Bildu TP
1358878938139930624,EH Bildu TP
1358869724441018370,EH Bildu TP
1358866713908043784,EH Bildu TP
1358425275093155844,EH Bildu TP
1358403800739020806,EH Bildu TP
1358120632878305281,EH Bildu TP
1358051356846743552,EH Bildu TP
1358049003875823623,EH Bildu TP
1358048690003410944,EH Bildu TP
1357714987511390210,EH Bildu TP
1356847499693207553,EH Bildu TP
1356710201802555398,EH Bildu TP
1356695889247686657,EH Bildu TP
1356690000797130752,EH Bildu TP
1356683242766753796,EH Bildu TP
1356674826828738565,EH Bildu TP
1356650400816988161,EH Bildu TP
1356343866966880270,EH Bildu TP
1356230337416802305,EH Bildu TP
1355981939145134086,EH Bildu TP
1355596230462738433,EH Bildu TP
1355479171082952707,EH Bildu TP
1355239448787759107,EH Bildu TP
1355232021115764738,EH Bildu TP
1355121507505201153,EH Bildu TP
1355109056986406913,EH Bildu TP
1355107432696049664,EH Bildu TP
1354875437470642176,EH Bildu TP
1354682712620195841,EH Bildu TP
1354524445801635850,EH Bildu TP
1354520898737496064,EH Bildu TP
1369236098640134146,VP-C TP
1369204226409299972,VP-C TP
1368483823932030979,VP-C TP
1368221385651290118,VP-C TP
1367608517432066050,VP-C TP
1367408258483449856,VP-C TP
1366455756829114376,VP-C TP
1366105840399364104,VP-C TP
1365781295553540096,VP-C TP
1365345324823433221,VP-C TP
1364978814728744962,VP-C TP
1364857721258979330,VP-C TP
1364463283693101056,VP-C TP
1364184305812058119,VP-C TP
1363587756820213767,VP-C TP
1363511837657096195,VP-C TP
1363243725019877383,VP-C TP
1363088803146137601,VP-C TP
1362796624221769732,VP-C TP
1362173328186875904,VP-C TP
1362034390893756425,VP-C TP
1361749755152502791,VP-C TP
1361731479424892930,VP-C TP
1361634273757966337,VP-C TP
1360908153047629827,VP-C TP
1360895578574647297,VP-C TP
1360706973503733776,VP-C TP
1360578765240340481,VP-C TP
1360262633639845888,VP-C TP
1359788371455918080,VP-C TP
1359538129770868738,VP-C TP
1359217133524287495,VP-C TP
1359125161765728256,VP-C TP
1359070548815466498,VP-C TP
1358839943192313867,VP-C TP
1358462575848132608,VP-C TP
1358025785756573698,VP-C TP
1357716732752908296,VP-C TP
1357640515408302081,VP-C TP
1357407480633053193,VP-C TP
1357274682907648003,VP-C TP
1356935962136313857,VP-C TP
1356673179943645184,VP-C TP
1356569198693146624,VP-C TP
1355178083603668994,VP-C TP
1355115517800046593,VP-C TP
1354385735999217666,VP-C TP
1354136683038584834,VP-C TP
1353723673358827522,VP-C TP
1353296968462831617,VP-C TP
1353280108027588609,VP-C TP
1352986101347201026,VP-C TP
1352952190340575234,VP-C TP
1352199472164573185,VP-C TP
1352186820910600193,VP-C TP
1352180793569910786,VP-C TP
1351926413440524295,VP-C TP
1351842563821596672,VP-C TP
1351800557112066048,VP-C TP
1351532288828432387,VP-C TP
1350935643153715202,VP-C TP
1349491033906798594,VP-C TP
1348216984664735746,VP-C TP
1347131862452477952,VP-C TP
1347127061455003648,VP-C TP
1346387640371847168,VP-C TP
1344995594495004672,VP-C TP
1369382725019459587,EH Bildu TP
1369042004286570498,EH Bildu TP
1369025447154094082,EH Bildu TP
1369023677321383942,EH Bildu TP
1369021144293113856,EH Bildu TP
1368965998930505729,EH Bildu TP
1368813447014735873,EH Bildu TP
1368812036260528130,EH Bildu TP
1368633327381577728,EH Bildu TP
1365257726025211905,EH Bildu TP
1364963887146299398,EH Bildu TP
1364501966060191745,EH Bildu TP
1363098252091027462,EH Bildu TP
1362774887853658123,EH Bildu TP
1362452089209843718,EH Bildu TP
1362446258342928389,EH Bildu TP
1362159213233995778,EH Bildu TP
1361331968349270021,EH Bildu TP
1361045329345445889,EH Bildu TP
1358408587643650048,EH Bildu TP
1357972066981580804,EH Bildu TP
1357067934607306758,EH Bildu TP
1357053215121027074,EH Bildu TP
1357014858055704579,EH Bildu TP
1356842442176217090,EH Bildu TP
1356695540294168590,EH Bildu TP
1356537973945344001,EH Bildu TP
1354141612239163398,EH Bildu TP
1353791896288698368,EH Bildu TP
1352710819981762560,EH Bildu TP
1352658626087944196,EH Bildu TP
1352019172394491905,EH Bildu TP
1352009576913260544,EH Bildu TP
1351853163247239170,EH Bildu TP
1351642715235241987,EH Bildu TP
1351618427585261568,EH Bildu TP
1351617612472528897,EH Bildu TP
1350509236531433477,EH Bildu TP
1350211526263767043,EH Bildu TP
1350148282111188994,EH Bildu TP
1349651901411979264,EH Bildu TP
1349650617988476929,EH Bildu TP
1349645829330632707,EH Bildu TP
1349645506285285378,EH Bildu TP
1349645290991742976,EH Bildu TP
1349010800984403976,EH Bildu TP
1348735215531925506,EH Bildu TP
1348733963884494854,EH Bildu TP
1348732808164990983,EH Bildu TP
1348732620306325511,EH Bildu TP
1347947372253425664,EH Bildu TP
1347877834761658371,EH Bildu TP
1347583748318113792,EH Bildu TP
1347564627308269574,EH Bildu TP
1347266954831265800,EH Bildu TP
1347206793315950592,EH Bildu TP
1346919398431469568,EH Bildu TP
1345794145529507840,EH Bildu TP
1368711891535753219,EA-NV TP
1365309432893222916,EA-NV TP
1365309344716369927,EA-NV TP
1365308268428414982,EA-NV TP
1362402090824392706,EA-NV TP
1359589079520841733,EA-NV TP
1359456818079141888,EA-NV TP
1359133119140528129,EA-NV TP
1358875223211311104,EA-NV TP
1353806052614152193,EA-NV TP
1353053535148105728,EA-NV TP
1353004521451122688,EA-NV TP
1352206946070364163,EA-NV TP
1351836821739753479,EA-NV TP
1363540968755109891,VP-C TP
1363424579218251777,VP-C TP
1357432529922490371,VP-C TP
1357304013138624513,VP-C TP
1356582799160057857,VP-C TP
1360697426596741125,EA-NV TP
1369660466318938115,EH Bildu TP
1369604490979119105,EH Bildu TP
1369034125416468485,EH Bildu TP
1368624953361317888,EH Bildu TP
1365698696382406656,EH Bildu TP
1365258590651617285,EH Bildu TP
1363942774740045826,EH Bildu TP
1363865902509395971,EH Bildu TP
1362757762250403841,EH Bildu TP
1362755164478836742,EH Bildu TP
1362035572584419329,EH Bildu TP
1359815232605020160,EH Bildu TP
1359813976541048832,EH Bildu TP
1359794503520034816,EH Bildu TP
1359425436829290497,EH Bildu TP
1358333449535447040,EH Bildu TP
1358023303491952645,EH Bildu TP
1354429651565867011,EH Bildu TP
1353986384831381505,EH Bildu TP
1353288177310715906,EH Bildu TP
1353233029909639168,EH Bildu TP
1351976877355913216,EH Bildu TP
1350690423895961600,EH Bildu TP
1349418714198913026,EH Bildu TP
1349317152327802880,EH Bildu TP
1347987314119737344,EH Bildu TP
1347819598096306176,EH Bildu TP
1347818218849787905,EH Bildu TP
1347173725087674370,EH Bildu TP
1346766774646272002,EH Bildu TP
1369011173186748416,Mixto TP
1368903116205219842,Mixto TP
1368551999625719813,Mixto TP
1368540522994884613,Mixto TP
1368176985529327618,Mixto TP
1367922174548455427,Mixto TP
1367781949729894401,Mixto TP
1367510659559260168,Mixto TP
1366656245357248513,Mixto TP
1366142560062865408,Mixto TP
1365976485534834689,Mixto TP
1364970214732029955,Mixto TP
1364908125212594178,Mixto TP
1364903458604736513,Mixto TP
1364879473036902401,Mixto TP
1364599708526731270,Mixto TP
1364562446510411778,Mixto TP
1363989172143480842,Mixto TP
1363501587944132611,Mixto TP
1363452800118751232,Mixto TP
1363207214819852289,Mixto TP
1363147672379662341,Mixto TP
1363117362908643330,Mixto TP
1363100386467405824,Mixto TP
1363098175834370049,Mixto TP
1363096696985681921,Mixto TP
1363094019149078533,Mixto TP
1362454035593383941,Mixto TP
1362088078899351552,Mixto TP
1362086609760444416,Mixto TP
1361167172295397379,Mixto TP
1360965547471630338,Mixto TP
1360533946342273030,Mixto TP
1360284410273280001,Mixto TP
1359631411771301891,Mixto TP
1359439742945947649,Mixto TP
1359158274512330760,Mixto TP
1358379936411770883,Mixto TP
1358216937868779521,Mixto TP
1358162359018266632,Mixto TP
1357802401470828544,Mixto TP
1357757181257515012,Mixto TP
1357740107307110407,Mixto TP
1357738632866586626,Mixto TP
1357674662646460421,Mixto TP
1357634903928619008,Mixto TP
1357376927221354497,Mixto TP
1357374588947222528,Mixto TP
1357313547722772480,Mixto TP
1357252056223019009,Mixto TP
1357251167223431169,Mixto TP
1356718295802646533,Mixto TP
1356671797761048581,Mixto TP
1355941669938606081,Mixto TP
1355876097309736964,Mixto TP
1355857782759698434,Mixto TP
1355658065366970374,Mixto TP
1355638413467283460,Mixto TP
1355629003168747529,Mixto TP
1355626855550889988,Mixto TP
1355623951318347779,Mixto TP
1355598548197367809,Mixto TP
1355587578326642690,Mixto TP
1355585338450837506,Mixto TP
1355584617638748161,Mixto TP
1355135439137628161,Mixto TP
1354802455997870089,Mixto TP
1354726270857318402,Mixto TP
1354385604059013121,Mixto TP
1354371880401121282,Mixto TP
1353855426236968960,Mixto TP
1353685139918905346,Mixto TP
1353308429830541314,Mixto TP
1351897714829750274,Mixto TP
1349047713313267714,Mixto TP
1346932190806896640,Mixto TP
1369622999113101313,EP-IU TP
1369608562440306689,EP-IU TP
1369430159296786433,EP-IU TP
1369403926135586826,EP-IU TP
1369345405826240520,EP-IU TP
1369243192789508098,EP-IU TP
1369200183268028419,EP-IU TP
1369199287888994307,EP-IU TP
1368986453003427841,EP-IU TP
1368946285311627264,EP-IU TP
1368848064547614720,EP-IU TP
1368843882197291011,EP-IU TP
1368843346668568578,EP-IU TP
1368611956488343553,EP-IU TP
1368290631651622913,EP-IU TP
1368257379104657408,EP-IU TP
1368198811739451396,EP-IU TP
1367957992713420800,EP-IU TP
1367564994846588939,EP-IU TP
1367494000110927878,EP-IU TP
1367477867291041797,EP-IU TP
1367115869768347653,EP-IU TP
1367114893250412544,EP-IU TP
1367109280873263104,EP-IU TP
1367103827015589900,EP-IU TP
1366863716369760259,EP-IU TP
1366710525988585475,EP-IU TP
1366392903208165380,EP-IU TP
1366392087109906434,EP-IU TP
1366365693143318530,EP-IU TP
1366365088278589445,EP-IU TP
1366121314537398274,EP-IU TP
1365393690785628161,EP-IU TP
1365224849220763648,EP-IU TP
1364932237251256326,EP-IU TP
1364924706785292289,EP-IU TP
1364489440450797571,EP-IU TP
1364226392817197067,EP-IU TP
1363901697941192704,EP-IU TP
1363815782573109252,EP-IU TP
1363810023512698882,EP-IU TP
1363782593712447490,EP-IU TP
1363780397373546498,EP-IU TP
1363750537485770758,EP-IU TP
1362864737353162756,EP-IU TP
1362851367891718147,EP-IU TP
1362845379272863752,EP-IU TP
1362682424585551877,EP-IU TP
1362681924418945024,EP-IU TP
1362649655927058432,EP-IU TP
1362517081892261893,EP-IU TP
1362492595411255304,EP-IU TP
1362399124411342851,EP-IU TP
1362361016701566978,EP-IU TP
1362306552695316480,EP-IU TP
1362162739976806404,EP-IU TP
1361932774068916227,EP-IU TP
1361782196307173378,EP-IU TP
1361731261686022146,EP-IU TP
1361721052787859463,EP-IU TP
1361695599603703811,EP-IU TP
1361423254611783683,EP-IU TP
1361423177860014080,EP-IU TP
1361421393066266625,EP-IU TP
1361084148094545924,EP-IU TP
1360253591638986754,EP-IU TP
1360212561317269505,EP-IU TP
1359974332173348868,EP-IU TP
1359918120253677572,EP-IU TP
1359877460385554437,EP-IU TP
1359847144220418048,EP-IU TP
1359607858321633284,EP-IU TP
1359556705189847047,EP-IU TP
1359555392594919428,EP-IU TP
1359190101734158336,EP-IU TP
1359189584941375488,EP-IU TP
1359189580050751489,EP-IU TP
1358814702349017091,EP-IU TP
1358740687324409858,EP-IU TP
1358156343375515651,EP-IU TP
1357987062285221889,EP-IU TP
1357696328441159681,EP-IU TP
1357344827050917892,EP-IU TP
1357213165298339840,EP-IU TP
1357053761299111936,EP-IU TP
1357037046469115910,EP-IU TP
1357012947567075332,EP-IU TP
1356916397956284420,EP-IU TP
1356730353306767366,EP-IU TP
1356184148466151425,EP-IU TP
1356181661487128577,EP-IU TP
1369313834826149895,EH Bildu TP
1369244031583215617,EH Bildu TP
1369235499634855939,EH Bildu TP
1369235444366532616,EH Bildu TP
1369216680728100871,EH Bildu TP
1368661199198490629,EH Bildu TP
1368637554745020419,EH Bildu TP
1368257248779264007,EH Bildu TP
1368084696157061120,EH Bildu TP
1367950439547891712,EH Bildu TP
1367945756448092160,EH Bildu TP
1367945755311407107,EH Bildu TP
1367945750194360328,EH Bildu TP
1367945745911996416,EH Bildu TP
1367945743022096386,EH Bildu TP
1367878076416352256,EH Bildu TP
1367872131925762057,EH Bildu TP
1367832391235100678,EH Bildu TP
1367506696378155009,EH Bildu TP
1367504474869227521,EH Bildu TP
1367402184376131589,EH Bildu TP
1367397390727196677,EH Bildu TP
1367391743453368322,EH Bildu TP
1367098535305506818,EH Bildu TP
1367032890232631297,EH Bildu TP
1366684538286579712,EH Bildu TP
1366684138078687234,EH Bildu TP
1366680082534854660,EH Bildu TP
1366677762304532480,EH Bildu TP
1366677198120361988,EH Bildu TP
1365219146083016704,EH Bildu TP
1364873423135072256,EH Bildu TP
1364686552056672265,EH Bildu TP
1363097997752627203,EH Bildu TP
1363092410981642242,EH Bildu TP
1363091664844300288,EH Bildu TP
1362763844309970953,EH Bildu TP
1362717183667802117,EH Bildu TP
1362686529295044609,EH Bildu TP
1362676442966941697,EH Bildu TP
1362515513692352520,EH Bildu TP
1362500993221619714,EH Bildu TP
1362426172366331904,EH Bildu TP
1362422741199110144,EH Bildu TP
1362386132059774979,EH Bildu TP
1362374415938379776,EH Bildu TP
1362355295272505346,EH Bildu TP
1362341689055207424,EH Bildu TP
1362334403184259072,EH Bildu TP
1362320209311334400,EH Bildu TP
1362154320611971077,EH Bildu TP
1362147443694071811,EH Bildu TP
1362147195101851662,EH Bildu TP
1362130326559023105,EH Bildu TP
1362126140043907081,EH Bildu TP
1362083958461255683,EH Bildu TP
1361691373049675776,EH Bildu TP
1361682203722326017,EH Bildu TP
1361680382861705219,EH Bildu TP
1361677404364824578,EH Bildu TP
1361615550443622400,EH Bildu TP
1361415367105515524,EH Bildu TP
1361415276898643968,EH Bildu TP
1361383512847310857,EH Bildu TP
1361379085767897089,EH Bildu TP
1361312959704797184,EH Bildu TP
1361253020131033089,EH Bildu TP
1360899251979636736,EH Bildu TP
1360684175125340161,EH Bildu TP
1360151969000742912,EH Bildu TP
1359808906474770432,EH Bildu TP
1359806195326935040,EH Bildu TP
1359795466960044034,EH Bildu TP
1359492577653903362,EH Bildu TP
1359396391919976450,EH Bildu TP
1359196385535475717,EH Bildu TP
1359194985975984133,EH Bildu TP
1359191502694592513,EH Bildu TP
1359096767665623044,EH Bildu TP
1359066967605456902,EH Bildu TP
1358389386451308552,EH Bildu TP
1358155881951744006,EH Bildu TP
1358062649670574082,EH Bildu TP
1358052362967990272,EH Bildu TP
1358013818979442688,EH Bildu TP
1357254692653383681,EH Bildu TP
1356660799864008708,EH Bildu TP
1356590703040737280,EH Bildu TP
1356310173279772673,EH Bildu TP
1356284414091808770,EH Bildu TP
1356278208191221760,EH Bildu TP
1356277725993037825,EH Bildu TP
1356277332252745728,EH Bildu TP
1356249195229884421,EH Bildu TP
1356167774473695234,EH Bildu TP
1355893836833300484,EH Bildu TP
1355859789411192836,EH Bildu TP
1355813605783072768,EH Bildu TP
1355212953126105088,EH Bildu TP
1355185255754428416,EH Bildu TP
1355155529681793028,EH Bildu TP
1355137555608596482,EH Bildu TP
1355120300715814913,EH Bildu TP
1355069002511429634,EH Bildu TP
1354801952882716678,EH Bildu TP
1354798614460166145,EH Bildu TP
1354796864869117952,EH Bildu TP
1354748184405413888,EH Bildu TP
1354747615250944000,EH Bildu TP
1354721144558018561,EH Bildu TP
1354456637935857667,EH Bildu TP
1354445356554219523,EH Bildu TP
1353694173396922375,EH Bildu TP
1353691632491761670,EH Bildu TP
1353680454847770626,EH Bildu TP
1353680103033679876,EH Bildu TP
1353679944266752000,EH Bildu TP
1353679673943859200,EH Bildu TP
1353642253076594689,EH Bildu TP
1353626491884613634,EH Bildu TP
1369670806104576002,SV-ES TP
1369670125222248448,SV-ES TP
1369669549952483339,SV-ES TP
1369650334856011780,SV-ES TP
1369602778797113344,SV-ES TP
1369379700066447361,SV-ES TP
1369284842727346189,SV-ES TP
1360935561817690117,EH Bildu TP
1364180684282224646,SV-ES TP
1363545008066990083,SV-ES TP
1361274729181704192,SV-ES TP
1353694281295343617,SV-ES TP
1352989804816961536,SV-ES TP
1352986336567959553,SV-ES TP
1352357883330105345,SV-ES TP
1349064158956937216,SV-ES TP
1347184963221917697,SV-ES TP
1369329808681877513,EH Bildu TP
1368873775270346753,EH Bildu TP
1366480842873257984,EH Bildu TP
1366480642930835460,EH Bildu TP
1366361647699398656,EH Bildu TP
1366357255155769344,EH Bildu TP
1366033540966711298,EH Bildu TP
1365949107529998337,EH Bildu TP
1365948953951416320,EH Bildu TP
1365948793351516160,EH Bildu TP
1365948758723297280,EH Bildu TP
1365948713793957896,EH Bildu TP
1365941769825906688,EH Bildu TP
1365941700636643332,EH Bildu TP
1365941618000482310,EH Bildu TP
1365941540619759617,EH Bildu TP
1365941392237854720,EH Bildu TP
1365941334020939778,EH Bildu TP
1365941283630505988,EH Bildu TP
1365941201803882496,EH Bildu TP
1365940908164718593,EH Bildu TP
1365939738872606721,EH Bildu TP
1365939206229549058,EH Bildu TP
1365937751628148736,EH Bildu TP
1365936497699024901,EH Bildu TP
1365936371924353024,EH Bildu TP
1365936291016306688,EH Bildu TP
1365936220379955200,EH Bildu TP
1365936133515972608,EH Bildu TP
1365935810202263560,EH Bildu TP
1365935421822238720,EH Bildu TP
1365935267484426246,EH Bildu TP
1365935196659462144,EH Bildu TP
1365934934674784260,EH Bildu TP
1365934812683460611,EH Bildu TP
1365934759097073666,EH Bildu TP
1365934685868720128,EH Bildu TP
1365934649743204353,EH Bildu TP
1365934513034063879,EH Bildu TP
1365934458227077122,EH Bildu TP
1365934328065228804,EH Bildu TP
1365760010479951875,EH Bildu TP
1365759941726916608,EH Bildu TP
1365758617476022281,EH Bildu TP
1365705990604120065,EH Bildu TP
1365702119353966594,EH Bildu TP
1365701781087485956,EH Bildu TP
1365701700313563140,EH Bildu TP
1365701549415161866,EH Bildu TP
1365701375020199937,EH Bildu TP
1365701246368288771,EH Bildu TP
1365700936501514242,EH Bildu TP
1365700558892498944,EH Bildu TP
1365700133195759618,EH Bildu TP
1365700026429829122,EH Bildu TP
1365697179252387841,EH Bildu TP
1365696855439466503,EH Bildu TP
1365696792474583044,EH Bildu TP
1365695645106003971,EH Bildu TP
1365695298199318538,EH Bildu TP
1365695181505384453,EH Bildu TP
1365694948889284612,EH Bildu TP
1365694863375761416,EH Bildu TP
1365694728386314246,EH Bildu TP
1365693297520488448,EH Bildu TP
1365685500762292233,EH Bildu TP
1365674971557675009,EH Bildu TP
1365674903169626118,EH Bildu TP
1365674417272070146,EH Bildu TP
1365674317686730754,EH Bildu TP
1365674260878999558,EH Bildu TP
1365674227114921991,EH Bildu TP
1365674110098014212,EH Bildu TP
1365672996246065157,EH Bildu TP
1365672829497315346,EH Bildu TP
1365672555630190594,EH Bildu TP
1365672447022948352,EH Bildu TP
1365671746012139520,EH Bildu TP
1365671639392870408,EH Bildu TP
1365671559218802690,EH Bildu TP
1365671268356358146,EH Bildu TP
1365671100957552646,EH Bildu TP
1365671006375927812,EH Bildu TP
1365670950323310596,EH Bildu TP
1365670434012860420,EH Bildu TP
1365670368216829956,EH Bildu TP
1365670283206668291,EH Bildu TP
1365670095687741444,EH Bildu TP
1365669636407250946,EH Bildu TP
1365669517477769216,EH Bildu TP
1365669436707979265,EH Bildu TP
1365669337479184384,EH Bildu TP
1365668997824454656,EH Bildu TP
1365668926588354566,EH Bildu TP
1365668854467358721,EH Bildu TP
1365667815609540615,EH Bildu TP
1365667680502571011,EH Bildu TP
1365667601318346752,EH Bildu TP
1365667382241419273,EH Bildu TP
1365667301035540481,EH Bildu TP
1365043524299849739,EH Bildu TP
1365030112878559232,EH Bildu TP
1365029098045771784,EH Bildu TP
1365028557005746177,EH Bildu TP
1365027795299147777,EH Bildu TP
1365027219807100930,EH Bildu TP
1365026835462033408,EH Bildu TP
1364520535858757638,EH Bildu TP
1363948324487892994,EH Bildu TP
1363832006803603459,EH Bildu TP
1361689118632247301,EH Bildu TP
1361256572664619010,EH Bildu TP
1359500893398437890,EH Bildu TP
1359500568037896195,EH Bildu TP
1359448270997774336,EH Bildu TP
1358770019916734465,EH Bildu TP
1358369586954051587,EH Bildu TP
1358094274215223298,EH Bildu TP
1358074212368474113,EH Bildu TP
1357998999614144515,EH Bildu TP
1357976579209576448,EH Bildu TP
1357642173731241984,EH Bildu TP
1369016233727819776,EH Bildu TP
1364693463808278537,EH Bildu TP
1362773724685103110,EH Bildu TP
1362133050386247682,EH Bildu TP
1358893035925495810,EH Bildu TP
1358529623282372609,EH Bildu TP
1357436791469531142,EH Bildu TP
1357382188715675651,EH Bildu TP
1357333115354533888,EH Bildu TP
1356625784715292672,EH Bildu TP
1356335511938457608,EH Bildu TP
1355874468216901638,EH Bildu TP
1352364006590341125,EH Bildu TP
1351872065947783169,EH Bildu TP
1351173178085822470,EH Bildu TP
1349428629395173378,EH Bildu TP
1348391368809451527,EH Bildu TP
1348012783942696961,EH Bildu TP
1347279672464330753,EH Bildu TP
1345350675308404736,EH Bildu TP
1367407568935657476,EA-NV TP
1364864354303279104,EA-NV TP
1362333863171805186,EA-NV TP
1361244099949518848,EA-NV TP
1360705232200732689,EA-NV TP
1359790049311805440,EA-NV TP
1357305284746690565,EA-NV TP
1354724488273948673,EA-NV TP
1352633892763820033,EA-NV TP
1352633784152317959,EA-NV TP
1352179871464763393,EA-NV TP
1349443055217233921,EA-NV TP
1349441552901427203,EA-NV TP
1349435728896401408,EA-NV TP
1345100898540941321,EA-NV TP
1345075581570920450,EA-NV TP
1345045021469384708,EA-NV TP
1344967756651835393,EA-NV TP
1369570010126053376,EH Bildu TP
1368874889625604102,EH Bildu TP
1367235866209452036,EH Bildu TP
1367233972472868870,EH Bildu TP
1366331819675832329,EH Bildu TP
1366003299711860738,EH Bildu TP
1365571238106701827,EH Bildu TP
1365571233904005120,EH Bildu TP
1365571230003326978,EH Bildu TP
1365413397739827203,EH Bildu TP
1365319206733029376,EH Bildu TP
1365030932214865920,EH Bildu TP
1364540697626427396,EH Bildu TP
1364508484272873479,EH Bildu TP
1362375274357284869,EH Bildu TP
1362331541553229830,EH Bildu TP
1361281411794296832,EH Bildu TP
1361267058034499585,EH Bildu TP
1361039778813272070,EH Bildu TP
1361035441265401863,EH Bildu TP
1360986777494958081,EH Bildu TP
1360982098635546629,EH Bildu TP
1360955372639571971,EH Bildu TP
1360954844887060483,EH Bildu TP
1360922546691059713,EH Bildu TP
1360922544224817153,EH Bildu TP
1360684620669476868,EH Bildu TP
1360682006481432577,EH Bildu TP
1360682001158799365,EH Bildu TP
1360681994640912388,EH Bildu TP
1360676795494842368,EH Bildu TP
1359134006009360385,EH Bildu TP
1359126615343706114,EH Bildu TP
1359076922236493824,EH Bildu TP
1368924534875824128,EA-NV TP
1368924514403422213,EA-NV TP
1368924466579922945,EA-NV TP
1368924410426626053,EA-NV TP
1368924370492682241,EA-NV TP
1368924323495428097,EA-NV TP
1368839847209754625,EA-NV TP
1368839814829707265,EA-NV TP
1368839712019013633,EA-NV TP
1368839412541448194,EA-NV TP
1368839383420375045,EA-NV TP
1368839327380369408,EA-NV TP
1365593638470881284,EA-NV TP
1365592889347223552,EA-NV TP
1364579694423789572,EA-NV TP
1364579653990690820,EA-NV TP
1364579564043837442,EA-NV TP
1363852203061088260,EA-NV TP
1363852162892247042,EA-NV TP
1363852126590484484,EA-NV TP
1363459878019334147,EA-NV TP
1363459845932908548,EA-NV TP
1362806734671249409,EA-NV TP
1362806712198172678,EA-NV TP
1362729387536363521,EA-NV TP
1362444457686220801,EA-NV TP
1362444174226841606,EA-NV TP
1362444170795896836,EA-NV TP
1361721660152426501,EA-NV TP
1361721548302876674,EA-NV TP
1361721485459681281,EA-NV TP
1361721320531243009,EA-NV TP
1360856873994485760,EA-NV TP
1360856481676017668,EA-NV TP
1360696250836869125,EA-NV TP
1360696204888268805,EA-NV TP
1360696165159874563,EA-NV TP
1359868363464441865,EA-NV TP
1359868315821363203,EA-NV TP
1356936774371713026,EA-NV TP
1356936772853276673,EA-NV TP
1354428071810629633,EA-NV TP
1354428032656809987,EA-NV TP
1354427863890583553,EA-NV TP
1354048185472344067,EA-NV TP
1354048151578157057,EA-NV TP
1354048096771203072,EA-NV TP
1354048028953485322,EA-NV TP
1354047993104764928,EA-NV TP
1353776435245309952,EA-NV TP
1353776411287433218,EA-NV TP
1353776327795552260,EA-NV TP
1353776290617303043,EA-NV TP
1353665444440379393,EA-NV TP
1353665384063381504,EA-NV TP
1353665227250937856,EA-NV TP
1353665070912446464,EA-NV TP
1353386558544633858,EA-NV TP
1353386172177903616,EA-NV TP
1352902220015161344,EA-NV TP
1351975643420868608,EA-NV TP
1351975550672318468,EA-NV TP
1351975415892611075,EA-NV TP
1351975385458737152,EA-NV TP
1351965595126915074,EA-NV TP
1351965569461977090,EA-NV TP
1351964866647642112,EA-NV TP
1351964576192081922,EA-NV TP
1351964537541582854,EA-NV TP
1351964474455031820,EA-NV TP
1351256896699772935,EA-NV TP
1350939134760800262,EA-NV TP
1350441367898640385,EA-NV TP
1350440490878050309,EA-NV TP
1350086026212110340,EA-NV TP
1350085611282116609,EA-NV TP
1349694704229691392,EA-NV TP
1349694633585082368,EA-NV TP
1349694552211386378,EA-NV TP
1349694507101671425,EA-NV TP
1347225517846630401,EA-NV TP
1347225485068165122,EA-NV TP
1347225425932673026,EA-NV TP
1347225331967664128,EA-NV TP
1347225217429549057,EA-NV TP
1347224929809346566,EA-NV TP
1346923705415454726,EA-NV TP
1346923623823650816,EA-NV TP
1346554705607012352,EA-NV TP
1369666276939988992,EA-NV TP
1369649239089876992,EA-NV TP
1369647318694236161,EA-NV TP
1369646211330871301,EA-NV TP
1369645138037858308,EA-NV TP
1369634639799869445,EA-NV TP
1369599093136367619,EA-NV TP
1369587446229385219,EA-NV TP
1369580100132409344,EA-NV TP
1369578793250267138,EA-NV TP
1369564814134087681,EA-NV TP
1369353665367191553,EA-NV TP
1369348601365807106,EA-NV TP
1369319002875572232,EA-NV TP
1369315096309153804,EA-NV TP
1369264270060445696,EA-NV TP
1369247585521852427,EA-NV TP
1369236335760973824,EA-NV TP
1369206852265902081,EA-NV TP
1369196919164125184,EA-NV TP
1369061914915999745,EA-NV TP
1369061805155364871,EA-NV TP
1368946913886826501,EA-NV TP
1368944678138175494,EA-NV TP
1368921202224414720,EA-NV TP
1368915698001588232,EA-NV TP
1368872307641507845,EA-NV TP
1368872305120710656,EA-NV TP
1368847282171428864,EA-NV TP
1368585660106502145,EA-NV TP
1368581470554624003,EA-NV TP
1368288041748533251,EA-NV TP
1368267017220947968,EA-NV TP
1367943785116794881,EA-NV TP
1367905661875523588,EA-NV TP
1367900955010883584,EA-NV TP
1367898344236986369,EA-NV TP
1367573944631504902,EA-NV TP
1367400998940127232,EA-NV TP
1367400168547581955,EA-NV TP
1367397840872472577,EA-NV TP
1367393940383690753,EA-NV TP
1367202942122614789,EA-NV TP
1367136247785918470,EA-NV TP
1367121518908612620,EA-NV TP
1367114322472824832,EA-NV TP
1367007681802883072,EA-NV TP
1366696426420469761,EA-NV TP
1366695756900540423,EA-NV TP
1366657768904675328,EA-NV TP
1366450064911138823,EA-NV TP
1366408193686048768,EA-NV TP
1365986585955729408,EA-NV TP
1365752099800313891,EA-NV TP
1365274251566206983,EA-NV TP
1365236066983186435,EA-NV TP
1365235904147820545,EA-NV TP
1365215449563152385,EA-NV TP
1365207891343511552,EA-NV TP
1365015770053431297,EA-NV TP
1364942116204539904,EA-NV TP
1364883041122942976,EA-NV TP
1364873722247675909,EA-NV TP
1364628593100341253,EA-NV TP
1364621005906464768,EA-NV TP
1364616989797457922,EA-NV TP
1364589919868514304,EA-NV TP
1364589754038239232,EA-NV TP
1364574854222123016,EA-NV TP
1364559983258591232,EA-NV TP
1364546188796715008,EA-NV TP
1364506513683980296,EA-NV TP
1364503514605576199,EA-NV TP
1364320275257556996,EA-NV TP
1364318315737460737,EA-NV TP
1364305499454382085,EA-NV TP
1364303226716192775,EA-NV TP
1364215131723472896,EA-NV TP
1364213492342001670,EA-NV TP
1364185163803086849,EA-NV TP
1364116184480808960,EA-NV TP
1364115701942923265,EA-NV TP
1364114813408968705,EA-NV TP
1363939816585502732,EA-NV TP
1363934770607108096,EA-NV TP
1363930748298940416,EA-NV TP
1363928899692953602,EA-NV TP
1363908379995963394,EA-NV TP
1363873782033764352,EA-NV TP
1363873368714452993,EA-NV TP
1363865024943521800,EA-NV TP
1363864917930033160,EA-NV TP
1363864344006717443,EA-NV TP
1363858822381600769,EA-NV TP
1363835140397539329,EA-NV TP
1363783707472121857,EA-NV TP
1363766525719678976,EA-NV TP
1363573422769504258,EA-NV TP
1363572452354310145,EA-NV TP
1363553073738694657,EA-NV TP
1363549842065285121,EA-NV TP
1363514529473318920,EA-NV TP
1363493290738393088,EA-NV TP
1363480293475254275,EA-NV TP
1363414819773304832,EA-NV TP
1363053426075197441,EA-NV TP
1363053109254184960,EA-NV TP
1363052778239758337,EA-NV TP
1363051286745260034,EA-NV TP
1363051204134264834,EA-NV TP
1363050448094195714,EA-NV TP
1363045861173903360,EA-NV TP
1363045393106411520,EA-NV TP
1363045197349851139,EA-NV TP
1363045169663197184,EA-NV TP
1363044322866831362,EA-NV TP
1363044046034399234,EA-NV TP
1363043636016017409,EA-NV TP
1363043375218364417,EA-NV TP
1363042900913885184,EA-NV TP
1363040613441110017,EA-NV TP
1363031632698048513,EA-NV TP
1362781787018174468,EA-NV TP
1362738540589830155,EA-NV TP
1362727257479987201,EA-NV TP
1362482162948337666,EA-NV TP
1362361360328359938,EA-NV TP
1362359982063239169,EA-NV TP
1362356734669504513,EA-NV TP
1362331420497223681,EA-NV TP
1362302794678423553,EA-NV TP
1362302115360641024,EA-NV TP
1362298515511152640,EA-NV TP
1362298116087582722,EA-NV TP
1362175407097868292,EA-NV TP
1362173946070786049,EA-NV TP
1362173712469020674,EA-NV TP
1362171287901208578,EA-NV TP
1362170411652427785,EA-NV TP
1362170072983306252,EA-NV TP
1362169987566288901,EA-NV TP
1362168289485594625,EA-NV TP
1362168178164514823,EA-NV TP
1362167022390562827,EA-NV TP
1362164943676702720,EA-NV TP
1362164589639528450,EA-NV TP
1362162510091198466,EA-NV TP
1362161229146566657,EA-NV TP
1362041821162065924,EA-NV TP
1362040319383068674,EA-NV TP
1369711178503557123,EH Bildu TP
1369710387025870850,EH Bildu TP
1369761629274058762,EH Bildu TP
1369748091260256265,EH Bildu TP
1369741421826150413,VP-C TP
1369904311480819713,EP-IU TP
1369771025630642176,EP-IU TP
1369762626293690376,EP-IU TP
1369761338663256068,EP-IU TP
1369755330863857672,EP-IU TP
1369752820921040903,EP-IU TP
1369745528699912194,EP-IU TP
1369730031635795976,EP-IU TP
1369722128350773248,EP-IU TP
1369721881964711937,EP-IU TP
1369721426878496771,EP-IU TP
1369720814879318016,EP-IU TP
1369676223824224258,EP-IU TP
1369760884810219520,EH Bildu TP
1369926003066347521,EH Bildu TP
1369952659390750722,EA-NV TP
1369772284479762438,EP-IU TP
1369754881087668226,SV-ES TP
1369742354970771457,SV-ES TP
1369741334123323392,SV-ES TP
1369740702943428613,SV-ES TP
1369734003142647815,SV-ES TP
1369694375165452289,SV-ES TP
1369691078786482179,SV-ES TP
1369681136583065602,SV-ES TP
1369677583739150343,SV-ES TP
1369756337597517838,EH Bildu TP
1369755794225459201,EH Bildu TP
1369937982690631684,EA-NV TP
1369725371948613635,EH Bildu TP
1369724451101810696,EH Bildu TP
1369715183149531137,EA-NV TP
1369715128313253888,EA-NV TP
1369715035107332096,EA-NV TP
1369924735438557186,EA-NV TP
1369723867716059145,EA-NV TP
1369710914535063557,EA-NV TP
1370075921001111556,EH Bildu TP
1370072499862528000,EP-IU TP
1370068082002173954,EP-IU TP
1370067102992904202,EP-IU TP
1370063591949352961,EP-IU TP
1370042007654166530,EP-IU TP
1370039790314328071,EP-IU TP
1370032019963535361,EP-IU TP
1370019310920478720,EP-IU TP
1370019176417435654,EP-IU TP
1370018640834162691,EP-IU TP
1370018028985925634,EP-IU TP
1370052136193695750,EH Bildu TP
1369967305787080704,EH Bildu TP
1369964102517415940,EH Bildu TP
1370009890069110784,EP-IU TP
1370025676766519305,EH Bildu TP
1370016568210378753,SV-ES TP
1370003824270848000,SV-ES TP
1369985391567265793,SV-ES TP
1369980223186493441,SV-ES TP
1369969021538467848,SV-ES TP
1369963645556379649,SV-ES TP
1370047907026583553,EH Bildu TP
1370016245035110404,EH Bildu TP
1370016209962467330,EH Bildu TP
1370055327673122824,EA-NV TP
1370022322493558795,EA-NV TP
1370006993109454853,EA-NV TP
1370001023151054853,EA-NV TP
1370000961108905987,EA-NV TP
1370000901100994563,EA-NV TP
1369997465534005248,EA-NV TP
1369997309564628995,EA-NV TP
1369995453903872000,EA-NV TP
1369962161343193089,EA-NV TP
1370110679047405568,EH Bildu TP
1370082304358498304,EH Bildu TP
1370078815192498183,EH Bildu TP
1370077917951242249,EH Bildu TP
1370077503050629125,EH Bildu TP
1370076936358264834,EH Bildu TP
1370076431796043776,EH Bildu TP
1370264064971128834,EP-IU TP
1370126607009075200,EP-IU TP
1370125192115142660,EP-IU TP
1370123017683095556,EP-IU TP
1370104398546939908,EP-IU TP
1370103897411485696,EP-IU TP
1370103281998032897,EP-IU TP
1370102485063503876,EP-IU TP
1370100592333484034,EP-IU TP
1370087378224812033,EP-IU TP
1370081380797972481,EP-IU TP
1370081678522212352,EP-IU TP
1370305886741225482,VP-C TP
1370299140710805504,VP-C TP
1370091390949015557,VP-C TP
1370305295797325831,EP-IU TP
1370303183982108674,EP-IU TP
1370112831274811402,EP-IU TP
1370298778155106307,SV-ES TP
1370290761263108098,SV-ES TP
1370280354167324673,SV-ES TP
1370126020670590979,SV-ES TP
1370116228551999489,SV-ES TP
1370105450818060296,EH Bildu TP
1370077829560463361,EH Bildu TP
1370305757535686656,EA-NV TP
1370292357527171073,EA-NV TP
1370143109355606025,EA-NV TP
1370085880686346246,EA-NV TP
1370364845690871808,EH Bildu TP
1370364832885641220,EH Bildu TP
1370364823549190155,EH Bildu TP
1370364814581698562,EH Bildu TP
1370359424196427782,EP-IU TP
1370357482007232514,EP-IU TP
1370346498127503362,EP-IU TP
1370345835062517761,EP-IU TP
1370345549824675840,EP-IU TP
1370340641180418056,EP-IU TP
1370338615180599297,EP-IU TP
1370320661315526661,EP-IU TP
1370319042913910786,EP-IU TP
1370318803033325570,EP-IU TP
1370318391995695105,EP-IU TP
1370318147757223936,EP-IU TP
1370317542359760899,EP-IU TP
1370322559418429441,EP-IU TP
1370317386826518546,EP-IU TP
1370338469831176193,EP-IU TP
1370327221903187974,EH Bildu TP
1370364307200999426,EA-NV TP
1370364304462057473,EA-NV TP
1370330936714395653,EP-IU TP
1370338509005930497,SV-ES TP
1370338349307867139,SV-ES TP
1370337676231114754,SV-ES TP
1370337472517931011,SV-ES TP
1370336977346777089,SV-ES TP
1370379319831318533,EH Bildu TP
1370376307759058944,SV-ES TP
1370376213986938887,SV-ES TP
1370374926947995650,SV-ES TP
1370373177831006210,SV-ES TP
1370449467607031810,EH Bildu TP
1370691991974117378,EH Bildu TP
1370686528318504962,EH Bildu TP
1370657641018626048,EH Bildu TP
1370714384641753090,SV-ES TP
1370407323659800585,EA-NV TP
1370701143152721922,EH Bildu TP
1370700718466863110,EH Bildu TP
1370507968429588485,EH Bildu TP
1370505435816603654,EH Bildu TP
1370409657915863046,EH Bildu TP
1370762752646647809,EP-IU TP
1370724764826935299,EP-IU TP
1370717810154934272,EP-IU TP
1370706818809401344,EP-IU TP
1370678255372615681,EP-IU TP
1370666493990551552,EP-IU TP
1370665990174957576,EP-IU TP
1370662253054341120,EP-IU TP
1370658177428127745,EP-IU TP
1370655130945785858,EP-IU TP
1370654996803510274,EP-IU TP
1370653741314150403,EP-IU TP
1370651990607458304,EP-IU TP
1370648081717415938,EP-IU TP
1370488789408350211,EP-IU TP
1370462665781428236,EP-IU TP
1370460571720679431,EP-IU TP
1370459197440196610,EP-IU TP
1370456339059781635,EP-IU TP
1370455640011911170,EP-IU TP
1370454973943848965,EP-IU TP
1370453927045570570,EP-IU TP
1370453469077897222,EP-IU TP
1370449873359753225,EP-IU TP
1370448801518006272,EP-IU TP
1370445668163194888,EP-IU TP
1370441944552382465,EP-IU TP
1370440338448527363,EP-IU TP
1370438807376572417,EP-IU TP
1370438420225527811,EP-IU TP
1370438233188921349,EP-IU TP
1370438192172777474,EP-IU TP
1370437950958399489,EP-IU TP
1370437322278379530,EP-IU TP
1370436294367703041,EP-IU TP
1370436105611403271,EP-IU TP
1370435072843681793,EP-IU TP
1370433402722258946,EP-IU TP
1370429875564199937,EP-IU TP
1370428804842328064,EP-IU TP
1370428378017366016,EP-IU TP
1370427507611160580,EP-IU TP
1370427099530588165,EP-IU TP
1370423696444293120,EP-IU TP
1370423524817567744,EP-IU TP
1370422881159684098,EP-IU TP
1370419896107073536,EP-IU TP
1370418708775059456,EP-IU TP
1370418394437193728,EP-IU TP
1370417802427953153,EP-IU TP
1370416620296941571,EP-IU TP
1370416315161251842,EP-IU TP
1370414440991109128,EP-IU TP
1370414259381886981,EP-IU TP
1370396081251581957,EP-IU TP
1370391760120209409,EP-IU TP
1370430087280136198,EP-IU TP
1370392300283695109,EH Bildu TP
1370680796957270017,EH Bildu TP
1370493070089814023,EH Bildu TP
1370741647097597958,EH Bildu TP
1370740395710234629,EH Bildu TP
1370739051775602692,EH Bildu TP
1370689203919536128,SV-ES TP
1370466943128514561,SV-ES TP
1370460801560109061,SV-ES TP
1370452719476084738,SV-ES TP
1370410426857623554,SV-ES TP
1370735754188587008,EA-NV TP
1371020229522903041,EH Bildu TP
1370997640415039488,EH Bildu TP
1371084257255432194,EH Bildu TP
1370774463717990404,EP-IU TP
1370766377657765891,EP-IU TP
1371015776883335169,EP-IU TP
1371006155003166723,EH Bildu TP
1370804165887328259,EH Bildu TP
1370774623168659459,EH Bildu TP
1370767435528343553,EH Bildu TP
1371068866311372803,VP-C TP
1371037915678138368,EH Bildu TP
1371025914184806401,EH Bildu TP
1370993670669930499,EH Bildu TP
1370840943390261248,EH Bildu TP
1371016757822042115,EH Bildu TP
1371204528087912448,EH Bildu TP
1371432718366613504,EA-NV TP
1371376066275729411,EA-NV TP
1371375714054901760,EA-NV TP
1371375399242973184,EA-NV TP
1371375137715523587,EA-NV TP
1371132470691823628,VP-C TP
1371354396446093320,EP-IU TP
1371353458285154304,EP-IU TP
1371205287269502982,EP-IU TP
1371155812350058502,EP-IU TP
1371129533294776325,EP-IU TP
1371125954446233601,EP-IU TP
1371361858863648771,EP-IU TP
1371208392971280387,EH Bildu TP
1371194663911165954,EH Bildu TP
1371201513574563840,EH Bildu TP
1371391773164060676,VP-C TP
1371366289600622592,VP-C TP
1371433228930846720,EP-IU TP
1371410449036677124,EP-IU TP
1371223556630142979,EH Bildu TP
1371165382732562432,EH Bildu TP
1371163940508610563,EH Bildu TP
1371113720714248194,EH Bildu TP
1371429892567482369,SV-ES TP
1371427149228474374,SV-ES TP
1371426475879108608,SV-ES TP
1371425788373970947,SV-ES TP
1371422702708391941,SV-ES TP
1371422537054351362,SV-ES TP
1371413719478104064,SV-ES TP
1371425731276836866,EA-NV TP
1371425380360458242,EA-NV TP
1371199914668097536,EA-NV TP
1371159970654396417,EA-NV TP
1371150145660813314,EA-NV TP
1371145361864155136,EA-NV TP
1371783349598097411,EH Bildu TP
1371549788781604870,EA-NV TP
1371549028291383299,EA-NV TP
1371947212993880066,EH Bildu TP
1371919697906696198,EH Bildu TP
1371772514855190528,EH Bildu TP
1371768528869679109,EH Bildu TP
1371768008113291268,EH Bildu TP
1371767202102325249,EH Bildu TP
1371763970441412609,EH Bildu TP
1371761042137755651,EH Bildu TP
1371571136165777412,EH Bildu TP
1372103993158156293,EH Bildu TP
1372082904705142787,EH Bildu TP
1371539752608993289,EH Bildu TP
1372132429289418755,EH Bildu TP
1371758379832647685,VP-C TP
1371577144741093380,VP-C TP
1371729144229289991,VP-C TP
1371902922125148161,EP-IU TP
1371843608391847940,EP-IU TP
1371738342627377153,EP-IU TP
1371545933939412992,EP-IU TP
1371533428181643273,EP-IU TP
1371532946172219392,EP-IU TP
1371502145715965952,EP-IU TP
1371500990613061639,EP-IU TP
1371500641928015880,EP-IU TP
1371500125688885254,EP-IU TP
1371496688746168322,EP-IU TP
1371484650623934466,EP-IU TP
1371470526326177796,EP-IU TP
1371470237070209028,EP-IU TP
1371466246273765376,EP-IU TP
1371464391502233600,EP-IU TP
1371464236472340484,EP-IU TP
1371460374889910273,EP-IU TP
1371570075782766592,EP-IU TP
1371464506086461440,EP-IU TP
1372118151266246659,EP-IU TP
1371545860497141760,EP-IU TP
1372126444990652417,EH Bildu TP
1372126439533842433,EH Bildu TP
1372108323114385408,EH Bildu TP
1372063145959829504,EH Bildu TP
1371556848445370369,EH Bildu TP
1371552476869050370,EH Bildu TP
1371572128781336576,EH Bildu TP
1371884251541569539,Mixto TP
1371757620810375168,Mixto TP
1371935384788160516,EP-IU TP
1371867807860760576,EP-IU TP
1371838339821735939,EP-IU TP
1371797351065477120,EH Bildu TP
1371583728577830915,EH Bildu TP
1372106560802013186,SV-ES TP
1372105691121483779,SV-ES TP
1371843557514997762,SV-ES TP
1371821999408955392,SV-ES TP
1371821244253888518,SV-ES TP
1371796734939172867,SV-ES TP
1371792199910842369,SV-ES TP
1371791853926899718,SV-ES TP
1371778373458989058,SV-ES TP
1371777859652616202,SV-ES TP
1371776435032047618,SV-ES TP
1371565855822217223,SV-ES TP
1371551824382136320,SV-ES TP
1371551484500922376,SV-ES TP
1371546240836571144,SV-ES TP
1371918532863217667,EH Bildu TP
1371476469705281539,EH Bildu TP
1371815846931275790,EA-NV TP
1371815019491516422,EA-NV TP
1371799981192065028,EA-NV TP
1371752579319934980,EH Bildu TP
1372103148769325057,EA-NV TP
1372141940024750080,EA-NV TP
1372130685645901825,EA-NV TP
1372130592960225280,EA-NV TP
1372130044685000707,EA-NV TP
1372129843270279180,EA-NV TP
1372129455423029250,EA-NV TP
1372129165625987075,EA-NV TP
1372128595909472260,EA-NV TP
1372083104312135684,EA-NV TP
1372081886072291331,EA-NV TP
1372081820230115328,EA-NV TP
1372081787824959488,EA-NV TP
1372081747576381440,EA-NV TP
1372081722943229954,EA-NV TP
1372081708108017672,EA-NV TP
1371918310137270275,EA-NV TP
1371901270550790151,EA-NV TP
1371901207099412481,EA-NV TP
1371893360999469056,EA-NV TP
1371893330351636487,EA-NV TP
1371835160321228805,EA-NV TP
1371834832834154508,EA-NV TP
1371833572244529152,EA-NV TP
1371808729285455885,EA-NV TP
1371807962977738756,EA-NV TP
1371759096953704451,EA-NV TP
1371562276751294470,EA-NV TP
1371555916642881537,EA-NV TP
1371468322122969090,EA-NV TP
1371462076921745410,EA-NV TP
1371452462444466179,EA-NV TP
1372488893715599360,EH Bildu TP
1372146954650652679,VP-C TP
1372274918289764362,EA-NV TP
1372300384455303175,EH Bildu TP
1372159001413234688,EH Bildu TP
1372156801429409794,EH Bildu TP
1372153594003214342,EH Bildu TP
1372151947004887042,EH Bildu TP
1372150420450185218,EH Bildu TP
1372531856810344452,EH Bildu TP
1372531131984314372,EH Bildu TP
1372330690952454145,VP-C TP
1372442065456537603,EP-IU TP
1372261357115088900,EP-IU TP
1372261195894382594,EP-IU TP
1372183435557605381,EP-IU TP
1372505064053616641,EP-IU TP
1372493374624763904,EP-IU TP
1372471259624247296,EP-IU TP
1372466607717548035,EP-IU TP
1372289484960755715,EP-IU TP
1372239892521029633,EP-IU TP
1372163631379587072,EP-IU TP
1372219483067138051,EP-IU TP
1372207441081991172,EH Bildu TP
1372207295938068480,EH Bildu TP
1372517492699062272,EH Bildu TP
1372471403388284928,EH Bildu TP
1372314476775677959,EH Bildu TP
1372299753740984323,EH Bildu TP
1372288072377831430,EH Bildu TP
1372280759826968576,EH Bildu TP
1372158406715453442,EH Bildu TP
1372521341551841280,EP-IU TP
1372304541128007683,EP-IU TP
1372286270941110273,EP-IU TP
1372285967357337606,EP-IU TP
1372189304202596360,EP-IU TP
1372177536931790848,EH Bildu TP
1372519096898748418,SV-ES TP
1372512373496545282,SV-ES TP
1372502029638193157,SV-ES TP
1372501115485487104,SV-ES TP
1372465595699068931,SV-ES TP
1372189897117827081,SV-ES TP
1372187889669406724,SV-ES TP
1372184595358224389,SV-ES TP
1372184070478823426,SV-ES TP
1372176918028689412,SV-ES TP
1372173960293519361,SV-ES TP
1372172783627681795,SV-ES TP
1372172057497235459,SV-ES TP
1372171335015751685,SV-ES TP
1372277070185836554,EH Bildu TP
1372470223455014916,EA-NV TP
1372509901390512132,EH Bildu TP
1372306660216205314,EH Bildu TP
1372305996064899072,EH Bildu TP
1372271187041062915,EH Bildu TP
1372268565341085699,EH Bildu TP
1372510640867250178,EA-NV TP
1372508667887636487,EA-NV TP
1372497802601828353,EA-NV TP
1372497714513055746,EA-NV TP
1372481499988123650,EA-NV TP
1372481058126639104,EA-NV TP
1372472087080747008,EA-NV TP
1372471691612409860,EA-NV TP
1372291691265339394,EA-NV TP
1372231534481186824,EA-NV TP
1372184464353341441,EA-NV TP
1372181374757658625,EA-NV TP
1372150536364032001,EA-NV TP
1372148019265736708,EA-NV TP
1372584083763691522,EA-NV TP
1372572978559467524,EH Bildu TP
1372841182842195976,EH Bildu TP
1372836531929513986,EH Bildu TP
1372830276947222529,EH Bildu TP
1372615357660332034,EH Bildu TP
1372855522010009600,EP-IU TP
1372852424248074240,EP-IU TP
1372850243201548292,EP-IU TP
1372849082239229956,EP-IU TP
1372837720914067456,EP-IU TP
1372836220603133953,EP-IU TP
1372834884109099009,EP-IU TP
1372831399867203585,EP-IU TP
1372831026729353216,EP-IU TP
1372817079296987136,EP-IU TP
1372668036965138434,EP-IU TP
1372662977120309251,EP-IU TP
1372654529272029188,EP-IU TP
1372652970651815942,EP-IU TP
1372648291570176001,EP-IU TP
1372645134551109632,EP-IU TP
1372579325510365192,EP-IU TP
1372572335300034564,EP-IU TP
1372568947451658240,EP-IU TP
1372566750106161153,EP-IU TP
1372626845590552588,EH Bildu TP
1372613273657425941,EH Bildu TP
1372844931690156034,VP-C TP
1372589214056001536,VP-C TP
1372564901227593736,Mixto TP
1372834938182066177,EP-IU TP
1372642660561907714,EH Bildu TP
1372561516860424192,EH Bildu TP
1372839441761439745,SV-ES TP
1372839034637156355,SV-ES TP
1372834319505494017,SV-ES TP
1372831004382085122,SV-ES TP
1372630185787461635,SV-ES TP
1372596118459183109,SV-ES TP
1372669704754593800,EA-NV TP
1372601257433694208,EA-NV TP
1372580941139476481,EA-NV TP
1372580605385449478,EA-NV TP
1372580545448833026,EA-NV TP
1372580457729171456,EA-NV TP
1372574817187196928,EA-NV TP
1372552200183033857,EA-NV TP
1372548671007555586,EA-NV TP
1373225042050433027,VP-C TP
1373223821843521536,VP-C TP
1373252129595490306,EA-NV TP
1373625649475297289,EH Bildu TP
1373625415768674309,EH Bildu TP
1373307705658634246,EH Bildu TP
1373299849031000068,EH Bildu TP
1373292536672968704,EH Bildu TP
1373281638982037511,EH Bildu TP
1373366530314997761,EH Bildu TP
1373339517944537093,EH Bildu TP
1373282337237184521,EH Bildu TP
1373642096469508102,VP-C TP
1373597752437960707,EP-IU TP
1373597580412731395,EP-IU TP
1373591742109392900,EP-IU TP
1373580030886957059,EP-IU TP
1373579231809179649,EP-IU TP
1373576420606275592,EP-IU TP
1373573732581670913,EP-IU TP
1373573443321532417,EP-IU TP
1373341434280091653,EP-IU TP
1373339347920023555,EP-IU TP
1373335052155781122,EP-IU TP
1373332842260918276,EP-IU TP
1373312845157388304,EP-IU TP
1373280448156213248,EP-IU TP
1373237520427798538,EP-IU TP
1373214635185348609,EP-IU TP
1373211946833575937,EP-IU TP
1373210912350482434,EP-IU TP
1373210603989389312,EP-IU TP
1373204969483014147,EP-IU TP
1373204738662146050,EP-IU TP
1373182310124814338,EP-IU TP
1373007072204308484,EP-IU TP
1372960340925943816,EP-IU TP
1372951250120114179,EP-IU TP
1372950413134200835,EP-IU TP
1372950018680840197,EP-IU TP
1372948744392560644,EP-IU TP
1372939650164256769,EP-IU TP
1372936213980647432,EP-IU TP
1372924950995156999,EP-IU TP
1372924285409452035,EP-IU TP
1372923796471025666,EP-IU TP
1372923286284349440,EP-IU TP
1372922693088116738,EP-IU TP
1372912164562948099,EP-IU TP
1372889467837673472,EP-IU TP
1372889175729508352,EP-IU TP
1372879239322697733,EP-IU TP
1372877836973903878,EP-IU TP
1372877512460664848,EP-IU TP
1372877308944650242,EP-IU TP
1372877119148154883,EP-IU TP
1372876411199963144,EP-IU TP
1372876188029497348,EP-IU TP
1372874970280435714,EP-IU TP
1372871129321312263,EP-IU TP
1372870693252177925,EP-IU TP
1372869065518252037,EP-IU TP
1373632353193582599,EP-IU TP
1373285877858852865,EP-IU TP
1372932538528886789,EP-IU TP
1373286250019483657,EH Bildu TP
1373575324458442753,EH Bildu TP
1372993362136039427,EH Bildu TP
1373358285584207875,EH Bildu TP
1372892244844367872,EH Bildu TP
1372943428552683524,EP-IU TP
1372939330671550468,EP-IU TP
1373574804129902599,EH Bildu TP
1373542359040937985,EH Bildu TP
1373170718712737795,EH Bildu TP
1373060054639915011,EH Bildu TP
1373056825499746308,EH Bildu TP
1373049463955144706,EH Bildu TP
1373047513817755653,EH Bildu TP
1373044715898175492,EH Bildu TP
1373043783009497088,EH Bildu TP
1373038796393086977,EH Bildu TP
1373037373752217615,EH Bildu TP
1373034340096086021,EH Bildu TP
1373015758217822218,EH Bildu TP
1372883416140632065,EH Bildu TP
1372882640576077829,EH Bildu TP
1372881122191884288,EH Bildu TP
1373647912211734533,SV-ES TP
1373646437481906180,SV-ES TP
1373602294806290435,SV-ES TP
1373350530471374850,SV-ES TP
1373285019746238464,SV-ES TP
1373284823490560000,SV-ES TP
1373284175411879942,SV-ES TP
1373282725084418050,SV-ES TP
1373282641668149252,SV-ES TP
1373261435300626434,EA-NV TP
1373545866003374082,EA-NV TP
1373422390433169410,EA-NV TP
1372944447638491140,EA-NV TP
1372912947241099267,EA-NV TP
1372912466129256451,EA-NV TP
1372911039315128328,EA-NV TP
1372910655028797444,EA-NV TP
1372910317156630532,EA-NV TP
1372910004840366081,EA-NV TP
1372909395840012288,EA-NV TP
1372909025600360448,EA-NV TP
1372908007865061380,EA-NV TP
1372906631462334468,EA-NV TP
1372905964911869952,EA-NV TP
1372905616964997125,EA-NV TP
1372905347917230082,EA-NV TP
1372904887462289416,EA-NV TP
1372904539947425792,EA-NV TP
1372904282857603074,EA-NV TP
1372902001298841600,EA-NV TP
1372880434196049934,EA-NV TP
1372879295744458752,EA-NV TP
1372868278956269572,EA-NV TP
1372868084101439488,EA-NV TP
1372864116675710979,EA-NV TP
1373924410579685379,EH Bildu TP
1373767510131146752,EH Bildu TP
1373742641804943363,EH Bildu TP
1373725432403668996,EH Bildu TP
1373873935436091393,EP-IU TP
1373732469783027712,EP-IU TP
1373720234629201922,EP-IU TP
1373713016672374785,EP-IU TP
1373914267397816321,EH Bildu TP
1373705783943299080,VP-C TP
1373946070330449922,EH Bildu TP
1373932309183881217,EH Bildu TP
1373927458710380545,EH Bildu TP
1373726507579932673,EH Bildu TP
1373711177231048707,EH Bildu TP
1373751418121768971,EA-NV TP
1373740872953630720,EA-NV TP
1373669922124005381,EA-NV TP
1373669902687559690,EA-NV TP
1373667736824479749,EA-NV TP
1374037780448301056,EH Bildu TP
1374326676407083008,VP-C TP
1374362363311325187,EH Bildu TP
1374343495721365506,EH Bildu TP
1374107791049248776,EH Bildu TP
1374130965182840834,EH Bildu TP
1374346312875966465,EH Bildu TP
1374332485153198082,EH Bildu TP
1374022530906914816,EH Bildu TP
1374356526433964037,EP-IU TP
1374080556477120520,EP-IU TP
1374040562471477249,EP-IU TP
1374039452008509447,EP-IU TP
1374031520810340352,EP-IU TP
1374030404114604034,EP-IU TP
1374030186530889731,EP-IU TP
1374037590932873216,EP-IU TP
1373980747636346884,EH Bildu TP
1374050354933956610,EH Bildu TP
1374358873570750465,VP-C TP
1373984878522433544,VP-C TP
1374111125185437700,EH Bildu TP
1374109793179332615,EH Bildu TP
1374067574388969472,EH Bildu TP
1374254710987837445,VP-C TP
1374089051272269830,EH Bildu TP
1374377428596846593,Mixto TP
1374116539759259649,EP-IU TP
1374059381034258443,EP-IU TP
1374093065896534016,EH Bildu TP
1373948329856487430,EH Bildu TP
1373947674316189704,EH Bildu TP
1374073417096425472,SV-ES TP
1374072927423979523,SV-ES TP
1374072783135727618,SV-ES TP
1374041372760637441,SV-ES TP
1374041184729980929,SV-ES TP
1374040955553189891,SV-ES TP
1374052958078386178,EH Bildu TP
1374115332474990599,EH Bildu TP
1374356207650152448,EH Bildu TP
1374329819656249346,EH Bildu TP
1374307982360596487,EA-NV TP
1374070296702033925,EA-NV TP
1374033632935956480,EA-NV TP
1374021610781478916,EA-NV TP
1374668688192835585,EH Bildu TP
1374738480744562690,EH Bildu TP
1374636245494685701,EH Bildu TP
1374472209926778889,VP-C TP
1374824014590439435,EH Bildu TP
1374441440739160069,EA-NV TP
1374688626957762561,EA-NV TP
1374688393041416197,EA-NV TP
1374687604713660417,EA-NV TP
1374687600619970561,EA-NV TP
1374687057398878209,EA-NV TP
1374687053418532866,EA-NV TP
1374823432874000391,EH Bildu TP
1374770980443332609,EH Bildu TP
1374816431670493186,EH Bildu TP
1375012163761405952,EH Bildu TP
1374834552829583362,EH Bildu TP
1374831067727814656,EH Bildu TP
1374432680532533253,EH Bildu TP
1374651315083739138,VP-C TP
1375001175389573122,EP-IU TP
1374978559907930116,EP-IU TP
1374976903162048513,EP-IU TP
1374822999262658564,EP-IU TP
1374780632505716739,EP-IU TP
1374757424440168457,EP-IU TP
1374732742362083329,EP-IU TP
1374732159123140611,EP-IU TP
1374615889614680065,EP-IU TP
1374471418604261383,EP-IU TP
1374467852015525888,EP-IU TP
1374419484048379905,EP-IU TP
1374825312152870912,EP-IU TP
1374388893773045771,EP-IU TP
1374858567291822084,EH Bildu TP
1374677479609270275,EH Bildu TP
1374677477746958341,EH Bildu TP
1374677474790010881,EH Bildu TP
1374677414622674945,EH Bildu TP
1374677412026404867,EH Bildu TP
1374461496994885632,EH Bildu TP
1374455210785972228,EH Bildu TP
1374484642967916546,VP-C TP
1374609537177681924,EH Bildu TP
1374598706289381377,EH Bildu TP
1374699447955886087,VP-C TP
1375079423767154693,Mixto TP
1375078230068183055,Mixto TP
1375062497770749957,Mixto TP
1375055951221374987,Mixto TP
1374673475454054400,Mixto TP
1374424254561751041,Mixto TP
1374969007485415424,EP-IU TP
1374850474348847104,EP-IU TP
1374827236168237067,EP-IU TP
1374399710497185804,EP-IU TP
1374626266444398595,EH Bildu TP
1374618870758043657,EH Bildu TP
1374463347421106196,EH Bildu TP
1374462711409434627,EH Bildu TP
1374398555947892743,EH Bildu TP
1374392793183916035,EH Bildu TP
1374391814375940096,EH Bildu TP
1374794538779340807,SV-ES TP
1374774071343333381,SV-ES TP
1375015408131006465,EA-NV TP
1374801669972709377,EH Bildu TP
1374687854132092929,EH Bildu TP
1374677609892700164,EH Bildu TP
1374673941860601856,EH Bildu TP
1374758255784775689,EA-NV TP
1374758251934457863,EA-NV TP
1374758246003658752,EA-NV TP
1374758242912452612,EA-NV TP
1375047384904896513,EA-NV TP
1374743330626666503,EA-NV TP
1374691649683656708,EA-NV TP
1374684978932551680,EA-NV TP
1374659795630706694,EA-NV TP
1374656839695147008,EA-NV TP
1374641612731645955,EA-NV TP
1374641102356111363,EA-NV TP
1374618609398521858,EA-NV TP
1374422236573003780,EA-NV TP
1374383045298454533,EA-NV TP
1375200572329095169,EH Bildu TP
1375137868599980034,EA-NV TP
1375211669304049665,EH Bildu TP
1375100993801699338,EH Bildu TP
1375371497779429378,VP-C TP
1375104234203590661,VP-C TP
1375187972140720141,EP-IU TP
1375170157107146755,EP-IU TP
1375168129484128258,EP-IU TP
1375348127864127489,EP-IU TP
1375351915920420864,EH Bildu TP
1375159498021736457,VP-C TP
1375146873170837507,VP-C TP
1375146781542125570,VP-C TP
1375382449572700162,EH Bildu TP
1375097443088543754,EP-IU TP
1375094402201313282,EP-IU TP
1375371147898990592,EA-NV TP
1375367058058321920,EA-NV TP
1375146230867759104,EA-NV TP
1376194196818771968,EH Bildu TP
1375441024311513090,EH Bildu TP
1375440075832635400,EH Bildu TP
1376443411100749825,EH Bildu TP
1376260737413357571,EH Bildu TP
1376259524219318279,EH Bildu TP
1376256817488089091,EH Bildu TP
1376246401882071043,EH Bildu TP
1375862882508943364,EH Bildu TP
1375862040749817859,EH Bildu TP
1375860721230221320,EH Bildu TP
1375860297622286343,EH Bildu TP
1375740196180885505,EH Bildu TP
1376492928202342401,EA-NV TP
1376492321626292227,EA-NV TP
1376492224758870019,EA-NV TP
1376492071377321984,EA-NV TP
1376491893526310913,EA-NV TP
1376491276036665350,EA-NV TP
1376491135879815170,EA-NV TP
1376490586094592001,EA-NV TP
1376489960526770178,EA-NV TP
1376111055349370880,EA-NV TP
1375763324634337284,EA-NV TP
1375760462575460353,EA-NV TP
1375758439964680195,EA-NV TP
1375758120568377348,EA-NV TP
1375555128380559361,EA-NV TP
1375554967319236615,EA-NV TP
1375547221618352132,EA-NV TP
1375546889618259970,EA-NV TP
1376267451969703940,EH Bildu TP
1376225485835882504,EH Bildu TP
1376127207731568641,EH Bildu TP
1376120767583301635,EH Bildu TP
1375910041958674434,EH Bildu TP
1375573324898635784,EH Bildu TP
1375566712653942785,EH Bildu TP
1375563002800398339,EH Bildu TP
1375770980082188292,EH Bildu TP
1375752898697703426,EH Bildu TP
1375435701047676929,EH Bildu TP
1376542800754446337,EH Bildu TP
1376267116656087048,EH Bildu TP
1375722767673397252,EH Bildu TP
1375464248764207115,EH Bildu TP
1375385071889346564,EH Bildu TP
1375413248204374016,EH Bildu TP
1376514860566118406,EH Bildu TP
1376488906804367361,EH Bildu TP
1375929917712572416,VP-C TP
1375832750855426049,VP-C TP
1375893563498717190,VP-C TP
1376537384100233223,EP-IU TP
1376534667059466240,EP-IU TP
1376530653051826176,EP-IU TP
1376527000677064705,EP-IU TP
1376501389355061248,EP-IU TP
1376489092888866816,EP-IU TP
1376486738240098305,EP-IU TP
1376486263839199237,EP-IU TP
1376485257587916802,EP-IU TP
1376442918454583301,EP-IU TP
1376256926716203018,EP-IU TP
1376213605666988033,EP-IU TP
1376138015286947842,EP-IU TP
1376136662875525130,EP-IU TP
1376126714422685696,EP-IU TP
1376107229875736579,EP-IU TP
1375765648987582464,EP-IU TP
1375728037438877696,EP-IU TP
1375722944148684802,EP-IU TP
1375722290734899201,EP-IU TP
1375720999434530818,EP-IU TP
1375719057660518403,EP-IU TP
1375718320197021697,EP-IU TP
1375569588939808769,EP-IU TP
1375411435954667525,EP-IU TP
1375404845872611328,EP-IU TP
1375399488026710020,EP-IU TP
1376471622924836866,EP-IU TP
1376442646726606848,EP-IU TP
1376246442982002703,EP-IU TP
1375863045646393354,EP-IU TP
1375529170936168450,EP-IU TP
1375859710084141060,EP-IU TP
1375782911086067720,EP-IU TP
1376200649772314639,EH Bildu TP
1376177311767220229,EH Bildu TP
1376443014319636480,EH Bildu TP
1376262466653593601,EH Bildu TP
1376258258005073923,EH Bildu TP
1376255722778943490,EH Bildu TP
1376169198674702338,EH Bildu TP
1375726994546102273,EH Bildu TP
1375502246910296066,EH Bildu TP
1376538553447018499,VP-C TP
1376518565860368385,VP-C TP
1375742062918782983,EH Bildu TP
1375772135797501953,Mixto TP
1375555075658104836,Mixto TP
1375528564104306692,Mixto TP
1376544340315627522,EP-IU TP
1376542559573585932,EP-IU TP
1376449487623892997,EP-IU TP
1376262142605807620,EP-IU TP
1376072784527380482,EP-IU TP
1376069910053466114,EP-IU TP
1376055740855685120,EP-IU TP
1375845808625491971,EP-IU TP
1375791450072449027,EP-IU TP
1375786560260612097,EP-IU TP
1375769164699332610,EP-IU TP
1375760866176557064,EP-IU TP
1375510486951751684,EP-IU TP
1375505128363601925,EP-IU TP
1375501405969076226,EP-IU TP
1375499842169024512,EP-IU TP
1375487871168225280,EP-IU TP
1375462204112314372,EP-IU TP
1375437394040791040,EP-IU TP
1375394938888855562,EP-IU TP
1376558549816508416,EH Bildu TP
1376443686221938688,EH Bildu TP
1376438979508244480,EH Bildu TP
1376434441443229698,EH Bildu TP
1376251493553213441,EH Bildu TP
1375861607700516867,EH Bildu TP
1375861093608910852,EH Bildu TP
1375577256815394820,EH Bildu TP
1375407764726513664,EH Bildu TP
1375386660880388097,EH Bildu TP
1376519953625575426,SV-ES TP
1376170315731111946,SV-ES TP
1376169779464171529,SV-ES TP
1375429707626319872,SV-ES TP
1376500443266871300,EH Bildu TP
1376289040140501002,EH Bildu TP
1376277203596480516,EH Bildu TP
1376265830225350656,EH Bildu TP
1376254806650675202,EH Bildu TP
1376217555589795850,EA-NV TP
1376481207547015174,EH Bildu TP
1375846474601394187,EA-NV TP
1375846440803708928,EA-NV TP
1375846406297124868,EA-NV TP
1375846350361874434,EA-NV TP
1375846302106402821,EA-NV TP
1375845573425836033,EA-NV TP
1375845507034185728,EA-NV TP
1375845415724154881,EA-NV TP
1375845365287620608,EA-NV TP
1375845321977311232,EA-NV TP
1375431576687935489,EA-NV TP
1375431473889751041,EA-NV TP
1375431156196343812,EA-NV TP
1375431106309263361,EA-NV TP
1376489595722948609,EA-NV TP
1376475491977289731,EA-NV TP
1376456503096401921,EA-NV TP
1376092910534414336,EA-NV TP
1375944583960530950,EA-NV TP
1375941051438006275,EA-NV TP
1375926773490151428,EA-NV TP
1375925710326542339,EA-NV TP
1375720752419373057,EA-NV TP
1375559592134991884,EA-NV TP
1375499224079601665,EA-NV TP
1375412855286210561,EA-NV TP
1375407177809137666,EA-NV TP
1375402320498921474,EA-NV TP
1376821223968104448,EH Bildu TP
1376849606655508483,EH Bildu TP
1376915997773414405,EH Bildu TP
1376647634941849600,VP-C TP
1376643607164248066,VP-C TP
1376958496684572682,EP-IU TP
1376938109401620481,EP-IU TP
1376936138703826945,EP-IU TP
1376912781635678216,EP-IU TP
1376909352255295490,EP-IU TP
1376909170943868934,EP-IU TP
1376906554268614660,EP-IU TP
1376905971289706504,EP-IU TP
1376898908820008963,EP-IU TP
1376883760420028419,EP-IU TP
1376882578192482309,EP-IU TP
1376881186044280834,EP-IU TP
1376879886221074432,EP-IU TP
1376834548357603330,EP-IU TP
1376824989333266432,EP-IU TP
1376824595282542593,EP-IU TP
1376818304191455233,EP-IU TP
1376810095116492800,EP-IU TP
1376625488177864705,EP-IU TP
1376580815262453762,EP-IU TP
1376950171263762437,EH Bildu TP
1376623463507574786,EH Bildu TP
1376905354743853056,EH Bildu TP
1376893817593475072,EP-IU TP
1376653759887994883,EP-IU TP
1376616347535294464,EP-IU TP
1376884328974725121,EH Bildu TP
1376866846603943936,EH Bildu TP
1376835937846624257,EH Bildu TP
1376808966882201602,EH Bildu TP
1376800936446812160,SV-ES TP
1376870284771352577,EH Bildu TP
1376785540025102344,EH Bildu TP
1376620969364701184,EH Bildu TP
1376628140982857735,EH Bildu TP
1376886047070695426,EA-NV TP
1376885662452973571,EA-NV TP
1376961880061775873,EA-NV TP
1376961790739935234,EA-NV TP
1376933896336642050,EA-NV TP
1376931538932273157,EA-NV TP
1376893238959824897,EA-NV TP
1376880560312836100,EA-NV TP
1376873598825160707,EA-NV TP
1376859808037535747,EA-NV TP
1376581701875474440,EA-NV TP
1377325400590798848,EH Bildu TP
1377201323922313218,EH Bildu TP
1377325107325075460,EH Bildu TP
1377226968077307909,EH Bildu TP
1377219623519674369,EH Bildu TP
1377356441745494017,EH Bildu TP
1377226600039788546,EH Bildu TP
1377180792812568584,EH Bildu TP
1377179701333004297,EH Bildu TP
1377177101678170114,EH Bildu TP
1377164975484010496,EH Bildu TP
1377010587897565187,EH Bildu TP
1376980254854615048,EH Bildu TP
1377587867430625280,EA-NV TP
1377587316156469248,EA-NV TP
1377587209071697920,EA-NV TP
1377587003357859840,EA-NV TP
1377586467950768129,EA-NV TP
1377586201528520707,EA-NV TP
1377223984010424321,EA-NV TP
1377152485500985351,EA-NV TP
1377150898774798338,EA-NV TP
1377149994336063496,EA-NV TP
1377149411940212737,EA-NV TP
1377148500991909891,EA-NV TP
1377134711273758723,EA-NV TP
1377602658085785600,EH Bildu TP
1377361586139054082,EH Bildu TP
1377358929500368898,EH Bildu TP
1377318972895412224,EH Bildu TP
1377318826057072653,EH Bildu TP
1377318569399226371,EH Bildu TP
1377315047668649984,EH Bildu TP
1377009434937995270,EH Bildu TP
1376995957838077953,EH Bildu TP
1377308800441520129,EH Bildu TP
1376984132648108040,EH Bildu TP
1376983091294638081,EH Bildu TP
1377204148005920774,EH Bildu TP
1377199173343281153,EH Bildu TP
1377306160705982465,EH Bildu TP
1377357223505051654,EH Bildu TP
1377562541698732038,EP-IU TP
1377540841565224962,EP-IU TP
1377537178016829440,EP-IU TP
1377277150781452292,EP-IU TP
1377275109740797956,EP-IU TP
1377273890280443910,EP-IU TP
1377273742280290309,EP-IU TP
1377248044933132290,EP-IU TP
1377231662589874183,EP-IU TP
1377208859538903040,EP-IU TP
1377176186049032194,EP-IU TP
1377173987021615115,EP-IU TP
1377172227213291523,EP-IU TP
1377171536247881728,EP-IU TP
1377016909841977349,EP-IU TP
1377016397058998275,EP-IU TP
1377010713261146115,EP-IU TP
1377010007749824516,EP-IU TP
1377009359763410947,EP-IU TP
1377008392577908736,EP-IU TP
1377006279336529920,EP-IU TP
1376993374348120070,EP-IU TP
1376979969411284995,EP-IU TP
1376976594594582531,EP-IU TP
1377173790073921548,EP-IU TP
1377341218636488704,EH Bildu TP
1377269070639333377,EH Bildu TP
1377155243843100672,EH Bildu TP
1377307838226259969,EH Bildu TP
1377300189468364800,EH Bildu TP
1377298739514245125,EH Bildu TP
1377537223038545929,VP-C TP
1377339870436188163,EH Bildu TP
1377308224404258826,EH Bildu TP
1377248939976581126,EH Bildu TP
1377362676276363264,EP-IU TP
1377310635583811594,EP-IU TP
1377276855422701570,EP-IU TP
1377241454280642563,EP-IU TP
1377222938194219008,EP-IU TP
1377615585031372808,SV-ES TP
1377614442364612613,SV-ES TP
1377612901427597325,SV-ES TP
1377570911176556544,SV-ES TP
1377216562462089219,SV-ES TP
1377216235977465860,SV-ES TP
1377210100566360065,SV-ES TP
1377261739402743812,EH Bildu TP
1376979486063886336,EH Bildu TP
1377360793826701316,EH Bildu TP
1377306487949819907,EH Bildu TP
1377317801363406861,EH Bildu TP
1377218394680926208,EH Bildu TP
1377618037751349256,EA-NV TP
1377502139879145472,EA-NV TP
1377291100260597760,EA-NV TP
1377237533877211138,EA-NV TP
1377213107236388869,EA-NV TP
1377197692623933443,EA-NV TP
1378055303602790400,EH Bildu TP
1378016069382733826,VP-C TP
1378011549487489025,VP-C TP
1377890967869652994,EH Bildu TP
1377885793151225856,EH Bildu TP
1378009063817146368,EH Bildu TP
1377884546436321281,VP-C TP
1377881401182261249,VP-C TP
1378114341912903682,EP-IU TP
1378111988090421253,EP-IU TP
1378111212072865792,EP-IU TP
1378108981244264448,EP-IU TP
1378108559603417089,EP-IU TP
1378107802154074117,EP-IU TP
1378107529767571457,EP-IU TP
1378106780325183490,EP-IU TP
1378104419649269767,EP-IU TP
1378104144859332608,EP-IU TP
1378101727438761986,EP-IU TP
1378101503815192579,EP-IU TP
1378101227737743362,EP-IU TP
1378060179539906564,EP-IU TP
1378059834180919300,EP-IU TP
1378019353027735556,EP-IU TP
1378018696891879425,EP-IU TP
1378017795343007744,EP-IU TP
1378017541570838529,EP-IU TP
1378016778647912453,EP-IU TP
1378016072541085700,EP-IU TP
1378015986205462530,EP-IU TP
1378015236448473089,EP-IU TP
1378015098887933967,EP-IU TP
1378012978725945344,EP-IU TP
1378011489882275845,EP-IU TP
1377983845929193472,EP-IU TP
1377982532642336768,EP-IU TP
1377981935599910918,EP-IU TP
1377980473859792900,EP-IU TP
1377979247881551874,EP-IU TP
1377977644931764226,EP-IU TP
1377967529784705026,EP-IU TP
1377964917601546243,EP-IU TP
1377942138965610498,EP-IU TP
1377940994373599234,EP-IU TP
1377936682620743682,EP-IU TP
1377936296249790464,EP-IU TP
1377933861506715648,EP-IU TP
1377933574737948672,EP-IU TP
1377932088121380869,EP-IU TP
1377930555363373056,EP-IU TP
1377930329957224450,EP-IU TP
1377928499772674048,EP-IU TP
1377928192569278464,EP-IU TP
1377925258037039106,EP-IU TP
1377924207036805123,EP-IU TP
1377894817347334144,EP-IU TP
1377889413917773833,EP-IU TP
1377889243255685121,EP-IU TP
1377887791049232385,EP-IU TP
1377887355491737600,EP-IU TP
1377764999477792774,EP-IU TP
1377747813690437632,EP-IU TP
1377916348869787652,EH Bildu TP
1377908432557195264,EH Bildu TP
1378120292023857152,VP-C TP
1377924474981482499,VP-C TP
1377927120949760010,EH Bildu TP
1378065137110814720,EH Bildu TP
1377700734687444997,Mixto TP
1378086209566744578,EP-IU TP
1377703331116769281,EP-IU TP
1377651696562749441,EP-IU TP
1377979760224178180,SV-ES TP
1377986581907316744,EH Bildu TP
1378058353222545416,EH Bildu TP
1377995295661903875,EA-NV TP
1377993265924964363,EA-NV TP
1377990669080395777,EA-NV TP
1377664557141876739,EA-NV TP
1377654679543422980,EA-NV TP
1378281487758397440,VP-C TP
1378370121979269120,EP-IU TP
1378366271260143616,EP-IU TP
1378357457962029072,EP-IU TP
1378357350386573319,EP-IU TP
1378356725393321989,EP-IU TP
1378343966760927233,EP-IU TP
1378341456562286597,EP-IU TP
1378339990720110595,EP-IU TP
1378324321391816712,EP-IU TP
1378289538431393798,EP-IU TP
1378280949398441988,EP-IU TP
1378280698038091777,EP-IU TP
1378272897878388736,EP-IU TP
1378330580404875275,EH Bildu TP
1378383144991272969,SV-ES TP
1378382238635687940,SV-ES TP
1378382451408564227,EH Bildu TP
1378372916551811073,EH Bildu TP
1378305817875779588,EH Bildu TP
1378255463788253186,EA-NV TP
1378319930794385417,EA-NV TP
1378676359858376709,EH Bildu TP
1378599959839305731,EH Bildu TP
1379021104627527686,VP-C TP
1378695463986155523,VP-C TP
1378461907225608194,VP-C TP
1378651982118932487,EA-NV TP
1379039904609529860,EA-NV TP
1378438701278244867,EA-NV TP
1378421435379646467,EA-NV TP
1378629001271459840,EH Bildu TP
1378402667127582729,EH Bildu TP
1378464824527585283,VP-C TP
1378435762656514062,VP-C TP
1379066935044943876,EP-IU TP
1379066329395781632,EP-IU TP
1379061444810059778,EP-IU TP
1379043239362228226,EP-IU TP
1379010402118418434,EP-IU TP
1378998732553879554,EP-IU TP
1378997134163329024,EP-IU TP
1378994294535639044,EP-IU TP
1378992163036479489,EP-IU TP
1378989960624283649,EP-IU TP
1378985823308288002,EP-IU TP
1378983694904528896,EP-IU TP
1378978134830280710,EP-IU TP
1378847537327714309,EP-IU TP
1378829916012212230,EP-IU TP
1378824856213536768,EP-IU TP
1378820385270009861,EP-IU TP
1378819834914480136,EP-IU TP
1378811349673910275,EP-IU TP
1378766014817636355,EP-IU TP
1378744784773337090,EP-IU TP
1378723289133150209,EP-IU TP
1378720662882246665,EP-IU TP
1378716446470066177,EP-IU TP
1378715731928449028,EP-IU TP
1378676391311458308,EP-IU TP
1378667985741680641,EP-IU TP
1378667861930033156,EP-IU TP
1378666474181627910,EP-IU TP
1378666028209688576,EP-IU TP
1378665370815496192,EP-IU TP
1378663910425890821,EP-IU TP
1378663247436517377,EP-IU TP
1378662482827489280,EP-IU TP
1378660363521114112,EP-IU TP
1378659237820268548,EP-IU TP
1378655645696675842,EP-IU TP
1378650933610094593,EP-IU TP
1378649553579180032,EP-IU TP
1378647078587527176,EP-IU TP
1378640846258630656,EP-IU TP
1378459283378073600,EP-IU TP
1378446997913546757,EP-IU TP
1378405278706757637,EP-IU TP
1378404656108470276,EP-IU TP
1378402489364586501,EP-IU TP
1378401466596143104,EP-IU TP
1378400068911443969,EP-IU TP
1378396324450668547,EP-IU TP
1378395868869632004,EP-IU TP
1378394695517282306,EP-IU TP
1378394297293230081,EP-IU TP
1378393844283281415,EP-IU TP
1378393150910308353,EP-IU TP
1378392659446931462,EP-IU TP
1378388933114011648,EP-IU TP
1378387948740173824,EP-IU TP
1378741402159448065,EA-NV TP
1378673213102772225,EH Bildu TP
1378587278864478209,EH Bildu TP
1378469187874652163,EH Bildu TP
1379048305758511105,EH Bildu TP
1378631419845558272,EH Bildu TP
1378415022305636359,EH Bildu TP
1378402687520227331,EH Bildu TP
1378402171369222145,EH Bildu TP
1378398353453617157,EH Bildu TP
1378672075427229696,VP-C TP
1378479497666760704,VP-C TP
1378475842054021120,VP-C TP
1378386601550741505,VP-C TP
1378678775374872580,EH Bildu TP
1378633941742186501,EH Bildu TP
1378605896306192388,EH Bildu TP
1378475898660339712,EH Bildu TP
1378400626183438340,EH Bildu TP
1378484420512997378,VP-C TP
1378744911160283142,EH Bildu TP
1378465915810025474,EH Bildu TP
1378484755642089472,Mixto TP
1378473062606254082,EP-IU TP
1378472929978167297,EP-IU TP
1378413456341221378,EP-IU TP
1378393971219705857,EP-IU TP
1378392506359025669,EP-IU TP
1378661902319038465,EH Bildu TP
1379057188770025472,SV-ES TP
1378706253417959424,SV-ES TP
1378703120977510400,SV-ES TP
1378664196267708417,SV-ES TP
1378768914973351936,EH Bildu TP
1378692669292089346,EH Bildu TP
1378647445282951169,EH Bildu TP
1378689275496120327,EH Bildu TP
1378473630263283712,EH Bildu TP
1378469363058155529,EH Bildu TP
1378409786971197442,EH Bildu TP
1378950828397056001,EH Bildu TP
1378607126642319363,EH Bildu TP
1378460466763198466,EH Bildu TP
1378456821661364229,EH Bildu TP
1378425742887895042,EH Bildu TP
1378462111299424261,EA-NV TP
1378462090122432512,EA-NV TP
1378395856508968962,EA-NV TP
1379087954623205377,VP-C TP
1379087185903771654,VP-C TP
1379086224997163012,VP-C TP
1379172714821345287,EA-NV TP
1379154011249606660,EP-IU TP
1379151523033284620,EP-IU TP
1379141851509297153,EP-IU TP
1379104975020785666,EP-IU TP
1379086652371578886,EP-IU TP
1379085609793429506,EP-IU TP
1379085127477817345,EP-IU TP
1379084388797976578,EP-IU TP
1379084063047360517,EP-IU TP
1379082809931800580,EP-IU TP
1379082311036207106,EP-IU TP
1379082021738274816,EP-IU TP
1379081625833779207,EP-IU TP
1379081098957819914,EP-IU TP
1379076561530413058,EP-IU TP
1379072531760615427,EP-IU TP
1379071472090615809,EP-IU TP
1379336918987591680,EH Bildu TP
1379080269601312772,EH Bildu TP
1379170066617532416,EP-IU TP
1379087872670720001,EP-IU TP
1379165088310001677,SV-ES TP
1379164852703346690,SV-ES TP
1379128993631326210,SV-ES TP
1379343562983284737,EH Bildu TP
1379324797495226369,EH Bildu TP
1379146155393695744,EH Bildu TP
1379108143142158344,EA-NV TP
1379344383590477827,EA-NV TP
1379109187146420224,EA-NV TP
1379079790494384139,EA-NV TP
1379753468466958338,EH Bildu TP
1379750142866247680,EH Bildu TP
1379794841203314691,EH Bildu TP
1379789285684088841,EH Bildu TP
1379398954501214208,VP-C TP
1379691822289727488,EA-NV TP
1379461729789341696,EH Bildu TP
1379447837008789509,EH Bildu TP
1379428506296193034,EH Bildu TP
1379426368333643784,EH Bildu TP
1379403353554321409,EH Bildu TP
1379737935185072131,EH Bildu TP
1379409741735206912,VP-C TP
1379403368548950016,VP-C TP
1379732463040221184,EP-IU TP
1379533720168894466,EP-IU TP
1379532477316923394,EP-IU TP
1379528272132857874,EP-IU TP
1379524384470237185,EP-IU TP
1379469037927817219,EP-IU TP
1379447875357323265,EP-IU TP
1379446272218836999,EP-IU TP
1379446122691895299,EP-IU TP
1379445810744729602,EP-IU TP
1379444302615568393,EP-IU TP
1379443739391844355,EP-IU TP
1379416079651459072,EP-IU TP
1379413936408297483,EP-IU TP
1379412836074553346,EP-IU TP
1379772565238001665,EP-IU TP
1379673278369959937,EP-IU TP
1379371605789401089,VP-C TP
1379675599527116804,EH Bildu TP
1379518780448108545,Mixto TP
1379441863409668102,Mixto TP
1379791396253671438,EP-IU TP
1379738952530325505,EP-IU TP
1379731409380728833,EP-IU TP
1379533171004485633,EP-IU TP
1379506448170946565,EP-IU TP
1379495376198238210,EP-IU TP
1379471329204768770,EP-IU TP
1379471212011786240,EP-IU TP
1379747460705366021,SV-ES TP
1379746387462664197,SV-ES TP
1379700819306643456,SV-ES TP
1379363586829615109,SV-ES TP
1379531760686542858,EH Bildu TP
1379382837195968513,EA-NV TP
1379382833475690500,EA-NV TP
1379742198498004992,EA-NV TP
1379513035149152259,EA-NV TP
1379371238011895809,EA-NV TP
1379829884533547012,EA-NV TP
1380140223758209026,EA-NV TP
1379902380595089408,EH Bildu TP
1379801064652804100,EH Bildu TP
1380163533757939714,EH Bildu TP
1379812080556109827,EH Bildu TP
1380065176800653313,EP-IU TP
1379902842450939907,EP-IU TP
1379900605024632838,EP-IU TP
1379895946788667398,EP-IU TP
1379890467769290759,EP-IU TP
1379888797903695876,EP-IU TP
1379886422568620039,EP-IU TP
1379874340515295234,EP-IU TP
1379817247590481924,EP-IU TP
1379816633737314307,EP-IU TP
1379815134365937668,EP-IU TP
1379814252312158208,EP-IU TP
1379813842910330880,EP-IU TP
1379810559420473354,EP-IU TP
1379808407587319810,EP-IU TP
1379806777970204672,EP-IU TP
1379805570409062404,EP-IU TP
1379805156628430853,EP-IU TP
1379804439276617729,EP-IU TP
1379796658930733058,EP-IU TP
1380083183060975616,EP-IU TP
1380044286209748994,EP-IU TP
1380150516336967689,EH Bildu TP
1380149179109023746,EH Bildu TP
1380129947856015363,EH Bildu TP
1379840767074697217,EH Bildu TP
1380160606964178957,EH Bildu TP
1380079525401399297,VP-C TP
1379867798646763520,EH Bildu TP
1379914370143154177,EP-IU TP
1379912971724423177,EP-IU TP
1379885156979343366,EP-IU TP
1379828727866097664,EH Bildu TP
1379820162946334722,EH Bildu TP
1380067777642397696,SV-ES TP
1380162535756857349,EH Bildu TP
1380151755170807810,EH Bildu TP
1380149790592352257,EH Bildu TP
1380148660311310343,EH Bildu TP
1380163126029586435,EA-NV TP
1380130843566440448,EA-NV TP
1380077265166475270,EA-NV TP
1380076900526268416,EA-NV TP
1380057466654896137,EA-NV TP
1380054544466505728,EA-NV TP
1380043566286831616,EA-NV TP
1380042978991935489,EA-NV TP
1379803796193345536,EA-NV TP
1380453238198177793,EH Bildu TP
1380430181005934593,EH Bildu TP
1380430158126055424,EH Bildu TP
1380437517460238342,EH Bildu TP
1380264318755860484,EH Bildu TP
1380232014293532672,EP-IU TP
1380443292761001984,EH Bildu TP
1380249199393050630,EH Bildu TP
1380243148132212736,EH Bildu TP
1380228064358055941,EH Bildu TP
1380238623463858176,Mixto TP
1380429379495464962,EP-IU TP
1380427332041777152,EP-IU TP
1380424230278430720,EP-IU TP
1380397653331152897,EP-IU TP
1380259500809129990,EP-IU TP
1380257773372473353,EP-IU TP
1380254743629545472,EP-IU TP
1380227867225817091,EP-IU TP
1380195137683398664,EH Bildu TP
1380179978638213120,EH Bildu TP
1380421215744036864,EH Bildu TP
1380214906717405193,EH Bildu TP
1380428207720136706,EA-NV TP
1380421617520685056,EA-NV TP
1380419754352128001,EA-NV TP
1380249782560636932,EA-NV TP
1380224891471937539,EA-NV TP
1380224889840410630,EA-NV TP
1380197273737519106,EA-NV TP
1380181259196989447,EA-NV TP
1380490309239500801,EH Bildu TP
1380625587929280516,VP-C TP
1380808839017140228,EH Bildu TP
1380818921138364416,VP-C TP
1380818575951339520,EH Bildu TP
1380608720753860615,EH Bildu TP
1380516877470990336,EH Bildu TP
1380849271302414342,EH Bildu TP
1380848340590415873,EH Bildu TP
1380807550405390336,EH Bildu TP
1380807130375196672,EH Bildu TP
1380522638922104833,EH Bildu TP
1380821873957691392,VP-C TP
1380837762736214016,Mixto TP
1380833789581139969,Mixto TP
1380551461495525385,EP-IU TP
1380524980807536640,SV-ES TP
1380844128473378818,EA-NV TP
1380805777116569602,EA-NV TP
1380793675941298177,EA-NV TP
1380765024046755840,EA-NV TP
1380764624002367489,EA-NV TP
1380763905241284610,EA-NV TP
1380969278090936330,VP-C TP
1381180690092396547,EH Bildu TP
1380976683457646594,EH Bildu TP
1381231111720857602,EH Bildu TP
1381222388378046476,EH Bildu TP
1381202728773427200,EH Bildu TP
1381195623626575877,EH Bildu TP
1381183694946336780,EH Bildu TP
1380877869371564037,EH Bildu TP
1380970876435365889,EH Bildu TP
1380954475108691974,EH Bildu TP
1380880371827507201,EH Bildu TP
1380955824659562497,VP-C TP
1380877076060901377,EP-IU TP
1380960629104730116,EH Bildu TP
1380864927615815691,EH Bildu TP
1381141092226240513,EH Bildu TP
1380995196947677187,EH Bildu TP
1380968800061943811,EH Bildu TP
1380935162788249607,EH Bildu TP
1380863129429684231,EH Bildu TP
1380946010516688900,VP-C TP
1381141952498962433,EP-IU TP
1380962734108463104,EP-IU TP
1381208230265765891,EH Bildu TP
1381207039284764675,EH Bildu TP
1381192531908640773,EH Bildu TP
1381173068823941121,EH Bildu TP
1381159669603897346,EH Bildu TP
1381134597262606337,EH Bildu TP
1381134211046838273,EH Bildu TP
1380981791171997698,EH Bildu TP
1380969030723469317,EH Bildu TP
1380967682627997696,EH Bildu TP
1380930703286796292,EH Bildu TP
1380927110664060928,EH Bildu TP
1380862602692149253,EH Bildu TP
1381231715943903239,SV-ES TP
1381208344053039106,SV-ES TP
1381207798328004610,SV-ES TP
1380875180675899392,SV-ES TP
1380874659923701761,SV-ES TP
1380874065649541124,SV-ES TP
1380896708067004420,EH Bildu TP
1381221956515721216,EH Bildu TP
1381175223303733252,EA-NV TP
1381157622909440005,EA-NV TP
1381157472912748547,EA-NV TP
1380887125709709312,EA-NV TP
1380877954574614532,EA-NV TP
1380876958477737986,EA-NV TP
1381243074739896325,EH Bildu TP
1381277063135498243,VP-C TP
1381237639005765640,EH Bildu TP
1381543424881491969,EH Bildu TP
1381293025318612996,EH Bildu TP
1381292608467648513,EH Bildu TP
1381287491471347713,EH Bildu TP
1381284466543501319,EH Bildu TP
1381318594773053442,EP-IU TP
1381317762790866951,EP-IU TP
1381315796228521989,EP-IU TP
1381538763864674305,EH Bildu TP
1381374361324691462,EH Bildu TP
1381371612054839298,EH Bildu TP
1381361282239070209,EH Bildu TP
1381357274745212939,EH Bildu TP
1381347474930012165,EH Bildu TP
1381354430398873601,SV-ES TP
1381234398822068224,SV-ES TP
1381233469473308676,SV-ES TP
1381255417876074499,EH Bildu TP
1381516503321870336,EA-NV TP
1381505788695474176,EA-NV TP
1381595724463407106,EH Bildu TP
1381900987829485569,EH Bildu TP
1381850309409013764,EH Bildu TP
1381666692493942789,EH Bildu TP
1381664945729904646,EH Bildu TP
1381662888583106564,EH Bildu TP
1381654622830534657,EH Bildu TP
1381705824586891265,VP-C TP
1381895662745292803,EP-IU TP
1381867699907788803,EP-IU TP
1381622227368607746,EH Bildu TP
1381631043384569856,EH Bildu TP
1381703608933179394,EH Bildu TP
1381577184201019394,EH Bildu TP
1381893513059700741,Mixto TP
1381690638324862979,Mixto TP
1381700287979741190,EP-IU TP
1381700285643505667,EP-IU TP
1381595185109405696,EP-IU TP
1381564897926995968,EP-IU TP
1381861271830720513,EH Bildu TP
1381588673997774851,EH Bildu TP
1381587388376477696,EH Bildu TP
1381575171753005056,EH Bildu TP
1381553544453623808,EH Bildu TP
1381700222926127111,SV-ES TP
1381696872235085827,SV-ES TP
1381883357135536129,EH Bildu TP
1381585035011194884,EH Bildu TP
1381681358779604995,EA-NV TP
1381652854725865472,EA-NV TP
1381610582646919169,EA-NV TP
1381576211147718658,EA-NV TP
1382011445756489738,EH Bildu TP
1382071659696373760,EH Bildu TP
1382071649332252676,EH Bildu TP
1382071630910873605,EH Bildu TP
1382071547553329156,EH Bildu TP
1382071475914616836,EH Bildu TP
1382071473339240448,EH Bildu TP
1382071452275507205,EH Bildu TP
1382071348495855618,EH Bildu TP
1382071313062371329,EH Bildu TP
1382071174578987009,EH Bildu TP
1382071155880820743,EH Bildu TP
1382071120459931659,EH Bildu TP
1382071113837056005,EH Bildu TP
1382035764880498691,EA-NV TP
1381957999405699073,EA-NV TP
1381939370660335616,EA-NV TP
1382059630436700162,EH Bildu TP
1381933490254544899,EH Bildu TP
1382250332818919425,EP-IU TP
1382230824200896514,EP-IU TP
1382021222733598724,EP-IU TP
1381919796976099331,EP-IU TP
1381948409398112262,EP-IU TP
1382064502561239040,EH Bildu TP
1381968629101686784,VP-C TP
1381942274490314758,VP-C TP
1381970092234248192,Mixto TP
1381935008693288964,Mixto TP
1382258515826315266,EP-IU TP
1382250432127508481,EP-IU TP
1381921581027500034,EP-IU TP
1381985391826321417,SV-ES TP
1381973116243435522,SV-ES TP
1381938816433467392,SV-ES TP
1381959928462548992,EH Bildu TP
1381959579425103872,EH Bildu TP
1382259358986276864,EA-NV TP
1382256899400331264,EA-NV TP
1382254928006156290,EA-NV TP
1382254638552989699,EA-NV TP
1382243583659536384,EA-NV TP
1382228440984784896,EA-NV TP
1382664144680275975,EH Bildu TP
1382421517062057988,EH Bildu TP
1382406776046379011,EH Bildu TP
1382658503962030081,VP-C TP
1382310793773989890,EA-NV TP
1382600675939512324,EH Bildu TP
1382434438039150596,EH Bildu TP
1382433271880032263,EH Bildu TP
1382433076287012868,EH Bildu TP
1382432790860464134,EH Bildu TP
1382432314081349640,EH Bildu TP
1382432187631464448,EH Bildu TP
1382592175960117248,EH Bildu TP
1382422059322597382,EH Bildu TP
1382408098111950853,EH Bildu TP
1382406247882850307,EH Bildu TP
1382404399109115905,EH Bildu TP
1382620945173655558,EH Bildu TP
1382617820219969544,EH Bildu TP
1382581012710965250,EP-IU TP
1382578469641592833,EP-IU TP
1382304681230209028,EP-IU TP
1382294683162923008,EP-IU TP
1382650364701335554,EH Bildu TP
1382586987287347200,EH Bildu TP
1382586071427452928,EH Bildu TP
1382285777988620292,EH Bildu TP
1382458325271470081,Mixto TP
1382645626433835017,EP-IU TP
1382643985458544651,EP-IU TP
1382437277725569027,EP-IU TP
1382437121185710081,EP-IU TP
1382435932436111361,EP-IU TP
1382421390146551808,EP-IU TP
1382408682756005897,EP-IU TP
1382367445038563331,EP-IU TP
1382357934462623747,EP-IU TP
1382357720326635530,EP-IU TP
1382331396220448771,EP-IU TP
1382602058944053251,EH Bildu TP
1382391512957325314,EH Bildu TP
1382387478582153216,EH Bildu TP
1382312970944970758,EH Bildu TP
1382433452633513986,SV-ES TP
1382662266936512512,EH Bildu TP
1382606939255930881,EA-NV TP
1382561559877156865,EH Bildu TP
1382280955495342091,EA-NV TP
1382279064183054336,EA-NV TP
1382618081323855873,EA-NV TP
1382606946826588161,EA-NV TP
1382589173572452352,EA-NV TP
1382571585731715074,EA-NV TP
1382571097674121216,EA-NV TP
1382571005319774212,EA-NV TP
1382416167395078146,EA-NV TP
1382415487250919432,EA-NV TP
1382350303740170243,EA-NV TP
1383010138878005252,EH Bildu TP
1383007290400382981,EH Bildu TP
1382780469327101958,EH Bildu TP
1382722683700445185,EH Bildu TP
1383006175122370562,EH Bildu TP
1382996211825790979,EA-NV TP
1382994848924467200,EA-NV TP
1382993469724049409,EA-NV TP
1382730893001908227,EA-NV TP
1382730620342779905,EA-NV TP
1382730362745413635,EA-NV TP
1382730057915981829,EA-NV TP
1382729568147152901,EA-NV TP
1382729152617443328,EA-NV TP
1382941694371446785,EH Bildu TP
1383055045894213635,EH Bildu TP
1382788486068113410,EH Bildu TP
1382776917435224066,EH Bildu TP
1383075701792907268,EH Bildu TP
1383001515045052418,EH Bildu TP
1382976986700713985,EH Bildu TP
1382792618602594307,EH Bildu TP
1382776337207865365,EH Bildu TP
1383009769615671300,EP-IU TP
1382958967362568195,EP-IU TP
1382768438972649490,EP-IU TP
1382728344043728897,EP-IU TP
1382728333994131462,EP-IU TP
1382728330995249157,EP-IU TP
1382728319456657412,EP-IU TP
1382728307511332866,EP-IU TP
1383017343845081094,EP-IU TP
1382977290682970113,EH Bildu TP
1382709439518683139,EH Bildu TP
1383082541104660485,EH Bildu TP
1383054756877324290,EH Bildu TP
1382697550034141184,EH Bildu TP
1382943508504449025,EH Bildu TP
1382773484418433028,EH Bildu TP
1382708095219081223,EH Bildu TP
1382997047406628864,Mixto TP
1382751895547224075,Mixto TP
1382712390765182979,Mixto TP
1383012606030577667,EP-IU TP
1383012044279021572,EP-IU TP
1383010514809327616,EP-IU TP
1382992699112972289,EP-IU TP
1382992616900415494,EP-IU TP
1382947770621902848,EP-IU TP
1382768496409509893,EP-IU TP
1382767917574537218,EP-IU TP
1382758144410058759,EP-IU TP
1382713578160017409,EP-IU TP
1383047668558135298,EH Bildu TP
1383015227684483072,EH Bildu TP
1382997605437825025,EH Bildu TP
1382997147172343811,EH Bildu TP
1382981792345567235,EH Bildu TP
1382969712120897537,EH Bildu TP
1382963925436801026,EH Bildu TP
1382961878079520768,EH Bildu TP
1382778521999785984,EH Bildu TP
1382777725388218376,EH Bildu TP
1383009506515419139,SV-ES TP
1382989890690945026,SV-ES TP
1382982659631149058,SV-ES TP
1382682296030003206,SV-ES TP
1383082124337643523,EH Bildu TP
1383081335640760322,EH Bildu TP
1382946699463757824,EH Bildu TP
1382799149872128000,EH Bildu TP
1382754776190959622,EH Bildu TP
1382742986832945157,EH Bildu TP
1382742628811280393,EH Bildu TP
1382700651352887302,EH Bildu TP
1382674413334757380,EH Bildu TP
1382963245053526017,EH Bildu TP
1382766337135611907,EH Bildu TP
1382754160391639044,EH Bildu TP
1383025315568570374,EA-NV TP
1383004222954815489,EA-NV TP
1382976043460534272,EA-NV TP
1382974358398898177,EA-NV TP
1382961983411093504,EA-NV TP
1382956171653431298,EA-NV TP
1382729168480256004,EA-NV TP
1382680550914285569,EA-NV TP
1382677450430242816,EA-NV TP
1383382447954427904,EH Bildu TP
1383372330349461505,EH Bildu TP
1383367336845971472,EH Bildu TP
1383401200599506953,EA-NV TP
1383120055408414728,EA-NV TP
1383119903604019202,EA-NV TP
1383119740231688195,EA-NV TP
1383119523197358083,EA-NV TP
1383119201922076674,EA-NV TP
1383118943016124416,EA-NV TP
1383118687905984513,EA-NV TP
1383118424382054401,EA-NV TP
1383117840715251714,EA-NV TP
1383117298576322565,EA-NV TP
1383116921177055233,EA-NV TP
1383116664414298119,EA-NV TP
1383116387544137728,EA-NV TP
1383116158304407556,EA-NV TP
1383115946441719814,EA-NV TP
1383115609257484289,EA-NV TP
1383361451553787919,EH Bildu TP
1383137216575201284,EH Bildu TP
1383374279002099715,EP-IU TP
1383372003529281540,EH Bildu TP
1383363469081079812,VP-C TP
1383363467105619977,VP-C TP
1383375752280690688,EH Bildu TP
1383117442256400390,EH Bildu TP
1383114018232152065,EH Bildu TP
1383116895063318534,Mixto TP
1383360483609047044,EP-IU TP
1383359253537181700,EP-IU TP
1383399089723699208,EH Bildu TP
1383370757506420738,EH Bildu TP
1383292103573204992,EH Bildu TP
1383087505231261702,EH Bildu TP
1383411454083174404,SV-ES TP
1383131150537867264,SV-ES TP
1383129885938479106,SV-ES TP
1383128282518982659,SV-ES TP
1383399137559728135,EH Bildu TP
1383342200541483010,EH Bildu TP
1383341641180717059,EH Bildu TP
1383144318769246212,EH Bildu TP
1383116287040192517,EH Bildu TP
1383373727820173323,EA-NV TP
1383348916175863813,EA-NV TP
1383116056244408323,EA-NV TP
1383102553538314240,EA-NV TP
1383090349669777408,EA-NV TP
1383713906338668556,EA-NV TP
1383713373372567556,EA-NV TP
1383677314521722881,EA-NV TP
1383489684572033027,EH Bildu TP
1383706605036838914,EH Bildu TP
1383715980858118144,EP-IU TP
1383488299562504206,EP-IU TP
1383480990434172931,EP-IU TP
1383427429360758789,EP-IU TP
1383706301369262087,EH Bildu TP
1383493262065897479,EH Bildu TP
1383491101277888514,EH Bildu TP
1383460603537227776,EH Bildu TP
1383531495009099779,EA-NV TP
1383789557468983305,EA-NV TP
1383777829100220416,EA-NV TP
1383869519307829249,EH Bildu TP
1383853772657500165,EH Bildu TP
1383813094191734794,EH Bildu TP
1383809640413032453,EH Bildu TP
1384024590549078022,EH Bildu TP
1383852516090122240,EH Bildu TP
1383838036450967555,VP-C TP
1383782370612895756,EP-IU TP
1383737496907902979,EH Bildu TP
1384015469984710656,EH Bildu TP
1383887951982071811,EH Bildu TP
1383878783363522561,EH Bildu TP
1383877581993242626,EH Bildu TP
1384037058767822851,EH Bildu TP
1384026145163644930,EH Bildu TP
1383855644357271558,EH Bildu TP
1383854797938298889,EH Bildu TP
1383828703285637129,EH Bildu TP
1383825921103130631,EH Bildu TP
1383819571145023490,EH Bildu TP
1383802348254859264,EH Bildu TP
1383801970142507010,EH Bildu TP
1383801616986382340,EH Bildu TP
1383801271887437825,EH Bildu TP
1383800763357417476,EH Bildu TP
1383764575963652106,EH Bildu TP
1383742889180557318,EH Bildu TP
1383739657574256646,EH Bildu TP
1383737146419253256,EH Bildu TP
1384043747856379904,SV-ES TP
1384043299707650048,SV-ES TP
1383879474068869126,SV-ES TP
1383730558421721094,EH Bildu TP
1383915340791357442,EA-NV TP
1384244204436549633,EH Bildu TP
1384148580286353412,VP-C TP
1384125322979799050,EA-NV TP
1384127747656601600,EA-NV TP
1384127212383719436,EA-NV TP
1384226882145558545,EH Bildu TP
1384244611468513296,EH Bildu TP
1384078530657460229,EH Bildu TP
1384077916883939338,EH Bildu TP
1384263970354126849,EH Bildu TP
1384451497274920970,VP-C TP
1384256873445040131,VP-C TP
1384431863314407424,EP-IU TP
1384218242357489677,EP-IU TP
1384236286714683393,EH Bildu TP
1384098249464709126,EH Bildu TP
1384231233249415172,EH Bildu TP
1384131638406246412,VP-C TP
1384260848256831490,EH Bildu TP
1384255333468540935,EH Bildu TP
1384210266418663430,EH Bildu TP
1384209381424652297,EH Bildu TP
1384451292160921611,VP-C TP
1384423290819727360,EP-IU TP
1384231263540629504,EP-IU TP
1384448446074171396,EH Bildu TP
1384400498627956736,EH Bildu TP
1384149259319054342,EH Bildu TP
1384106925952946186,EH Bildu TP
1384072722825682948,EH Bildu TP
1384398092833857536,EH Bildu TP
1384388205953392640,EH Bildu TP
1384235365871939590,EH Bildu TP
1384147295977889803,EA-NV TP
1384147293117419529,EA-NV TP
1384222019978293251,EA-NV TP
1384221144576786439,EA-NV TP
1384219202509185033,EA-NV TP
1384216578229555200,EA-NV TP
1384191376716226561,EA-NV TP
1384148154963021837,EA-NV TP
1384147231092068361,EA-NV TP
1384749859840868352,EH Bildu TP
1384609814760894466,EH Bildu TP
1384462196608933892,EH Bildu TP
1384771134114127877,EA-NV TP
1384770627110768640,EA-NV TP
1384768233958526976,EA-NV TP
1384767411090558976,EA-NV TP
1384766306063462401,EA-NV TP
1384764103399510021,EA-NV TP
1384765364689678336,EH Bildu TP
1384489337652457473,VP-C TP
1384760499754213382,EP-IU TP
1384554963460927488,EP-IU TP
1384595530953658370,EP-IU TP
1384601231616794626,EH Bildu TP
1384496766989520900,EH Bildu TP
1384494250755231744,EH Bildu TP
1384580131734364161,EH Bildu TP
1384613182497386501,Mixto TP
1384586575020007429,Mixto TP
1384765954207502337,EP-IU TP
1384765806484000769,EP-IU TP
1384476759047950339,EP-IU TP
1384467419238854659,EP-IU TP
1384756664067411969,EH Bildu TP
1384753201690382336,EH Bildu TP
1384550769920200705,EH Bildu TP
1384771634515611648,SV-ES TP
1384597827049955333,SV-ES TP
1384596484314779648,SV-ES TP
1384596076267819011,SV-ES TP
1384595812374753286,SV-ES TP
1384623613526032385,EH Bildu TP
1384599697982214152,EH Bildu TP
1384628014470811652,EA-NV TP
1384618850637860864,EA-NV TP
1384618757671227402,EA-NV TP
1384616641535823872,EA-NV TP
1384615990953058304,EA-NV TP
1384487878617673728,EA-NV TP
1384486474985394178,EA-NV TP
1384486471550242816,EA-NV TP
1384472622096797696,EA-NV TP
1384472110400032768,EA-NV TP
1384470494527639553,EA-NV TP
1385155056102744066,EH Bildu TP
1384822985375297538,VP-C TP
1384855827517935621,EA-NV TP
1384853571393490945,EH Bildu TP
1384820478003515393,EH Bildu TP
1384926378173337604,VP-C TP
1385149680540127234,EP-IU TP
1384808967164018689,EH Bildu TP
1384808942765760512,EH Bildu TP
1384808941545299971,EH Bildu TP
1384992596578156550,VP-C TP
1384985665557962765,EH Bildu TP
1384981808018825216,EH Bildu TP
1384965959476187136,EH Bildu TP
1384890653210038274,EH Bildu TP
1384835548251148289,VP-C TP
1385142450239512577,EP-IU TP
1384965557108322308,EP-IU TP
1384963489861672967,EP-IU TP
1385133930278494209,EH Bildu TP
1385119914671976449,EH Bildu TP
1384948963065929733,EH Bildu TP
1384857311085215746,EH Bildu TP
1384856803402465281,EH Bildu TP
1384873283217207302,SV-ES TP
1384818225347801110,SV-ES TP
1384807595131686913,SV-ES TP
1384873355568951301,EH Bildu TP
1384857934690234372,EH Bildu TP
1385138316367040512,EA-NV TP
1384962493391515649,EH Bildu TP
1384857543747547136,EA-NV TP
1384857496356020226,EA-NV TP
1384857449862242305,EA-NV TP
1384978081937559557,EA-NV TP
1384888322443591681,EA-NV TP
1384856874961547273,EA-NV TP
1384856578210271235,EA-NV TP
1385290426073198596,EH Bildu TP
1385248800147755013,EH Bildu TP
1385507578206203906,EH Bildu TP
1385492505513369600,EH Bildu TP
1385489349920296961,EH Bildu TP
1385498867177861126,EH Bildu TP
1385338110532329476,EH Bildu TP
1385332408883482626,EH Bildu TP
1385176088058421255,EA-NV TP
1385171380895895555,EA-NV TP
1385279332445302784,EH Bildu TP
1385298547734683654,EH Bildu TP
1385255385108463620,EH Bildu TP
1385254894324654088,EH Bildu TP
1385231338127691776,EH Bildu TP
1385287644066746368,EH Bildu TP
1385299666267516928,EP-IU TP
1385240940449869824,EP-IU TP
1385186802886225920,EP-IU TP
1385297272599158784,EH Bildu TP
1385215143542497282,EH Bildu TP
1385185652476628993,EH Bildu TP
1385464689077915650,EH Bildu TP
1385316692486758407,EH Bildu TP
1385265025523331075,EH Bildu TP
1385226232099397641,EH Bildu TP
1385462446643728385,EH Bildu TP
1385324078962249729,EH Bildu TP
1385203723354443778,EH Bildu TP
1385527886615040000,Mixto TP
1385514334575595525,Mixto TP
1385515613053935619,EP-IU TP
1385259810103435273,EP-IU TP
1385259098183245825,EP-IU TP
1385248845756571654,EP-IU TP
1385302381697671169,SV-ES TP
1385301918902280197,SV-ES TP
1385243717653733378,SV-ES TP
1385207316207874056,SV-ES TP
1385299361282904068,EH Bildu TP
1385309121214402562,EH Bildu TP
1385235491012890624,EH Bildu TP
1385221351930277890,EH Bildu TP
1385205206305185795,EH Bildu TP
1385177352037097473,EH Bildu TP
1385172995199614978,EH Bildu TP
1385526357946355715,EA-NV TP
1385472650840059907,EA-NV TP
1385285948922073090,EA-NV TP
1385230147008319490,EA-NV TP
1385193341407617024,EA-NV TP
1385170477652582402,EA-NV TP
1385169612153790465,EA-NV TP
1385878467347161088,EH Bildu TP
1385623830060806144,VP-C TP
1385710408477122564,EH Bildu TP
1385589348884787210,EH Bildu TP
1385882544097345536,EH Bildu TP
1385699004030259201,EH Bildu TP
1385604445166256129,EH Bildu TP
1385550988203941888,EH Bildu TP
1385567188459958277,EH Bildu TP
1385997634528325636,VP-C TP
1385993971558756355,VP-C TP
1385928688269762562,VP-C TP
1385567779789713413,EP-IU TP
1385552649521618948,EP-IU TP
1385908508831399936,EP-IU TP
1385590036494700544,EH Bildu TP
1385894812663099392,VP-C TP
1385941257541890053,EH Bildu TP
1385916487014273024,VP-C TP
1386020801644834817,EH Bildu TP
1385840784457490434,EH Bildu TP
1386123988640882695,Mixto TP
1386238059650375680,EP-IU TP
1385950732034138114,EP-IU TP
1385950098513932291,EP-IU TP
1385690308156039168,EP-IU TP
1385683520102838285,EP-IU TP
1385683247410126848,EP-IU TP
1385681879710543874,EP-IU TP
1386240325660905473,EH Bildu TP
1386239717621080064,EH Bildu TP
1386239023740502016,EH Bildu TP
1385990244550520833,EH Bildu TP
1385954407456690177,EH Bildu TP
1385908726482284546,EH Bildu TP
1385835149321986048,EH Bildu TP
1385677900947525633,EH Bildu TP
1385675943155585041,EH Bildu TP
1386029472319778816,SV-ES TP
1386029310889406464,SV-ES TP
1386023140514541577,SV-ES TP
1386022485049626625,SV-ES TP
1386021881296396290,SV-ES TP
1385959792527675404,SV-ES TP
1385957916755304450,SV-ES TP
1385955237769486337,SV-ES TP
1385943418665414658,SV-ES TP
1385881480996478978,EH Bildu TP
1386057974330839040,EH Bildu TP
1385688833195483139,EH Bildu TP
1385917384221921281,EA-NV TP
1385917345466552320,EA-NV TP
1385917306061135872,EA-NV TP
1386213566047559683,EA-NV TP
1386206238514597888,EA-NV TP
1386017098023915522,EA-NV TP
1385876056800903171,EA-NV TP
1385637022098935812,EA-NV TP
1385624506979418114,EA-NV TP
1385598782574845952,EA-NV TP
1385564527815757825,EA-NV TP
1385562719345123333,EA-NV TP
1385558105245863936,EA-NV TP
1385554817796411400,EA-NV TP
1385552823929262081,EA-NV TP
1385552504532971521,EA-NV TP
1385552093407240192,EA-NV TP
1385552021437227017,EA-NV TP
1385550905215438855,EA-NV TP
1385550192766857216,EA-NV TP
1385549960243032065,EA-NV TP
1385543553116409860,EA-NV TP
1386668797692612616,EA-NV TP
1386622895850496000,EA-NV TP
1386622772609175552,EA-NV TP
1386622497794232322,EA-NV TP
1386622137788772353,EA-NV TP
1386620768562421760,EA-NV TP
1386620564178100224,EA-NV TP
1386620206034956288,EA-NV TP
1386619719965368322,EA-NV TP
1386556859549720577,EH Bildu TP
1386417044250189824,EH Bildu TP
1386271641181773824,EH Bildu TP
1386592983194165248,EP-IU TP
1386559826512203776,EH Bildu TP
1386559218388512768,EH Bildu TP
1386594319973425153,EH Bildu TP
1386282421679759367,EH Bildu TP
1386618141330006019,VP-C TP
1386574014458605571,EH Bildu TP
1386668239334395909,EP-IU TP
1386436419527221253,EP-IU TP
1386436037145022467,EP-IU TP
1386362521431461892,EP-IU TP
1386554198968446976,EH Bildu TP
1386420130154835970,EH Bildu TP
1386397546923372545,EH Bildu TP
1386387504761352195,EH Bildu TP
1386383807935356934,EH Bildu TP
1386381068115357699,EH Bildu TP
1386370463820095490,EH Bildu TP
1386346736432603139,EH Bildu TP
1386345834804023299,EH Bildu TP
1386344414327541761,EH Bildu TP
1386327957581533186,EH Bildu TP
1386327645093199872,EH Bildu TP
1386322288472166401,EH Bildu TP
1386320284051853314,EH Bildu TP
1386318982672785414,EH Bildu TP
1386310300543197185,EH Bildu TP
1386305603513982980,EH Bildu TP
1386303963151151107,EH Bildu TP
1386273263593078784,EH Bildu TP
1386272583910371330,EH Bildu TP
1386270307380563968,EH Bildu TP
1386265391069028355,EH Bildu TP
1386262080333008897,EH Bildu TP
1386261771942567937,EH Bildu TP
1386257075345448962,EH Bildu TP
1386255211837145090,EH Bildu TP
1386250933231837185,EH Bildu TP
1386247153438314498,EH Bildu TP
1386261480694235139,SV-ES TP
1386261267762008065,SV-ES TP
1386260999729295360,SV-ES TP
1386614091196817412,EH Bildu TP
1386245860560879617,SV-ES TP
1386567727947649028,EH Bildu TP
1386664327399280647,EA-NV TP
1386351551665643520,EA-NV TP
1386780084963524608,EH Bildu TP
1386946087555145728,EH Bildu TP
1386751277518950407,EH Bildu TP
1386733611739664388,EH Bildu TP
1386935402339123202,EA-NV TP
1386976639322558466,EH Bildu TP
1386939358540873729,EH Bildu TP
1386956125178933254,EA-NV TP
1386781005919436802,EH Bildu TP
1386767129618288643,EH Bildu TP
1386752895522156544,EH Bildu TP
1386711173781991428,EH Bildu TP
1386698718263627777,EH Bildu TP
1386688317912141828,EH Bildu TP
1386943895221805057,EH Bildu TP
1386936172111335424,EH Bildu TP
1386978613921296388,VP-C TP
1386748394295660545,VP-C TP
1386937564167352324,EP-IU TP
1386749380523405312,EP-IU TP
1386778256850968581,EH Bildu TP
1386759723471589381,EH Bildu TP
1386721360035078149,EH Bildu TP
1386739761797283846,EP-IU TP
1386680735252287494,EP-IU TP
1386680733515849729,EP-IU TP
1386940075141906433,SV-ES TP
1386936748509442048,SV-ES TP
1386925294527913984,SV-ES TP
1386732673616564224,EH Bildu TP
1386952010772238340,EH Bildu TP
1386755926246440962,EH Bildu TP
1386676886999293955,EH Bildu TP
1386705372895973376,EA-NV TP
1386705344961912832,EA-NV TP
1386705230604218377,EA-NV TP
1386972095645732864,EA-NV TP
1386962583450697729,EA-NV TP
1386762664735555593,EA-NV TP
1386684125717876739,EA-NV TP
1387438069284999174,EH Bildu TP
1387130836802281474,EH Bildu TP
1387077485314072580,VP-C TP
1387007886199562243,EH Bildu TP
1387158031432044545,EH Bildu TP
1387138808609660933,EH Bildu TP
1387387217501376518,EH Bildu TP
1387375722562564098,EH Bildu TP
1387147318365929472,VP-C TP
1387324375226097665,VP-C TP
1387323599627898880,VP-C TP
1387132171794661382,VP-C TP
1387294809107410948,EP-IU TP
1387027424861466625,EP-IU TP
1387018759643217922,EP-IU TP
1386987789623906309,EP-IU TP
1387090014572584963,EH Bildu TP
1387308288472240129,VP-C TP
1387080273364496385,VP-C TP
1387118999717171207,EH Bildu TP
1387107619526021124,VP-C TP
1387112915342348290,EP-IU TP
1387098909269544960,EP-IU TP
1387079765870403594,EP-IU TP
1387075314594062344,EP-IU TP
1387075312933130240,EP-IU TP
1387050017135808512,EP-IU TP
1386998735616495618,EP-IU TP
1386998516099293185,EH Bildu TP
1387495017070186496,SV-ES TP
1387494342693171201,SV-ES TP
1387493037652254722,SV-ES TP
1387409976889597958,SV-ES TP
1387394805777543169,SV-ES TP
1387380209968721920,SV-ES TP
1387379654793834499,SV-ES TP
1387363787083329538,SV-ES TP
1387362419014578178,SV-ES TP
1387459657208406016,EH Bildu TP
1387086832270196739,EH Bildu TP
1387427468483694601,EA-NV TP
1387084073789804544,EA-NV TP
1387084014972977157,EA-NV TP
1387666108593819650,EA-NV TP
1387464443408363525,EA-NV TP
1387456908018208768,EA-NV TP
1387428979313979392,EA-NV TP
1387381692856508416,EA-NV TP
1387357222469050368,EA-NV TP
1387344402297892869,EA-NV TP
1387319902038593536,EA-NV TP
1387310174373826562,EA-NV TP
1387104393628160014,EA-NV TP
1387044507716182016,EA-NV TP
1386990372124086280,EA-NV TP
1387738702215004161,EH Bildu TP
1388088755932868614,EH Bildu TP
1388062618741624836,EH Bildu TP
1387823284310482948,EH Bildu TP
1387878763464175618,EH Bildu TP
1388071089318866952,EA-NV TP
1388070320293257216,EA-NV TP
1388069788623282176,EA-NV TP
1388069267892023297,EA-NV TP
1388068552570245121,EA-NV TP
1388068010259324928,EA-NV TP
1388044065850204162,EH Bildu TP
1387875713668222977,EH Bildu TP
1387799044718796806,EH Bildu TP
1387798748970065923,EH Bildu TP
1387768364987305998,EH Bildu TP
1387731265697296384,EH Bildu TP
1388090160521302017,EH Bildu TP
1387740651165560833,VP-C TP
1387843367715934215,EP-IU TP
1387838148793753610,EP-IU TP
1387759486446735525,EP-IU TP
1387757018107322370,EP-IU TP
1387743634859114497,EP-IU TP
1387898291640315911,EA-NV TP
1387897955856887810,EA-NV TP
1387716457895759883,EH Bildu TP
1387716207839678464,EH Bildu TP
1387989854429093894,EH Bildu TP
1388102581109542915,Mixto TP
1388067374985777152,Mixto TP
1387893811372863496,Mixto TP
1387816426531139590,Mixto TP
1387847239536685069,EP-IU TP
1387739151441801216,EP-IU TP
1388037774494810114,EH Bildu TP
1387856556327378944,EH Bildu TP
1387811518654423044,EH Bildu TP
1387709093519966209,SV-ES TP
1387781073568948224,EH Bildu TP
1388060193133637632,EH Bildu TP
1387706681417768964,EA-NV TP
1388053487477575680,EH Bildu TP
1388095060672122880,EA-NV TP
1388008159034449920,EA-NV TP
1387783853033525253,EA-NV TP
1387776292280492034,EA-NV TP
1387739869468889088,EA-NV TP
1387738448166010881,EA-NV TP
1387734881053122561,EA-NV TP
1388434816228630528,EH Bildu TP
1388391346956869634,EH Bildu TP
1388252010428997637,EH Bildu TP
1388223982667714560,EH Bildu TP
1388212247160360960,EH Bildu TP
1388488453470539778,EH Bildu TP
1388137819634376708,EH Bildu TP
1388441336123113473,EH Bildu TP
1388402882991513600,EH Bildu TP
1388422134842724353,EH Bildu TP
1388142649580953600,EH Bildu TP
1388139612883795970,EH Bildu TP
1388420389416706048,VP-C TP
1388432025846272001,EP-IU TP
1388190334782423044,EP-IU TP
1388123579972296709,EP-IU TP
1388500064503533571,EP-IU TP
1388393062280400898,EP-IU TP
1388429020182761472,EH Bildu TP
1388174256836599810,EH Bildu TP
1388480568736747521,EH Bildu TP
1388477544811438084,EH Bildu TP
1388442648156033026,EH Bildu TP
1388177887212318722,EH Bildu TP
1388110193528090625,EH Bildu TP
1388445323983474688,VP-C TP
1388483742088540162,EH Bildu TP
1388460513735200776,EH Bildu TP
1388143165350293507,EH Bildu TP
1388385157338513409,EH Bildu TP
1388440823294042113,EP-IU TP
1388398809718444032,EP-IU TP
1388382713988763648,EP-IU TP
1388381177350959104,EP-IU TP
1388486064793432067,EH Bildu TP
1388448660397207554,EH Bildu TP
1388437456878456832,EH Bildu TP
1388234761739644929,EH Bildu TP
1388481867171737602,SV-ES TP
1388244280565698560,SV-ES TP
1388175804237025283,SV-ES TP
1388175093248008196,SV-ES TP
1388137990673911808,SV-ES TP
1388137543103918082,SV-ES TP
1388136775365890059,SV-ES TP
1388132641296293891,SV-ES TP
1388132078319980544,SV-ES TP
1388131678309265409,SV-ES TP
1388131428802732043,SV-ES TP
1388131054561734658,SV-ES TP
1388130638700716032,SV-ES TP
1388120556306845700,SV-ES TP
1388119420954890244,SV-ES TP
1388118739825184776,SV-ES TP
1388435282329014274,EH Bildu TP
1388387983577993217,EH Bildu TP
1388439146168045568,EH Bildu TP
1388419634337042432,EH Bildu TP
1388413067915112452,EH Bildu TP
1388413065520160769,EH Bildu TP
1388468938049261576,EA-NV TP
1388176778485800962,EA-NV TP
1388153813576654848,EA-NV TP
1388135270168547330,EA-NV TP
1388134041006845958,EA-NV TP
1388586023580536835,EH Bildu TP
1388531596081385472,EH Bildu TP
1388803825826508801,EH Bildu TP
1388510241323618312,EH Bildu TP
1388861710367436803,EP-IU TP
1388520926933884931,EP-IU TP
1388853033359089667,EH Bildu TP
1388505544680431617,EH Bildu TP
1388848788337532933,EH Bildu TP
1388877324372877313,EP-IU TP
1388871238546857986,EP-IU TP
1388824336681820165,EH Bildu TP
1388824007424753669,EH Bildu TP
1388816255491137541,EH Bildu TP
1388786351152246784,EH Bildu TP
1388824636205543424,SV-ES TP
1388793335586885632,SV-ES TP
1388792763962040323,SV-ES TP
1388514041954451459,SV-ES TP
1388779876455436290,EH Bildu TP
1388765833397145601,EA-NV TP
1388532785774747652,EA-NV TP
1388532571622068228,EA-NV TP
1388530203941605381,EA-NV TP
1389151232464465923,EH Bildu TP
1389136229896175619,EH Bildu TP
1389131338826063877,EH Bildu TP
1389116327122685953,EH Bildu TP
1388905756070666249,VP-C TP
1389100567029506053,EP-IU TP
1388920706067542020,EP-IU TP
1388963959563227136,EH Bildu TP
1388939143359733761,EH Bildu TP
1388935744341913604,EP-IU TP
1388925891896545284,EP-IU TP
1388918704025571332,EP-IU TP
1388916080140296197,EP-IU TP
1389145442781437952,EH Bildu TP
1388888249012195329,SV-ES TP
1388887432679116804,SV-ES TP
1389473898987667456,EH Bildu TP
1389232576913723394,EH Bildu TP
1389176737313984512,EH Bildu TP
1389202488008617985,EH Bildu TP
1389319714946621440,EH Bildu TP
1389230591166586880,EH Bildu TP
1389209622293143560,EH Bildu TP
1389187150176993282,EH Bildu TP
1389475568022917120,EP-IU TP
1389475445989576705,EP-IU TP
1389497761406636032,EH Bildu TP
1389473607236169731,EH Bildu TP
1389176600781115393,EH Bildu TP
1389176989886652418,EH Bildu TP
1389176109162455044,EH Bildu TP
1389239864814669827,EP-IU TP
1389216543905652739,EP-IU TP
1389323103801692161,EH Bildu TP
1389317095486275594,EH Bildu TP
1389260754327674892,EH Bildu TP
1389203035382067204,EH Bildu TP
1389296520231534597,SV-ES TP
1389192177486544897,SV-ES TP
1389190630467899397,SV-ES TP
1389231220618301441,EH Bildu TP
1389176964150448134,EH Bildu TP
1389505425645576193,EA-NV TP
1389505087136051202,EA-NV TP
1389294085169688577,EA-NV TP
1389267769103986691,EA-NV TP
1389235058859560962,EA-NV TP
1389634175892873217,EH Bildu TP
1389633927959224326,EH Bildu TP
1389564573175402499,EH Bildu TP
1389613609693630476,EP-IU TP
1389606020570353668,EH Bildu TP
1389540167489294336,VP-C TP
1389592860727599107,EP-IU TP
1389575038769242116,EP-IU TP
1389557106781655043,EP-IU TP
1389610544156581888,EH Bildu TP
1389565487613419523,SV-ES TP
1389549227991310337,SV-ES TP
1389605810758725637,EH Bildu TP
1389621261446307848,EA-NV TP
1389564612673146882,EA-NV TP
1389564527411408898,EA-NV TP
1389564125198553092,EA-NV TP
1389561983213744130,EA-NV TP
1389549061582303235,EA-NV TP
1389681628503490562,EH Bildu TP
1389899987698524160,EA-NV TP
1389673328122777610,EA-NV TP
1389850942640738304,EA-NV TP
1389670947624472578,EH Bildu TP
1389693443941748737,EH Bildu TP
1389945118669606913,EH Bildu TP
1389847590670307335,VP-C TP
1389682298526781444,VP-C TP
1389907582282833922,EP-IU TP
1389695318158098435,EP-IU TP
1389907776281980931,EH Bildu TP
1389872345213440001,EH Bildu TP
1389659600832679937,EH Bildu TP
1389908487589801984,VP-C TP
1389873314814906370,VP-C TP
1389676826163916806,VP-C TP
1389671864121843715,VP-C TP
1389929921296879622,EH Bildu TP
1389691458375065600,EH Bildu TP
1389664821432528906,EH Bildu TP
1389682724051509251,VP-C TP
1389942080403816456,EP-IU TP
1389711774254092290,EP-IU TP
1389711422695821312,EP-IU TP
1389673503176249347,EP-IU TP
1389669927993364481,EP-IU TP
1389667915545423875,EP-IU TP
1389644811800567810,EP-IU TP
1389869004790149123,EH Bildu TP
1389868113538306048,EH Bildu TP
1389866467055783941,EH Bildu TP
1389864903079514112,EH Bildu TP
1389840949627473921,EH Bildu TP
1389929762559336452,SV-ES TP
1389929314183958530,SV-ES TP
1389702635062628352,SV-ES TP
1389668694612234245,SV-ES TP
1389657704705273858,SV-ES TP
1389656509030834178,SV-ES TP
1389656391623843841,SV-ES TP
1389653612599578632,SV-ES TP
1389642854897700870,SV-ES TP
1389882925601234947,EA-NV TP
1389882189542797313,EA-NV TP
1389853053835268096,EA-NV TP
1389693609876807682,EA-NV TP
1389693515047768065,EA-NV TP
1389690969952501769,EA-NV TP
1389690524555153413,EA-NV TP
1389687861990072325,EA-NV TP
1389687524948385794,EA-NV TP
1389679963985559552,EA-NV TP
1389679446031011841,EA-NV TP
1389674718664577028,EA-NV TP
1389657171567288329,EA-NV TP
1389642468996620299,EA-NV TP
1390043629226496005,EH Bildu TP
1390038767726104585,EH Bildu TP
1389982369667502082,EH Bildu TP
1389978703438958592,EH Bildu TP
1389975767728197640,EH Bildu TP
1389971980842110978,EH Bildu TP
1389981002580348932,EP-IU TP
1390023980917141508,EH Bildu TP
1390030655640195078,EH Bildu TP
1390026981543133190,EH Bildu TP
1390005563761827841,EH Bildu TP
1389987675860504578,EH Bildu TP
1390038677443731456,EH Bildu TP
1389968576367443970,EH Bildu TP
1390036088270508039,SV-ES TP
1390035617157951490,SV-ES TP
1390034963781898241,SV-ES TP
1390034414650986507,SV-ES TP
1390034175206608899,SV-ES TP
1390033880149905410,SV-ES TP
1390247201092296707,EH Bildu TP
1390228965764345859,EH Bildu TP
1390272991628570624,VP-C TP
1390242720246009860,EH Bildu TP
1390221381149802497,EH Bildu TP
1390217315548110848,EH Bildu TP
1390217031501365250,EH Bildu TP
1390215118122795013,EH Bildu TP
1390202564281618434,EH Bildu TP
1390199874231144448,EH Bildu TP
1390191781103472641,EH Bildu TP
1390212209653977088,VP-C TP
1390292558157389837,EP-IU TP
1390292301826699265,EP-IU TP
1390214025988952064,EP-IU TP
1390206487675424768,EP-IU TP
1390218856896110596,EH Bildu TP
1390211845190033408,EH Bildu TP
1390211724150722560,EH Bildu TP
1390211452150198273,EH Bildu TP
1390210705601798145,EH Bildu TP
1390206854484172802,EH Bildu TP
1390205675301703685,EH Bildu TP
1390195307301023744,EH Bildu TP
1390293580594532354,SV-ES TP
1390292997452017667,SV-ES TP
1390292164781936640,SV-ES TP
1390289471585898502,SV-ES TP
1390288267040468993,SV-ES TP
1390287478196772866,SV-ES TP
1390287200403738625,SV-ES TP
1390233837079257095,EA-NV TP
1390226324669743104,EA-NV TP
1390203922908856325,EA-NV TP
1390370555883409408,EA-NV TP
1390349669037842433,EH Bildu TP
1390347855819415557,EH Bildu TP
1390335851033411585,EP-IU TP
1390386035943673864,EH Bildu TP
1390550626015252483,VP-C TP
1390542240720859137,EH Bildu TP
1390531383584514049,EH Bildu TP
1390363532806471684,EP-IU TP
1390338349311856642,EP-IU TP
1390336225253511168,EP-IU TP
1390576822782468097,EH Bildu TP
1390424728884686851,EH Bildu TP
1390414497010049026,EH Bildu TP
1390346750423097347,EH Bildu TP
1390316962895572995,EH Bildu TP
1390579334881107971,SV-ES TP
1390578409160560640,SV-ES TP
1390577422370738178,SV-ES TP
1390577214291390469,SV-ES TP
1390576966793842690,SV-ES TP
1390370120023818240,SV-ES TP
1390369619081314304,SV-ES TP
1390368965751357441,SV-ES TP
1390398186272006147,EH Bildu TP
1390342700415717380,EH Bildu TP
1390557203233378304,EA-NV TP
1390310423501574148,EA-NV TP
1390607078679535616,EH Bildu TP
1390640803907784706,EP-IU TP
1390640802523664386,EP-IU TP
1390630601020121091,EH Bildu TP
1390651307619454977,EH Bildu TP
1390600804537704450,EP-IU TP
1390652297382858755,SV-ES TP
1390649922563809284,SV-ES TP
1390649212904296451,SV-ES TP
1390625701527752712,EA-NV TP
1390990731314176000,EH Bildu TP
1390963565893390336,EH Bildu TP
1390978768131563525,EH Bildu TP
1390755991277428742,EH Bildu TP
1390753919568076807,EH Bildu TP
1390766023167594499,EH Bildu TP
1390690000073854980,EH Bildu TP
1390727639091105802,EP-IU TP
1390727637404880896,EP-IU TP
1390739869081690115,EP-IU TP
1390732475689734147,EP-IU TP
1390950603027845121,EH Bildu TP
1390718216167641091,EH Bildu TP
1390718116334874626,EH Bildu TP
1390992828038266881,EH Bildu TP
1390746107588796417,EH Bildu TP
1390702389980712961,EH Bildu TP
1390733964080467973,EH Bildu TP
1390688731997294596,EH Bildu TP
1390977288691490818,VP-C TP
1390750682903465988,VP-C TP
1390663314351525892,Mixto TP
1390939879324979205,EP-IU TP
1390933792601296898,EP-IU TP
1390786027334348806,EP-IU TP
1390785651008811016,EP-IU TP
1390923547447603200,EH Bildu TP
1390722320264794119,SV-ES TP
1390722163422945283,SV-ES TP
1390958166649806848,EH Bildu TP
1390775207917494280,EH Bildu TP
1390774020409331719,EH Bildu TP
1390763196449951744,EH Bildu TP
1390741110029525002,EH Bildu TP
1390759833880702976,EH Bildu TP
1390759832551108611,EH Bildu TP
1390759828482629643,EH Bildu TP
1390937006994251776,EA-NV TP
1390936964862517248,EA-NV TP
1390936928028090368,EA-NV TP
1390936883652349952,EA-NV TP
1390936831051567104,EA-NV TP
1390715768510222339,EA-NV TP
1390713286266662913,EA-NV TP
1390665016169451520,EA-NV TP
1391047733746839555,EA-NV TP
1391307888690405378,EA-NV TP
1391313818425380864,EH Bildu TP
1391329162795929604,VP-C TP
1391329158089822209,VP-C TP
1391329152838557696,VP-C TP
1391107100668055559,EP-IU TP
1391123357517615105,EH Bildu TP
1391117690526474245,EH Bildu TP
1391011910129172483,EH Bildu TP
1391342264153219076,VP-C TP
1391266652742893569,EH Bildu TP
1391127336075075586,Mixto TP
1391307182726074369,EP-IU TP
1391351797097324546,SV-ES TP
1391351490061684736,SV-ES TP
1391167033618874369,SV-ES TP
1391166733013168130,SV-ES TP
1391165975739969538,SV-ES TP
1391165705219883010,SV-ES TP
1391057556202786824,SV-ES TP
1391022235348049922,SV-ES TP
1391021834083123200,SV-ES TP
1391020366374522882,SV-ES TP
1391020163043057669,SV-ES TP
1391019260714143751,SV-ES TP
1391018426550919175,SV-ES TP
1391010667281387522,EH Bildu TP
1391300247897493506,EA-NV TP
1391159687467446272,EA-NV TP
1391023369122947079,EA-NV TP
1391370797449613312,VP-C TP
1391677697609326593,EH Bildu TP
1391457607286677508,VP-C TP
1391416560275841026,EA-NV TP
1391717190190129158,EA-NV TP
1391715853423497226,EA-NV TP
1391714104449056768,EA-NV TP
1391712436990971905,EA-NV TP
1391701686381654016,EH Bildu TP
1391700805393203201,EH Bildu TP
1391699046994227201,EH Bildu TP
1391443138842185728,EH Bildu TP
1391427741208166406,EH Bildu TP
1391502439736565760,EH Bildu TP
1391488198057025538,VP-C TP
1391481991376384005,VP-C TP
1391384801492484100,EH Bildu TP
1391668829177225219,VP-C TP
1391403656256360451,VP-C TP
1391481479474069506,EH Bildu TP
1391481192579469314,EH Bildu TP
1391476346971426817,EH Bildu TP
1391454859577200640,EH Bildu TP
1391448896442929159,EH Bildu TP
1391432738620723203,EH Bildu TP
1391428154959581185,EH Bildu TP
1391427913921224710,EH Bildu TP
1391465746484670469,VP-C TP
1391406610023596033,VP-C TP
1391405130013200390,VP-C TP
1391504455137431562,EH Bildu TP
1391680342000640003,EP-IU TP
1391676561338912772,EP-IU TP
1391674915510702081,EP-IU TP
1391733162565410818,EH Bildu TP
1391730723304914945,EH Bildu TP
1391709739948597248,EH Bildu TP
1391450833729040384,EH Bildu TP
1391677100369788928,SV-ES TP
1391662448411824129,SV-ES TP
1391653638452531201,SV-ES TP
1391454018644422658,SV-ES TP
1391453002058305539,SV-ES TP
1391409387177185282,EA-NV TP
1391409246756130820,EA-NV TP
1391723909792342016,EA-NV TP
1391695834388041728,EA-NV TP
1391694027528065024,EA-NV TP
1391693040645967873,EA-NV TP
1391846720934498309,EA-NV TP
1391765399897837571,EA-NV TP
1391764675457597440,EA-NV TP
1391764059343802370,EA-NV TP
1392011512420646912,EH Bildu TP
1391774454079004678,EH Bildu TP
1392116883088883717,EH Bildu TP
1391859826230239238,EH Bildu TP
1391758270050750466,EH Bildu TP
1391755630348836870,EH Bildu TP
1391994210119716864,EP-IU TP
1391809808051879936,EP-IU TP
1391808174685048841,EP-IU TP
1391832144612368385,VP-C TP
1391787074014126088,VP-C TP
1392110312774590469,EP-IU TP
1392023871512092673,EP-IU TP
1392008769811386372,EP-IU TP
1392005566894125061,EP-IU TP
1391812983714635778,EP-IU TP
1391740740716400647,EP-IU TP
1391883493106503680,EH Bildu TP
1391752602262687750,EH Bildu TP
1392105749560664072,SV-ES TP
1392103405741658113,SV-ES TP
1392075307142762503,EH Bildu TP
1391801954439942146,EA-NV TP
1391795482234662917,EA-NV TP
1392189944848920576,EA-NV TP
1392145401864724486,EA-NV TP
1392394755108130817,EA-NV TP
1392388898488307715,EA-NV TP
1392387857180934145,EA-NV TP
1392386925479317505,EA-NV TP
1392386505864327172,EA-NV TP
1392385650679328772,EA-NV TP
1392384560973991945,EA-NV TP
1392383540877213696,EA-NV TP
1392382818311970817,EA-NV TP
1392230250063581184,EH Bildu TP
1392223906946297857,EH Bildu TP
1392220396175437837,EH Bildu TP
1392168234112143361,EH Bildu TP
1392168213874626564,EH Bildu TP
1392411653870964737,EH Bildu TP
1392407006263271426,EH Bildu TP
1392136405770461191,EH Bildu TP
1392163583644119040,EP-IU TP
1392344410348793859,EP-IU TP
1392382201740898305,VP-C TP
1392403311228239872,EH Bildu TP
1392387635939844097,EH Bildu TP
1392230678369128449,EH Bildu TP
1392179331330420736,EH Bildu TP
1392401765866348544,Mixto TP
1392367221167513602,EP-IU TP
1392216675815198724,EP-IU TP
1392214512368033795,EP-IU TP
1392415531454681090,EH Bildu TP
1392408372310335489,EH Bildu TP
1392407598549327873,EH Bildu TP
1392405340206084098,SV-ES TP
1392404914933047297,SV-ES TP
1392403973982859266,SV-ES TP
1392380151095336961,SV-ES TP
1392375828047089664,SV-ES TP
1392207180972048384,SV-ES TP
1392394874058596352,EA-NV TP
1392394813388038146,EA-NV TP
1392394761114374144,EA-NV TP
1392183544047415300,EA-NV TP
1392183522601930757,EA-NV TP
1392577414891454471,EH Bildu TP
1392456233542619137,VP-C TP
1392784857072295937,EH Bildu TP
1392574853522378754,EH Bildu TP
1392503581488582665,EA-NV TP
1392801576759267329,EH Bildu TP
1392799983657705473,EH Bildu TP
1392798601680654336,EH Bildu TP
1392797694037475331,EH Bildu TP
1392796877536567296,EH Bildu TP
1392796392205258755,EH Bildu TP
1392795191103434755,EH Bildu TP
1392794222940626946,EH Bildu TP
1392792610704707584,EH Bildu TP
1392791332939251717,EH Bildu TP
1392788342346063877,EH Bildu TP
1392786968593960960,EH Bildu TP
1392715635168358400,EH Bildu TP
1392560999920713730,EH Bildu TP
1392489499482013699,EH Bildu TP
1392757006096871425,EH Bildu TP
1392582940719304709,EH Bildu TP
1392549145647407110,EH Bildu TP
1392539236293914632,EH Bildu TP
1392769795771322369,EH Bildu TP
1392749696561647621,EH Bildu TP
1392521045031198725,VP-C TP
1392785506337968128,EP-IU TP
1392595034252447745,EP-IU TP
1392443393066913794,EH Bildu TP
1392456672866672640,EH Bildu TP
1392447081449762816,EH Bildu TP
1392779810573897728,VP-C TP
1392827518948884480,EH Bildu TP
1392579312239382528,EH Bildu TP
1392607627356655621,Mixto TP
1392569979275464705,EP-IU TP
1392448176901263363,EP-IU TP
1392787977198346240,EH Bildu TP
1392785314457047040,EH Bildu TP
1392721744037777410,EH Bildu TP
1392815615476383748,SV-ES TP
1392805811169153032,SV-ES TP
1392794154166636546,SV-ES TP
1392573630844911624,SV-ES TP
1392774315813351424,EA-NV TP
1392758021927882758,EH Bildu TP
1392556659738923009,EH Bildu TP
1392556093436465152,EH Bildu TP
1392760822447882241,EA-NV TP
1392460745363841024,EA-NV TP
1392460676707360774,EA-NV TP
1392460472604110850,EA-NV TP
1392460411702759429,EA-NV TP
1392529671011569668,EA-NV TP
1393139971100393473,EH Bildu TP
1392898811593465857,EH Bildu TP
1392860796544290817,EH Bildu TP
1393159755091349508,EH Bildu TP
1392942651868057605,EH Bildu TP
1393115258512883712,EA-NV TP
1393114955432534020,EA-NV TP
1393114174406922241,EA-NV TP
1393113638618140675,EA-NV TP
1393110705428127745,EA-NV TP
1393110185753915392,EA-NV TP
1393104216420503555,EA-NV TP
1393103774508634113,EA-NV TP
1393135744563171328,EH Bildu TP
1392949326381469702,EH Bildu TP
1392858000101150728,EH Bildu TP
1392871974339289089,EH Bildu TP
1393133041783123971,EH Bildu TP
1393132856101195778,EH Bildu TP
1393131808510853120,EH Bildu TP
1393129194113183747,EH Bildu TP
1392954971361062912,VP-C TP
1393152591144624128,EP-IU TP
1393136001292414976,EP-IU TP
1392865467514200068,EP-IU TP
1393129588591579138,EH Bildu TP
1393102162260070403,EH Bildu TP
1393057029720354818,EH Bildu TP
1392923682956365825,EH Bildu TP
1392854259742412809,EH Bildu TP
1392839890006540292,EH Bildu TP
1393131293274218501,VP-C TP
1392831526954573824,VP-C TP
1392831525566226440,VP-C TP
1393135863853375488,EP-IU TP
1392962147077001223,EP-IU TP
1392953401235935244,EP-IU TP
1392941942498074628,EP-IU TP
1392941937104146440,EP-IU TP
1392941934755319811,EP-IU TP
1392941926408724490,EP-IU TP
1392849517196754945,EP-IU TP
1393156366295080962,EH Bildu TP
1393145387154817032,EH Bildu TP
1392860601433612291,SV-ES TP
1392859684252655617,SV-ES TP
1392831887094190083,SV-ES TP
1393131167159832577,EH Bildu TP
1392931395593547778,EH Bildu TP
1392931187077885955,EH Bildu TP
1393150421011771392,EH Bildu TP
1392957026955931654,EH Bildu TP
1392930352642002947,EH Bildu TP
1392955461511561218,EA-NV TP
1393482787898994688,EH Bildu TP
1393400483549700099,EH Bildu TP
1393282623003414528,EH Bildu TP
1393248573509316608,EH Bildu TP
1393541261622185984,VP-C TP
1393656239297597443,EA-NV TP
1393164673764179968,EH Bildu TP
1393208460549009411,EA-NV TP
1393567047506878475,EH Bildu TP
1393498163344982016,EH Bildu TP
1393476709098340357,EH Bildu TP
1393667443168526338,VP-C TP
1393666288401125381,VP-C TP
1393219523612979200,EP-IU TP
1393173142626050048,EP-IU TP
1393663712498798605,EH Bildu TP
1393517841408827402,VP-C TP
1393170502764662787,VP-C TP
1393596295907008513,VP-C TP
1393562198618869765,VP-C TP
1393286464381857792,VP-C TP
1393668940921020422,Mixto TP
1393510315829104640,Mixto TP
1393589262050811910,EP-IU TP
1393202654168375298,EP-IU TP
1393180423652618243,EP-IU TP
1393168571182821377,EP-IU TP
1393451989665779712,EH Bildu TP
1393445765197008896,EH Bildu TP
1393279737582301185,EH Bildu TP
1393275160887795718,EH Bildu TP
1393258994593148934,EH Bildu TP
1393233047462494213,EH Bildu TP
1393213348423114753,EH Bildu TP
1393615199496724481,SV-ES TP
1393614662160224257,SV-ES TP
1393531174115586048,SV-ES TP
1393530472173641732,SV-ES TP
1393529857477419010,SV-ES TP
1393504447100342272,SV-ES TP
1393205577636106243,SV-ES TP
1393178726813274120,SV-ES TP
1393567945838764036,EH Bildu TP
1393566854061383680,EH Bildu TP
1393196069660602368,EH Bildu TP
1393195983765377024,EH Bildu TP
1393196221100171270,EH Bildu TP
1393190123102212098,EH Bildu TP
1393211220493283328,EH Bildu TP
1393222273344102405,EA-NV TP
1393222214724505602,EA-NV TP
1393222166708166663,EA-NV TP
1393222116263202817,EA-NV TP
1393222070289457156,EA-NV TP
1393222021971120129,EA-NV TP
1393639226793660419,EA-NV TP
1393554320323457024,EA-NV TP
1393553297743745026,EA-NV TP
1393543879933190148,EA-NV TP
1393518723772846082,EA-NV TP
1393873746335838208,EH Bildu TP
1393921183020732419,SV-ES TP
1393919849253031936,SV-ES TP
1393835119618805760,SV-ES TP
1393863528222756864,EH Bildu TP
1393921659141332993,EA-NV TP
1394040708386930694,EA-NV TP
1393974732106698760,EA-NV TP
1393974263380647937,EA-NV TP
1393973848010280962,EA-NV TP
1393973222480166917,EA-NV TP
1394185934246223873,EH Bildu TP
1394165850014457859,EH Bildu TP
1394165842003255296,EH Bildu TP
1394165834533253122,EH Bildu TP
1394165823816744960,EH Bildu TP
1394165808524365826,EH Bildu TP
1394165776307867650,EH Bildu TP
1394165774764367872,EH Bildu TP
1394165770830163974,EH Bildu TP
1394165759337697283,EH Bildu TP
1394165747849510917,EH Bildu TP
1394165735937748995,EH Bildu TP
1394165722260164610,EH Bildu TP
1394165710516019200,EH Bildu TP
1394165700445474819,EH Bildu TP
1393987820570750976,EH Bildu TP
1393960209798909954,EH Bildu TP
1394192519701876737,VP-C TP
1394216902709456898,VP-C TP
1394207632907456512,EP-IU TP
1394205436333731843,EP-IU TP
1393978312029089811,EP-IU TP
1393991508995592194,EH Bildu TP
1394201983163244545,EH Bildu TP
1393945594209656834,EH Bildu TP
1393981611910254592,EA-NV TP
1394392191993266181,EH Bildu TP
1394391611958833153,EH Bildu TP
1394585243932372993,EH Bildu TP
1394346325391597568,EH Bildu TP
1394640116669366275,EH Bildu TP
1394585554944249856,EH Bildu TP
1394294801642790915,EH Bildu TP
1394255594266189830,VP-C TP
1394295732933431297,VP-C TP
1394328305868935171,EP-IU TP
1394349376152162308,EH Bildu TP
1394348634200752129,EH Bildu TP
1394347247882616835,EH Bildu TP
1394569764773765121,VP-C TP
1394399360805449730,EH Bildu TP
1394334560624709636,VP-C TP
1394380324793200643,EP-IU TP
1394277605424173056,EP-IU TP
1394257608366862340,EP-IU TP
1394256438718078977,EP-IU TP
1394245214697574400,EP-IU TP
1394225434624155650,EP-IU TP
1394369988354613251,EH Bildu TP
1394365159351672833,EH Bildu TP
1394642811383947270,SV-ES TP
1394640243215773697,SV-ES TP
1394281262320394242,SV-ES TP
1394280895578791937,SV-ES TP
1394278667849592832,SV-ES TP
1394278148724953090,SV-ES TP
1394277721803567104,SV-ES TP
1394277100023173120,SV-ES TP
1394267145496899587,SV-ES TP
1394258136807137280,SV-ES TP
1394614447864520706,EH Bildu TP
1394612021178638337,EA-NV TP
1394349428874567682,EA-NV TP
1394323085214593024,EA-NV TP
1394322149981184005,EA-NV TP
1394306581995696129,EA-NV TP
1394282760500547592,EA-NV TP
1394282322703396865,EA-NV TP
1394276294033088512,EA-NV TP
1394667352386572298,EA-NV TP
1394719853227950089,EH Bildu TP
1394706958138150925,EH Bildu TP
1394716027053826048,EH Bildu TP
1394675494029778949,EP-IU TP
1394702182612668421,EH Bildu TP
1394718625618083847,EH Bildu TP
1394659850873933824,EP-IU TP
1394659846515998724,EP-IU TP
1394709761657028615,SV-ES TP
1394681441901072388,SV-ES TP
1394712210937614338,EA-NV TP
1394712184370958338,EA-NV TP
1394712119342469122,EA-NV TP
1394712061586907136,EA-NV TP
1394977671076106256,EH Bildu TP
1394977259124109315,EH Bildu TP
1394976554434940936,EH Bildu TP
1394976187273842691,EH Bildu TP
1394975322433523716,EH Bildu TP
1394974748355006467,EH Bildu TP
1394973456849117187,EH Bildu TP
1394973739318718467,EH Bildu TP
1394928735304966148,EH Bildu TP
1394758826872774658,EH Bildu TP
1394749643280506881,EH Bildu TP
1394747971015778304,EH Bildu TP
1394985480547180545,EH Bildu TP
1394943797096820736,EH Bildu TP
1394991844250038272,EH Bildu TP
1394885684540985344,EH Bildu TP
1394932869043302403,VP-C TP
1394880082305507333,EH Bildu TP
1394964502723153920,VP-C TP
1394731173893574674,EP-IU TP
1395006739804721158,SV-ES TP
1395004785439526915,SV-ES TP
1395004320123392006,SV-ES TP
1395003185706815488,SV-ES TP
1394998987745280001,SV-ES TP
1394951806531293185,SV-ES TP
1394951425814405124,SV-ES TP
1394950295290064898,SV-ES TP
1394917325489512448,SV-ES TP
1394745945443688450,SV-ES TP
1394744960977604611,SV-ES TP
1394938317603590147,EH Bildu TP
1395098153616035842,EH Bildu TP
1395119930190749702,EH Bildu TP
1395101525039620102,EH Bildu TP
1395107241838141445,EH Bildu TP
1395022427902644228,EH Bildu TP
1395335766000218120,EH Bildu TP
1395335761981886467,EH Bildu TP
1395058249574010887,EH Bildu TP
1395290679375446017,EH Bildu TP
1395011522410262529,EH Bildu TP
1395090954298798083,EH Bildu TP
1395323284124848130,EP-IU TP
1395016174509887490,EA-NV TP
1395283656076320776,EP-IU TP
1395121702141632519,EH Bildu TP
1395103650402480132,VP-C TP
1395327967039983616,Mixto TP
1395073537275269123,EP-IU TP
1395067305315405831,EP-IU TP
1395366487095980032,SV-ES TP
1395365986870730757,SV-ES TP
1395365580648091649,SV-ES TP
1395365156935421954,SV-ES TP
1395365004493344776,SV-ES TP
1395099489569017857,SV-ES TP
1395098814227390465,SV-ES TP
1395302620227588098,EH Bildu TP
1395249738308636675,EH Bildu TP
1395122000943886338,EH Bildu TP
1395120946864869378,EH Bildu TP
1395118868645957636,EH Bildu TP
1395117163447562242,EH Bildu TP
1395116841140461575,EH Bildu TP
1395116499875078146,EH Bildu TP
1395090784676950023,EH Bildu TP
1395079066248695812,EH Bildu TP
1395050572257054734,EH Bildu TP
1395292290848067584,EA-NV TP
1395106620498194435,EH Bildu TP
1395070203130748930,EA-NV TP
1395479222081183746,EH Bildu TP
1395629281213100032,EA-NV TP
1395638502621069313,EA-NV TP
1395637726741991425,EA-NV TP
1395636982773161984,EA-NV TP
1395636372489265154,EA-NV TP
1395635487671468034,EA-NV TP
1395634792738217986,EA-NV TP
1395633957736157188,EA-NV TP
1395460820830756876,EH Bildu TP
1395645840572784645,VP-C TP
1395489620624920578,VP-C TP
1395666559998300162,EH Bildu TP
1395473579224059912,EH Bildu TP
1395401456593817600,VP-C TP
1395433367173308417,EH Bildu TP
1395473518020726787,Mixto TP
1395472137801064449,EP-IU TP
1395466504330752007,EP-IU TP
1395386727041220612,EP-IU TP
1395447187862065160,EH Bildu TP
1395490264739950596,SV-ES TP
1395489971587457024,SV-ES TP
1395395004638638083,SV-ES TP
1395645768342646784,EH Bildu TP
1395495253927464966,EH Bildu TP
1395457693599547395,EH Bildu TP
1395648259138408453,EH Bildu TP
1395473553026437121,EH Bildu TP
1396046177003573252,EH Bildu TP
1395703401971961856,EH Bildu TP
1395706728839254017,EH Bildu TP
1395705855174184961,EH Bildu TP
1395705389165985795,EH Bildu TP
1395704883190419456,EH Bildu TP
1396102884983459846,VP-C TP
1396473924683186179,EA-NV TP
1396222186986299392,EA-NV TP
1396186742592614403,EA-NV TP
1396083378370367497,EH Bildu TP
1395791392023121921,EH Bildu TP
1395708189585420289,EH Bildu TP
1396176969079869448,EA-NV TP
1396162559506534400,EA-NV TP
1396414951095406599,EA-NV TP
1396412253587578880,EA-NV TP
1396108916740829185,EH Bildu TP
1396000916168454149,EH Bildu TP
1395738648985931777,EH Bildu TP
1396044921644191744,VP-C TP
1396062928894373890,EP-IU TP
1395689786799792134,EP-IU TP
1396051041288957955,EH Bildu TP
1395829345718095874,EH Bildu TP
1395705619118690314,EH Bildu TP
1396408502994735113,EH Bildu TP
1396026681794699265,EH Bildu TP
1395821898462908429,EH Bildu TP
1395820291662692355,EH Bildu TP
1395696057196101634,EH Bildu TP
1395690513395769349,VP-C TP
1396017705136820224,VP-C TP
1396109425656610816,EP-IU TP
1396108126429057030,EP-IU TP
1396062346125221904,EP-IU TP
1396061724600590339,EP-IU TP
1395763658983100418,EP-IU TP
1395683263872700418,EP-IU TP
1395682418485510146,EP-IU TP
1396128123197009922,EH Bildu TP
1396058517929439234,EH Bildu TP
1396058125191483394,EH Bildu TP
1396043121729884163,EH Bildu TP
1395868481057394688,EH Bildu TP
1395826339018575881,EH Bildu TP
1396460655125872643,SV-ES TP
1396460282629836801,SV-ES TP
1396457511373377540,SV-ES TP
1396457282473545733,SV-ES TP
1396457230619316226,SV-ES TP
1396456999961890817,SV-ES TP
1396456841949949955,SV-ES TP
1396456633023217671,SV-ES TP
1396456339191250948,SV-ES TP
1396371319076368384,SV-ES TP
1396166380077166593,SV-ES TP
1396166272988164100,SV-ES TP
1395844694823870472,SV-ES TP
1395843386142339075,SV-ES TP
1395843327514251269,SV-ES TP
1395843215698370561,SV-ES TP
1395843123809562627,SV-ES TP
1395842709982785549,SV-ES TP
1395842643284877315,SV-ES TP
1395842469292556288,SV-ES TP
1395842351965298690,SV-ES TP
1395842266141450250,SV-ES TP
1395842138819207170,SV-ES TP
1395814981581557760,SV-ES TP
1395814671744184322,SV-ES TP
1395814349713952770,SV-ES TP
1395813830966525953,SV-ES TP
1395813599214460931,SV-ES TP
1395771508514033669,SV-ES TP
1395771449240170501,SV-ES TP
1395771236941189129,SV-ES TP
1395771107362459648,SV-ES TP
1395770965687250944,SV-ES TP
1395770684282916864,SV-ES TP
1395763436789841926,SV-ES TP
1395763144992116743,SV-ES TP
1395748625242857479,SV-ES TP
1395748319197020162,SV-ES TP
1395748128284979213,SV-ES TP
1395748078318235652,SV-ES TP
1395747842627678216,SV-ES TP
1395747677917401090,SV-ES TP
1395747306943696905,SV-ES TP
1395747165604139008,SV-ES TP
1395746798585749509,SV-ES TP
1395746437787443201,SV-ES TP
1396370079391027201,EH Bildu TP
1396093917200855040,EH Bildu TP
1395711976152735750,EH Bildu TP
1396031894073090063,EH Bildu TP
1396031892122750977,EH Bildu TP
1396009920160571393,EH Bildu TP
1396008032178425864,EH Bildu TP
1396431570601394176,EA-NV TP
1396431523113586693,EA-NV TP
1396431353399463938,EA-NV TP
1396072529001857026,EA-NV TP
1396072472194211850,EA-NV TP
1396072426174394371,EA-NV TP
1396072370864107521,EA-NV TP
1396072288018182144,EA-NV TP
1396072268606939143,EA-NV TP
1396072231147646976,EA-NV TP
1396072191259824128,EA-NV TP
1395722191883358208,EA-NV TP
1395722147025375236,EA-NV TP
1395722104008581122,EA-NV TP
1396129115456081928,EA-NV TP
1396105026733592576,EA-NV TP
1396038514811224065,EA-NV TP
1396543528705183753,EH Bildu TP
1396537698509369346,EH Bildu TP
1396581458106531843,EH Bildu TP
1396565806528483333,EH Bildu TP
1396718476375506949,EH Bildu TP
1396701997097697285,EH Bildu TP
1396724050878205956,SV-ES TP
1396723960079921156,SV-ES TP
1396723891503079429,SV-ES TP
1396723692223217666,SV-ES TP
1396723410101837824,SV-ES TP
1396723320964452352,SV-ES TP
1396723189976375298,SV-ES TP
1396722529859952641,SV-ES TP
1396567147267207170,SV-ES TP
1396533545087143937,SV-ES TP
1396748983356338177,EH Bildu TP
1396515680468578307,EA-NV TP
1396514982536302595,EA-NV TP
1397135838404878338,EH Bildu TP
1397135591121301505,EH Bildu TP
1396953273786044418,VP-C TP
1397083713587097602,EH Bildu TP
1396927157167865867,EH Bildu TP
1396942120028712963,EA-NV TP
1396796368635715587,EA-NV TP
1396796294992125952,EA-NV TP
1396796231691681795,EA-NV TP
1396796151576281088,EA-NV TP
1396795948945268738,EA-NV TP
1396795803079938058,EA-NV TP
1396795701384908802,EA-NV TP
1396795593771700230,EA-NV TP
1397182114664177666,EH Bildu TP
1397181937945567246,EH Bildu TP
1397181356430569483,EH Bildu TP
1396888401006243842,EH Bildu TP
1396859468537909255,EH Bildu TP
1397108999812747268,VP-C TP
1397158636934344704,EP-IU TP
1397113613236715522,EP-IU TP
1397101254128570368,EP-IU TP
1397063472047853574,EH Bildu TP
1397125817755389953,VP-C TP
1397111016752881664,VP-C TP
1396821496031547400,EH Bildu TP
1396825238453751809,VP-C TP
1397174211324547077,EP-IU TP
1397163931869851651,EH Bildu TP
1397065901703319552,EH Bildu TP
1397177314211946496,SV-ES TP
1397097616383651842,SV-ES TP
1397096903616208896,SV-ES TP
1396905619693703172,SV-ES TP
1396811707868192776,SV-ES TP
1396811549768028160,SV-ES TP
1396811236856238080,SV-ES TP
1396811169864761345,SV-ES TP
1396810061683568640,SV-ES TP
1396809925658128391,SV-ES TP
1396794479818981377,SV-ES TP
1396794289473085441,SV-ES TP
1396794132559978504,SV-ES TP
1396793707026911233,SV-ES TP
1396779585623187463,SV-ES TP
1396779389426221056,SV-ES TP
1397177038696501250,EH Bildu TP
1396874555357024258,EH Bildu TP
1397271758236000264,EH Bildu TP
1397194519167258626,EH Bildu TP
1397283526001692674,EA-NV TP
1397490391977447425,EH Bildu TP
1397306367636033536,EH Bildu TP
1397304193430474757,EH Bildu TP
1397301974924726275,EH Bildu TP
1397298156707229698,EH Bildu TP
1397295954685042689,EH Bildu TP
1397292300695490564,EH Bildu TP
1397299185947381760,EA-NV TP
1397442952566394881,EA-NV TP
1397294284731293699,EH Bildu TP
1397267837106929664,EH Bildu TP
1397452061835472896,EP-IU TP
1397427567645319170,EP-IU TP
1397515662055067649,EH Bildu TP
1397219411841404936,EH Bildu TP
1397301106192093185,EH Bildu TP
1397296218217324549,EH Bildu TP
1397291826361602053,EH Bildu TP
1397270115926872071,EH Bildu TP
1397493311502536705,EH Bildu TP
1397425078741131265,EH Bildu TP
1397412314299645953,EH Bildu TP
1397476997413150720,VP-C TP
1397452433660469248,VP-C TP
1397249372447027201,VP-C TP
1397242462133960708,VP-C TP
1397226980861435905,VP-C TP
1397284135232749569,EP-IU TP
1397506651767332866,SV-ES TP
1397483991037628418,SV-ES TP
1397240982274551820,SV-ES TP
1397240741479555072,SV-ES TP
1397422760138321920,EH Bildu TP
1397303857957453830,EH Bildu TP
1397238717484523532,EH Bildu TP
1397456602844762112,EA-NV TP
1397456389925228547,EA-NV TP
1397456047623884801,EA-NV TP
1397456004766441474,EA-NV TP
1397250815027449865,EA-NV TP
1397250532696277001,EA-NV TP
1397249862056517632,EA-NV TP
1397249758129971206,EA-NV TP
1397210814734553092,EA-NV TP
1397304842478100487,EA-NV TP
1397302987383508996,EA-NV TP
1397226830499811333,EA-NV TP
1397812954591117315,EH Bildu TP
1397866236009140231,EA-NV TP
1397841925483401218,EA-NV TP
1397841444472295426,EA-NV TP
1397886392861138946,EH Bildu TP
1397883678777298956,EH Bildu TP
1397812940749869058,EH Bildu TP
1397631764433096716,EH Bildu TP
1397887240190279681,EH Bildu TP
1397890183563988993,EH Bildu TP
1397861256267190274,EH Bildu TP
1397859700205621250,EH Bildu TP
1397832791048523780,EH Bildu TP
1397653133736693762,EH Bildu TP
1397589470472458240,EH Bildu TP
1397544570242674688,EH Bildu TP
1397543047131508742,EH Bildu TP
1397887091976118272,EH Bildu TP
1397860488818614277,VP-C TP
1397646934077317121,EP-IU TP
1397653489254342659,EH Bildu TP
1397543265545687044,EH Bildu TP
1397669758644936713,EH Bildu TP
1397611732332318723,Mixto TP
1397858828591435776,EP-IU TP
1397857857370996736,EP-IU TP
1397811771696635905,EP-IU TP
1397665816410218509,EP-IU TP
1397630292303745024,EP-IU TP
1397659366359175168,EH Bildu TP
1397542757871374336,EH Bildu TP
1397868983672610816,SV-ES TP
1397866645490647042,SV-ES TP
1397842952513277954,SV-ES TP
1397807781995073536,SV-ES TP
1397807140325187586,SV-ES TP
1397663791400341505,SV-ES TP
1397662858029285382,SV-ES TP
1397540608051453952,SV-ES TP
1397544550869217286,SV-ES TP
1397642045565677573,EH Bildu TP
1397546940922015745,EH Bildu TP
1397817111062450177,EA-NV TP
1397875937895751686,EA-NV TP
1397794487166984193,EA-NV TP
1398159323470217217,EH Bildu TP
1397991029480034316,EH Bildu TP
1397980568307048448,EH Bildu TP
1397980308184653826,EH Bildu TP
1397980135568154626,EH Bildu TP
1397980075702751232,EH Bildu TP
1397957599086190595,VP-C TP
1397902795509018624,EA-NV TP
1398017412394594304,EH Bildu TP
1398013759483006978,EH Bildu TP
1398149601803243522,EP-IU TP
1398177112641658881,EH Bildu TP
1397891247377895425,Mixto TP
1397993803630456833,EP-IU TP
1397913516976140292,EP-IU TP
1397997710834286600,EH Bildu TP
1398218846209818629,SV-ES TP
1398184909332746241,SV-ES TP
1397971239705133058,SV-ES TP
1397909235195854851,EH Bildu TP
1397904579434590208,EH Bildu TP
1398237090467430400,EH Bildu TP
1398345151165218822,EH Bildu TP
1398343959752196097,EH Bildu TP
1398269200897093634,EH Bildu TP
1398255420142194693,EH Bildu TP
1398253763446595590,EH Bildu TP
1398251928224739331,EH Bildu TP
1398313063519035392,EH Bildu TP
1398300293171920896,EH Bildu TP
1398299304717082629,EH Bildu TP
1398333485476102150,EP-IU TP
1398239986298798081,EH Bildu TP
1398359205061578753,VP-C TP
1398317120145039361,VP-C TP
1398360848880578561,Mixto TP
1398235310824230913,EP-IU TP
1398286327121170435,EH Bildu TP
1398263411000102912,SV-ES TP
1398246952215539716,SV-ES TP
1398370941328146435,EH Bildu TP
1398339456009134085,EA-NV TP
1398261419662090243,EA-NV TP
1398609046387712000,EH Bildu TP
1398581669528018944,EH Bildu TP
1398580424792813571,EH Bildu TP
1398642947906809859,EA-NV TP
1398606611359354881,EH Bildu TP
1398573284241940481,EP-IU TP
1398632733409267712,EH Bildu TP
1398650547520090117,EH Bildu TP
1398649852276449281,EH Bildu TP
1398647390761107461,EH Bildu TP
1398393626292625410,EH Bildu TP
1398649988205486084,VP-C TP
1398667207031283713,EH Bildu TP
1398640735868575744,EH Bildu TP
1398597542061948930,EP-IU TP
1398706475770523650,EH Bildu TP
1398617320231161857,EH Bildu TP
1398617075405537285,EH Bildu TP
1398640392577458180,SV-ES TP
1398696278410866689,EH Bildu TP
1398587011620028417,EH Bildu TP
1398667949733470208,EA-NV TP
1399054706866073601,EH Bildu TP
1398959171979075584,EH Bildu TP
1398935693276205061,EH Bildu TP
1398985611730685953,VP-C TP
1398971216854192128,VP-C TP
1398964119970136067,EA-NV TP
1398981790736564230,EA-NV TP
1399010287760691210,EH Bildu TP
1399038027247329281,VP-C TP
1398991356517928961,VP-C TP
1399044361229422595,VP-C TP
1398930613776814080,VP-C TP
1398930609913925634,VP-C TP
1399008310683181057,EP-IU TP
1398992448739844102,EP-IU TP
1398971732308987905,EH Bildu TP
1399093254138761222,EH Bildu TP
1399088865583976454,EH Bildu TP
1399070384473976835,EH Bildu TP
1398980091284267013,EH Bildu TP
1398957148713926658,VP-C TP
1399104761253801985,EH Bildu TP
1398966981328523265,VP-C TP
1398987457090232321,Mixto TP
1399055540655902721,EP-IU TP
1398980801308602372,EA-NV TP
1398980769989763076,EA-NV TP
1398918273702547461,EA-NV TP
1399312958191190018,EA-NV TP
1399312573166718977,EA-NV TP
1399312218194391041,EA-NV TP
1399311712847859717,EA-NV TP
1399311264598405124,EA-NV TP
1399310811466768385,EA-NV TP
1399377559884865538,EH Bildu TP
1399254507431858176,EH Bildu TP
1399126573807251457,VP-C TP
1399126221171183625,VP-C TP
1399126145090654224,VP-C TP
1399124596717195269,VP-C TP
1399124501087064065,VP-C TP
1399457517177118727,EH Bildu TP
1399372978756927488,VP-C TP
1399429949329661957,VP-C TP
1399263452351377408,EH Bildu TP
1399446454956171270,SV-ES TP
1399406983569195022,SV-ES TP
1399406250601979913,SV-ES TP
1399355444120928256,SV-ES TP
1399347499110907912,SV-ES TP
1399347004334084096,SV-ES TP
1399364865819566084,EA-NV TP
1399361662654767107,EA-NV TP
1399315516951613444,EA-NV TP
1399314056750768128,EA-NV TP
1399313551957889024,EA-NV TP
1399841057714671617,EH Bildu TP
1399669182401187845,EH Bildu TP
1399611800040116224,EH Bildu TP
1399610871916212225,EH Bildu TP
1399607004424019969,EH Bildu TP
1399667049174126592,EH Bildu TP
1399727864250081285,EA-NV TP
1399727388641087496,EH Bildu TP
1399630484725014532,EH Bildu TP
1399741471641702401,EH Bildu TP
1399597060618391555,EH Bildu TP
1399735324281036804,VP-C TP
1399714883281862660,EP-IU TP
1399801578077528065,EH Bildu TP
1399659445852983299,EH Bildu TP
1399706910488731658,SV-ES TP
1399827460301148163,EH Bildu TP
1399630043618361347,EH Bildu TP
1399729136436928514,EA-NV TP
1399728879779074050,EA-NV TP
1399656079869480965,EA-NV TP
1399656075578810369,EA-NV TP
1399773763684769794,EA-NV TP
1399742540853641218,EA-NV TP
1400183978032873473,EH Bildu TP
1400166064269447170,EH Bildu TP
1400070649062821888,EH Bildu TP
1400170585666301955,EH Bildu TP
1400061535423172611,EH Bildu TP
1400058760438104076,EH Bildu TP
1400120309001379840,EH Bildu TP
1400085151749640195,EH Bildu TP
1400121456160395267,VP-C TP
1400096941510438917,VP-C TP
1400127752485978120,EA-NV TP
1400163278806978563,EH Bildu TP
1400113105108090885,EH Bildu TP
1400040531095347203,EH Bildu TP
1399951482733088771,EH Bildu TP
1400200200560517123,EH Bildu TP
1400143969280040961,EH Bildu TP
1400141049327198212,EH Bildu TP
1400010396174630918,EH Bildu TP
1399995958335787011,SV-ES TP
1399994376819036165,SV-ES TP
1400003607710285824,EH Bildu TP
1400147008489463808,EA-NV TP
1400146980001746944,EA-NV TP
1400146785163751428,EA-NV TP
1400199203066896386,EA-NV TP
1399997222033543168,EA-NV TP
1399993609970196483,EA-NV TP
1399992148934680576,EA-NV TP
1400456038206246922,EH Bildu TP
1400438477553127424,EA-NV TP
1400438423480160258,EA-NV TP
1400450799277273091,EH Bildu TP
1400387528990113798,EH Bildu TP
1400345997272834053,EH Bildu TP
1400362261697421312,VP-C TP
1400465654419890184,EP-IU TP
1400465641631404035,EP-IU TP
1400465624040497155,EP-IU TP
1400465612451696647,EP-IU TP
1400438072014168070,EP-IU TP
1400432102106177539,VP-C TP
1400507176209223681,EA-NV TP
1400446633289019398,Mixto TP
1400386177400770563,Mixto TP
1400523176073891841,EP-IU TP
1400343851026550788,EP-IU TP
1400553792110837763,EH Bildu TP
1400527542264729602,EH Bildu TP
1400498652154576902,EH Bildu TP
1400364370845126657,EH Bildu TP
1400545105883418625,SV-ES TP
1400544769483345921,SV-ES TP
1400477572761325569,SV-ES TP
1400477409216970758,SV-ES TP
1400428998082142218,SV-ES TP
1400428218172293124,SV-ES TP
1400381209553866752,EA-NV TP
1400212583098077187,EA-NV TP
1400843301847195653,VP-C TP
1400735169330520067,EA-NV TP
1400930737411473416,EH Bildu TP
1400887270354440196,EH Bildu TP
1400887078880169986,EH Bildu TP
1400829621009108997,EH Bildu TP
1400799152485933059,EH Bildu TP
1400765927726137346,EH Bildu TP
1400765914258235395,EH Bildu TP
1400849854369304584,EH Bildu TP
1400846695894822925,EH Bildu TP
1400842723503058948,EH Bildu TP
1400840706562969612,EH Bildu TP
1400836959224934406,EH Bildu TP
1400823621803728897,EH Bildu TP
1400819920196276225,EH Bildu TP
1400704292781187073,EH Bildu TP
1400863695706669056,VP-C TP
1400922074257018883,EH Bildu TP
1400784095924346880,EH Bildu TP
1400909096233144322,EH Bildu TP
1400706277936971777,EH Bildu TP
1400704209436172289,EH Bildu TP
1400845870749392900,EH Bildu TP
1400723664379813888,EH Bildu TP
1400833810485461001,VP-C TP
1400833066084581384,VP-C TP
1400921372734394368,EP-IU TP
1400919512233484289,EP-IU TP
1400894887030136835,EH Bildu TP
1400854125236178950,EH Bildu TP
1400800754525474816,SV-ES TP
1400799698865242117,SV-ES TP
1400755828932726789,SV-ES TP
1400924283010945029,EH Bildu TP
1400921346708705281,EH Bildu TP
1400827669802098692,EH Bildu TP
1400827667906285579,EH Bildu TP
1400787102976126978,EA-NV TP
1400787017412263938,EA-NV TP
1400784781755944962,EA-NV TP
1401138732103786499,EH Bildu TP
1401129173981315072,EH Bildu TP
1401054395287183365,EH Bildu TP
1401077325358374917,EH Bildu TP
1401155303601852416,EA-NV TP
1401124233825210368,EA-NV TP
1401123635532898305,EA-NV TP
1401123122204532738,EA-NV TP
1401123026792497154,EA-NV TP
1401122934647894018,EA-NV TP
1401122627893272580,EA-NV TP
1401121539660079106,EA-NV TP
1401120855309045761,EA-NV TP
1401120716465094656,EA-NV TP
1401120503528673281,EA-NV TP
1401256200872902662,EH Bildu TP
1400936857333125122,EH Bildu TP
1401178112507977729,VP-C TP
1401176431925792774,VP-C TP
1401123990740086790,EH Bildu TP
1401259063758016517,EH Bildu TP
1401066345828073472,EH Bildu TP
1401159715426652172,EH Bildu TP
1401103730901127168,Mixto TP
1401196404270305288,EP-IU TP
1401153028514881536,EH Bildu TP
1401149611142746112,EH Bildu TP
1401146488223318020,EH Bildu TP
1401144312403005440,EH Bildu TP
1401143898295111683,EH Bildu TP
1401272214364770309,SV-ES TP
1401168868832333824,SV-ES TP
1401168125853417474,SV-ES TP
1401165272367652866,SV-ES TP
1401164072209600516,SV-ES TP
1401138740463083520,SV-ES TP
1401138733663932422,SV-ES TP
1401138726844125189,SV-ES TP
1401138715209211907,SV-ES TP
1401190753251074048,EH Bildu TP
1401069889981456386,EH Bildu TP
1401112196306935812,EA-NV TP
1401471799334932480,EH Bildu TP
1401426185024901125,EH Bildu TP
1401508032199155713,EA-NV TP
1401507756528607236,EA-NV TP
1401507500353101825,EA-NV TP
1401507121812934663,EA-NV TP
1401506706606153730,EA-NV TP
1401506469292429317,EA-NV TP
1401639153343868929,EH Bildu TP
1401616809929883655,EH Bildu TP
1401631777718951939,EH Bildu TP
1401630787544432643,EH Bildu TP
1401610685973467136,EH Bildu TP
1401560545937997829,EH Bildu TP
1401555312151347203,EH Bildu TP
1401554064865906692,EH Bildu TP
1401524556444094466,EH Bildu TP
1401521332190433287,EH Bildu TP
1401568648209309698,SV-ES TP
1401547059157770241,SV-ES TP
1401529097482915847,SV-ES TP
1401628883225546760,EH Bildu TP
1401523978330648580,EA-NV TP
1401523940972023808,EA-NV TP
1401523877600284673,EA-NV TP
1401523638445215749,EA-NV TP
1401434592368857088,EA-NV TP
1401983357731418114,EH Bildu TP
1401969766672261129,EP-IU TP
1401969758942212110,EP-IU TP
1401815538737815559,EP-IU TP
1401812623608406017,EP-IU TP
1401937474155335682,EH Bildu TP
1401980811881164808,EH Bildu TP
1401788835336495104,VP-C TP
1402017510417965062,Mixto TP
1402015109682241539,Mixto TP
1401854659921334276,EP-IU TP
1401927769198637057,EH Bildu TP
1401877458694062080,EH Bildu TP
1401874815208902656,EH Bildu TP
1401867075816206337,EH Bildu TP
1401769077220200449,EH Bildu TP
1402006627100864525,SV-ES TP
1402004784450842624,SV-ES TP
1401999389233721347,SV-ES TP
1401959703186452484,SV-ES TP
1401973486076190721,EA-NV TP
1401944373881982978,EA-NV TP
1401877527757524997,EA-NV TP
1401877101171650563,EA-NV TP
1402340913431519234,EH Bildu TP
1402335860176166913,EH Bildu TP
1402299741937995777,EH Bildu TP
1402367749230366720,EH Bildu TP
1402294012237778946,EH Bildu TP
1402272419591692288,EH Bildu TP
1402225893402157057,EH Bildu TP
1402224997662433280,EH Bildu TP
1402363360482672644,VP-C TP
1402359321309192193,VP-C TP
1402157654064123905,EP-IU TP
1402281439127801860,EH Bildu TP
1402272760970334209,EH Bildu TP
1402262561949638661,EH Bildu TP
1402349458231382019,EH Bildu TP
1402343238510465024,EH Bildu TP
1402246599238111237,EH Bildu TP
1402236247934910477,EH Bildu TP
1402236188161871875,EH Bildu TP
1402146722357428228,EH Bildu TP
1402337078017511428,EP-IU TP
1402261693275774991,EP-IU TP
1402342063664996355,EH Bildu TP
1402224303073079302,EH Bildu TP
1402177361429282817,EH Bildu TP
1402176817264566272,EH Bildu TP
1402174943417221122,EH Bildu TP
1402165647203868672,EH Bildu TP
1402161379008778244,EH Bildu TP
1402153041193848834,EH Bildu TP
1402153007454822401,EH Bildu TP
1402151518648811524,EH Bildu TP
1402124233141067780,EH Bildu TP
1402351922657570825,SV-ES TP
1402334807166754823,SV-ES TP
1402255628836511748,SV-ES TP
1402250805252603905,SV-ES TP
1402246812447170563,SV-ES TP
1402245941801934856,SV-ES TP
1402191830867906561,EH Bildu TP
1402308507706212354,EA-NV TP
1402246521324716036,EA-NV TP
1402148711657058305,EA-NV TP
1402144481399484424,EA-NV TP
1402634565911552006,VP-C TP
1402726755421544450,EH Bildu TP
1402525453907288069,EA-NV TP
1402519863281729537,EA-NV TP
1402518711542632448,EA-NV TP
1402517487841955850,EA-NV TP
1402663575295086592,EH Bildu TP
1402595239202889730,EH Bildu TP
1402588052132929536,EH Bildu TP
1402584323933540355,EH Bildu TP
1402569198597980169,EH Bildu TP
1402532932321951744,EH Bildu TP
1402619945758773254,EH Bildu TP
1402709252976873474,EP-IU TP
1402668384580407296,EP-IU TP
1402665447644975107,EP-IU TP
1402545213776728064,EP-IU TP
1402720680458784769,EH Bildu TP
1402555563536535552,EH Bildu TP
1402554852010610689,EH Bildu TP
1402569847096188932,VP-C TP
1402599548669861891,EH Bildu TP
1402699080401293312,VP-C TP
1402682687912124418,VP-C TP
1402715975087280132,Mixto TP
1402576049326673922,Mixto TP
1402575649097883649,Mixto TP
1402670274714161152,EP-IU TP
1402656678307323910,EP-IU TP
1402641739647799302,EP-IU TP
1402639460660097026,EP-IU TP
1402589643493814272,EH Bildu TP
1402557879966650368,EH Bildu TP
1402668704970723328,SV-ES TP
1402591422369435648,SV-ES TP
1402620918552203266,EH Bildu TP
1402620917243592707,EH Bildu TP
1402620913917566979,EH Bildu TP
1402620893029875712,EH Bildu TP
1402660997136015362,EA-NV TP
1402660994757939202,EA-NV TP
1402660898624491523,EA-NV TP
1402740336137547781,EA-NV TP
1402659911348199427,EA-NV TP
1402561718547517440,EA-NV TP
1402557488268992513,EA-NV TP
1402517256064671748,EA-NV TP
1402974422508711937,EH Bildu TP
1402903216552034304,EH Bildu TP
1402887728644165638,EH Bildu TP
1403102172615786501,EH Bildu TP
1403047946636218374,EH Bildu TP
1403032793916002304,EH Bildu TP
1403031380129468418,EH Bildu TP
1402908169991606273,EH Bildu TP
1403075588210954240,EP-IU TP
1403023978877358086,EP-IU TP
1402911923490918402,EP-IU TP
1403071864797270018,EP-IU TP
1402863152015069185,EP-IU TP
1403069334407237632,VP-C TP
1403015216858910724,VP-C TP
1403102646874091526,EP-IU TP
1403100941944078344,EP-IU TP
1403052924025122817,EP-IU TP
1402946977797709826,EP-IU TP
1402898452636385282,EP-IU TP
1402955938554945539,EH Bildu TP
1402912725718679553,EH Bildu TP
1402975491863322624,SV-ES TP
1402936919344943105,SV-ES TP
1402936194447687686,SV-ES TP
1403075843040108548,EH Bildu TP
1402959793103511556,EH Bildu TP
1402927714470932483,EA-NV TP
1403096652513153027,EA-NV TP
1403260441942446081,EH Bildu TP
1403427916248199168,EA-NV TP
1403447464708001793,EH Bildu TP
1403342354342453250,EH Bildu TP
1403292816978190343,EH Bildu TP
1403382359249068033,EH Bildu TP
1403376838039191559,EH Bildu TP
1403374380084871170,EH Bildu TP
1403371776290197505,EH Bildu TP
1403369401315905538,EH Bildu TP
1403367544921133062,EH Bildu TP
1403366683239227398,EH Bildu TP
1403356914466099204,EH Bildu TP
1403314221824331782,EH Bildu TP
1403298659781984261,VP-C TP
1403342566066638848,Mixto TP
1403456383287242752,EP-IU TP
1403338714114310149,EP-IU TP
1403336308735500292,EP-IU TP
1403245618852614144,EH Bildu TP
1403318858736414724,EH Bildu TP
1403276181508706310,EH Bildu TP
1403325664439279618,EA-NV TP
1403325569241174018,EA-NV TP
1403325290097557506,EA-NV TP
1403324992784371716,EA-NV TP
1403371858049781761,EA-NV TP
1403368990701928455,EA-NV TP
1403275324167761923,EA-NV TP
1403257781122174976,EA-NV TP
1403831257084182533,EH Bildu TP
1403714002681749504,EH Bildu TP
1403620876814327810,EH Bildu TP
1403620178840240128,EH Bildu TP
1403619337248854018,EH Bildu TP
1403618428636774400,EH Bildu TP
1403616975331409922,EH Bildu TP
1403615726712365058,EH Bildu TP
1403620396876902402,EP-IU TP
1403829710614929409,EH Bildu TP
1403732455719411717,EH Bildu TP
1403714634721472518,EA-NV TP
1403994231937568771,SV-ES TP
1403921843401150466,EA-NV TP
1404170517884583937,EA-NV TP
1404130127693455361,EH Bildu TP
1404067330800467983,EP-IU TP
1403999590056083459,EP-IU TP
1403988862951645184,EP-IU TP
1404022088143446017,EH Bildu TP
1404157035726479369,EH Bildu TP
1403958360886611970,EH Bildu TP
1403956320844271619,EH Bildu TP
1404017335304916993,VP-C TP
1404028408770838531,VP-C TP
1404020449890160642,VP-C TP
1404108558246031368,EH Bildu TP
1404009222178754563,EH Bildu TP
1404169982288801797,EH Bildu TP
1404105750104920064,EH Bildu TP
1404030958685261827,EH Bildu TP
1404011450474041347,EH Bildu TP
1404010165427445762,EH Bildu TP
1404063305598222342,SV-ES TP
1404062667204182016,SV-ES TP
1404061652140662785,SV-ES TP
1404061537816530944,SV-ES TP
1404060344813768708,SV-ES TP
1404053875695497223,SV-ES TP
1404021587955929092,SV-ES TP
1404017484446023681,SV-ES TP
1404007995932041216,SV-ES TP
1404537952642895872,EH Bildu TP
1404383580709691396,EH Bildu TP
1404443549962223617,EA-NV TP
1404437478749216773,EA-NV TP
1404428366149730310,EA-NV TP
1404390167281025025,EH Bildu TP
1404456851685654534,EH Bildu TP
1404433837795463169,EH Bildu TP
1404381197749325825,EP-IU TP
1404333076365430785,EP-IU TP
1404319943638667266,EP-IU TP
1404509174445359108,EH Bildu TP
1404448117798342662,EH Bildu TP
1404427721288163333,EH Bildu TP
1404430653052100612,EH Bildu TP
1404416569493667844,VP-C TP
1404475645694988296,Mixto TP
1404464868586098696,EP-IU TP
1404466834070507527,EH Bildu TP
1404430782530211847,EH Bildu TP
1404429268390715400,EH Bildu TP
1404420922442985479,EH Bildu TP
1404420689902411780,EH Bildu TP
1404420217577644033,EH Bildu TP
1404417646699945993,EH Bildu TP
1404417322056622087,EH Bildu TP
1404553137369894920,SV-ES TP
1404514620329578497,SV-ES TP
1404507204993138693,EH Bildu TP
1404426944133963781,EH Bildu TP
1404467742875570186,EA-NV TP
1404467718498172932,EA-NV TP
1404467643923451908,EA-NV TP
1404467607936376840,EA-NV TP
1404400798973444097,EA-NV TP
1404488389353689094,EA-NV TP
1404474588566802442,EA-NV TP
1404456112854818816,EA-NV TP
1404359255126417409,EA-NV TP
1404315512415342596,EA-NV TP
1404907069187186689,EH Bildu TP
1404906981945655296,EH Bildu TP
1404889318955626504,EH Bildu TP
1404701699638542337,EH Bildu TP
1404864120999006208,EH Bildu TP
1404729015970242560,EH Bildu TP
1404768301088137217,EP-IU TP
1404686174246117377,EP-IU TP
1404831299290943493,EP-IU TP
1404861436111867917,EP-IU TP
1404860942328926212,EP-IU TP
1404847751423315980,EP-IU TP
1404771741411512321,EP-IU TP
1404818226094166024,EH Bildu TP
1404806868858441743,EH Bildu TP
1404760371899023366,EH Bildu TP
1404755214197039104,EH Bildu TP
1404893490249601030,SV-ES TP
1404892794787962887,SV-ES TP
1404789757566242823,SV-ES TP
1404788996581040131,SV-ES TP
1404772148758167555,SV-ES TP
1404761555577810951,SV-ES TP
1404761149963448325,SV-ES TP
1404900166436540420,EH Bildu TP
1404846094660538368,EA-NV TP
1404783722398953474,EA-NV TP
1404783144889421824,EA-NV TP
1405085496188059651,EH Bildu TP
1405069402551291904,EH Bildu TP
1405167779536326657,EH Bildu TP
1405061270701854721,EH Bildu TP
1405246509503897600,EH Bildu TP
1405063897623707651,EH Bildu TP
1405056556404809729,EH Bildu TP
1405229976396484611,EH Bildu TP
1405129012255543298,EH Bildu TP
1405098847580442625,EH Bildu TP
1405160961523204100,EP-IU TP
1405241529254432778,EH Bildu TP
1405092796814479365,EH Bildu TP
1405090604409831426,EH Bildu TP
1405250016571281411,VP-C TP
1405168597778022400,Mixto TP
1405278809390161922,EP-IU TP
1405263586088427524,EP-IU TP
1405148713845145600,EH Bildu TP
1405142011439718405,EH Bildu TP
1405111623388389379,EH Bildu TP
1405110816840601600,EH Bildu TP
1405087280046428162,SV-ES TP
1405086927892664321,SV-ES TP
1405250896146186241,EH Bildu TP
1405119048506130436,EA-NV TP
1405118952871804928,EA-NV TP
1405137939500314632,EA-NV TP
1405478349594664962,EH Bildu TP
1405457308143005702,EH Bildu TP
1405575711658856453,EA-NV TP
1405575473414000648,EA-NV TP
1405575277456023561,EA-NV TP
1405574967778058240,EA-NV TP
1405574736638365701,EA-NV TP
1405549630239223810,EA-NV TP
1405600699635978251,EH Bildu TP
1405569318587355141,EH Bildu TP
1405476948780929026,EH Bildu TP
1405570402789773312,EH Bildu TP
1405490368787910660,EH Bildu TP
1405446021803618306,EH Bildu TP
1405435649252003840,EH Bildu TP
1405541726450700294,EH Bildu TP
1405538767708954638,EH Bildu TP
1405537460050747395,EH Bildu TP
1405492581723623431,VP-C TP
1405555520560373764,EP-IU TP
1405606311211978752,EP-IU TP
1405480501280976899,EP-IU TP
1405425717081477121,EH Bildu TP
1405537094135541762,Mixto TP
1405597727216521216,EP-IU TP
1405545682044346368,EP-IU TP
1405473478950727682,EP-IU TP
1405469522308513794,EP-IU TP
1405283671091806209,EP-IU TP
1405521414585790471,EH Bildu TP
1405521357719281667,EH Bildu TP
1405516735281864704,EH Bildu TP
1405470511975514115,EH Bildu TP
1405440907533561862,EH Bildu TP
1405435037953232896,EH Bildu TP
1405430708789784582,EH Bildu TP
1405511677903355911,SV-ES TP
1405454693250351104,SV-ES TP
1405443959548170240,SV-ES TP
1405590520328491009,EH Bildu TP
1405435108455223297,EA-NV TP
1405484146730934277,EH Bildu TP
1405503852892282885,EA-NV TP
1405437543886303234,EA-NV TP
1405437016825815042,EA-NV TP
1405974517911068675,EH Bildu TP
1405962860962926600,EH Bildu TP
1405843465905319936,EA-NV TP
1405862418459377666,EA-NV TP
1405862259134451718,EA-NV TP
1405862125466230793,EA-NV TP
1405861880732737537,EA-NV TP
1405861402212974592,EA-NV TP
1405861276010549251,EA-NV TP
1405861193227644929,EA-NV TP
1405861133916033029,EA-NV TP
1405861050877202435,EA-NV TP
1405860873223221249,EA-NV TP
1405860639931838466,EA-NV TP
1405860380698726400,EA-NV TP
1405859536741797888,EA-NV TP
1405859271741485056,EA-NV TP
1405858953800699913,EA-NV TP
1405858705762045952,EA-NV TP
1405856870280183808,EA-NV TP
1405856590717198339,EA-NV TP
1405856477261307907,EA-NV TP
1405856382407086081,EA-NV TP
1405856239851016193,EA-NV TP
1405855963324768258,EA-NV TP
1405855590530826244,EA-NV TP
1405855268395749381,EA-NV TP
1405850663700123652,EA-NV TP
1405850500860424197,EA-NV TP
1405801979343998981,EH Bildu TP
1405941081175379971,EH Bildu TP
1405793090372243457,EH Bildu TP
1405887540742213636,EH Bildu TP
1405850875038404611,EH Bildu TP
1405786195427311622,EH Bildu TP
1405764757588615176,EP-IU TP
1405946306783232008,EH Bildu TP
1405884069494284291,VP-C TP
1405864532627660801,VP-C TP
1405995405561765891,VP-C TP
1405796575956410369,VP-C TP
1405916325399179272,EP-IU TP
1405890727503085579,EP-IU TP
1405858160758435844,EP-IU TP
1405951295316533248,EH Bildu TP
1405922460814483459,SV-ES TP
1405841161755955201,SV-ES TP
1405799383766032384,SV-ES TP
1405895091554861063,EH Bildu TP
1405891212624674816,EH Bildu TP
1405875732325220355,EH Bildu TP
1405766641837772803,EH Bildu TP
1405826631676084236,EH Bildu TP
1405826628777824256,EH Bildu TP
1405942144238555146,EA-NV TP
1405768048045293582,EA-NV TP
1406190717878296576,EH Bildu TP
1406189189884956673,EH Bildu TP
1406341418466123776,EA-NV TP
1406192540194328578,EA-NV TP
1406218285763465222,EA-NV TP
1406218129156546562,EA-NV TP
1406217942677786631,EA-NV TP
1406159725113364481,EA-NV TP
1406159669849174021,EA-NV TP
1406175575773962240,EH Bildu TP
1406227799862611969,EH Bildu TP
1406182221908627458,EH Bildu TP
1406021452671893505,EH Bildu TP
1406019542191689732,EH Bildu TP
1406015764893782016,EH Bildu TP
1406014373487861769,EH Bildu TP
1406013865339637761,EH Bildu TP
1406012934636113920,EH Bildu TP
1406012402563534850,EH Bildu TP
1406010588547981315,EH Bildu TP
1406009953580728320,EH Bildu TP
1406009676597243905,EH Bildu TP
1406009339421380610,EH Bildu TP
1406009041684504579,EH Bildu TP
1406252529067888643,VP-C TP
1406286335271440384,EP-IU TP
1406277101213343747,EH Bildu TP
1406331447909122051,EH Bildu TP
1406248410110435331,EH Bildu TP
1406246724792893441,EH Bildu TP
1406213250186989569,SV-ES TP
1406211214171062275,SV-ES TP
1406211069564145665,SV-ES TP
1406220208214269955,SV-ES TP
1406299781975138311,EH Bildu TP
1406299433801850885,EH Bildu TP
1406298638792507399,EH Bildu TP
1406298234474143749,EH Bildu TP
1406297769829097474,EH Bildu TP
1406297349320757261,EH Bildu TP
1406297186116251653,EH Bildu TP
1406289152870653969,EH Bildu TP
1406580917213274115,VP-C TP
1406693830376800265,EA-NV TP
1406618776813117445,EH Bildu TP
1406551981943046144,EP-IU TP
1406590923572645892,EP-IU TP
1406685501403377664,EH Bildu TP
1406585754793525254,EH Bildu TP
1406712048428453894,EH Bildu TP
1406702551781761026,EH Bildu TP
1406677898166214661,EH Bildu TP
1406642043175194629,EH Bildu TP
1406647454095794179,VP-C TP
1406609598111531013,EP-IU TP
1406684999080947713,EH Bildu TP
1406662421628997638,EH Bildu TP
1406658880931762185,EH Bildu TP
1406603863705194502,EH Bildu TP
1406557745327874048,EH Bildu TP
1406629432215883780,SV-ES TP
1406606320107757570,SV-ES TP
1406719850081402882,EH Bildu TP
1406661667153383424,EA-NV TP
1406612702668152840,EA-NV TP
1406549161298776065,EA-NV TP
1407026849549631492,EH Bildu TP
1406996192223969280,EH Bildu TP
1406994149170159626,EH Bildu TP
1407029798384377856,EH Bildu TP
1406940178535571457,EH Bildu TP
1406998412176801793,EH Bildu TP
1406938420988030977,EP-IU TP
1406934062091145217,EP-IU TP
1406934058651766794,EP-IU TP
1406925965238939649,EP-IU TP
1406915916344999938,EP-IU TP
1406853488294957058,EP-IU TP
1406925733314846722,EP-IU TP
1407047857673232386,EH Bildu TP
1406865642184192003,VP-C TP
1406871813569794053,EH Bildu TP
1406975270544871427,VP-C TP
1407045165269897216,EP-IU TP
1407043824279560197,EP-IU TP
1407006243512893447,EP-IU TP
1406997603254947843,EP-IU TP
1407021168968753155,EH Bildu TP
1406991006881533953,EH Bildu TP
1406990794473545732,EH Bildu TP
1406990505578205190,EH Bildu TP
1406872391326875653,EH Bildu TP
1406861464397398017,EH Bildu TP
1406848785972662272,EH Bildu TP
1407036281851453449,SV-ES TP
1407035431846297602,SV-ES TP
1406962961768456197,SV-ES TP
1406917403708100608,SV-ES TP
1406903661616324612,SV-ES TP
1406970926873419783,SV-ES TP
1406860466262102017,EH Bildu TP
1407018174533574663,EA-NV TP
1407018136742907908,EA-NV TP
1407018026273280012,EA-NV TP
1406846353142079491,EA-NV TP
1406938645714587652,EA-NV TP
1406930071315755014,EA-NV TP
1406879990214451201,EA-NV TP
1407075397125165056,EH Bildu TP
1407065298440798213,EH Bildu TP
1407085884831326208,VP-C TP
1407066536653869056,SV-ES TP
1407066292599853060,EH Bildu TP
1407322232456728582,EH Bildu TP
1407443876059791372,EH Bildu TP
1407399087620726793,EH Bildu TP
1407396800537976842,EH Bildu TP
1407378834664603649,EH Bildu TP
1407378545454858249,EH Bildu TP
1407238783662239746,VP-C TP
1407436074675228672,EP-IU TP
1407283368274841603,EH Bildu TP
1407283074971443200,EH Bildu TP
1407440770873892865,EH Bildu TP
1407249845228867586,EH Bildu TP
1407327386643972103,VP-C TP
1407327448891596805,VP-C TP
1407449755647684616,EP-IU TP
1407399167337639941,EP-IU TP
1407333631673126920,EP-IU TP
1407321262796558338,EP-IU TP
1407359578677907463,EH Bildu TP
1407242780594876416,EH Bildu TP
1407239655091847169,EH Bildu TP
1407426442024075271,SV-ES TP
1407425081052119042,SV-ES TP
1407424956787535872,SV-ES TP
1407355587357184008,SV-ES TP
1407320539526483969,SV-ES TP
1407319276009234437,SV-ES TP
1407318842456563712,SV-ES TP
1407317473976897541,SV-ES TP
1407315284688527367,SV-ES TP
1407373648856551424,EH Bildu TP
1407373409059840003,EH Bildu TP
1407401931094597635,EA-NV TP
1407401929479790599,EA-NV TP
1407401924597530636,EA-NV TP
1407386568344604675,EA-NV TP
1407384543879913472,EA-NV TP
1407384347947278342,EA-NV TP
1407383820702265353,EA-NV TP
1407383795003756545,EA-NV TP
1407377527262298116,EA-NV TP
1407366898531110914,EA-NV TP
1407292793215717380,EA-NV TP
1407277183505076234,EA-NV TP
1407263092812177408,EA-NV TP
1407791605810139144,EH Bildu TP
1407790216161681410,EH Bildu TP
1407794006717763584,EH Bildu TP
1407743189394640901,EA-NV TP
1407742370272137225,EA-NV TP
1407742159441248257,EA-NV TP
1407741827906785280,EA-NV TP
1407741430517411850,EA-NV TP
1407740227632967681,EA-NV TP
1407676222872731648,EH Bildu TP
1407663697447862274,EH Bildu TP
1407595283429605378,VP-C TP
1407788483880620045,EP-IU TP
1407749006671945729,EH Bildu TP
1407625012459278339,VP-C TP
1407790846439825408,EH Bildu TP
1407600827162890241,VP-C TP
1407696621782065152,Mixto TP
1407778591258075140,EP-IU TP
1407769146218196992,EP-IU TP
1407743373155393542,EP-IU TP
1407742757167378434,EP-IU TP
1407702276890845185,EP-IU TP
1407689721615159296,EP-IU TP
1407797618214907905,EH Bildu TP
1407794747146739712,EH Bildu TP
1407786188489035777,EH Bildu TP
1407779371692302338,EH Bildu TP
1407684013456777219,EH Bildu TP
1407676370436694018,EH Bildu TP
1407747784418201600,SV-ES TP
1407603270080737282,EH Bildu TP
1407795607339778049,EH Bildu TP
1407614903716810757,EH Bildu TP
1408054209723961346,EH Bildu TP
1408034800926085121,VP-C TP
1407967294765125633,EA-NV TP
1408000371696586755,EH Bildu TP
1408091733196513283,EH Bildu TP
1408091729086013445,EH Bildu TP
1408091714770845696,EH Bildu TP
1408091706487152641,EH Bildu TP
1408091696345366529,EH Bildu TP
1407994081792434178,EP-IU TP
1407987225522999298,EP-IU TP
1408038609203179527,EH Bildu TP
1407948467268378625,EH Bildu TP
1408056734963224581,Mixto TP
1408074178159280136,EP-IU TP
1407818160393367554,EP-IU TP
1408061881407868931,EH Bildu TP
1408061532970180623,EH Bildu TP
1408061390221238276,EH Bildu TP
1408061239360507914,EH Bildu TP
1408061077221376005,EH Bildu TP
1408060942907179021,EH Bildu TP
1408060781703221258,EH Bildu TP
1408060381080088580,EH Bildu TP
1408060244488376321,EH Bildu TP
1408060105275297801,EH Bildu TP
1408058975057170438,EH Bildu TP
1408053401246748673,EH Bildu TP
1407947281869987842,EH Bildu TP
1408072726368165888,SV-ES TP
1407983165126451208,SV-ES TP
1408092878136557575,SV-ES TP
1407996881918103552,SV-ES TP
1407991540039958528,EA-NV TP
1408142968503033861,EH Bildu TP
1408161960412200960,EH Bildu TP
1408134404791222273,EH Bildu TP
1408135058242867200,EH Bildu TP
1408500654373486599,EH Bildu TP
1408361991291408388,EH Bildu TP
1408343364232175617,EH Bildu TP
1408339854618939393,EH Bildu TP
1408437074915729414,EH Bildu TP
1408435847288983561,EH Bildu TP
1408494861880287250,VP-C TP
1408406154510835715,EP-IU TP
1408519330468450305,EH Bildu TP
1408518381746147332,EH Bildu TP
1408527804585676802,EH Bildu TP
1408527202426273801,EH Bildu TP
1408385154712735745,EH Bildu TP
1408404839101513729,VP-C TP
1408453854727970824,EP-IU TP
1408451810055032835,EP-IU TP
1408451275344207875,EP-IU TP
1408451269375713283,EP-IU TP
1408314730708672520,EH Bildu TP
1408416691860692994,SV-ES TP
1408415810675253266,SV-ES TP
1408387964577759239,SV-ES TP
1408471229070299140,EA-NV TP
1408470043239743488,EA-NV TP
1408356307292372993,EA-NV TP
1408354134860996609,EA-NV TP
1408353186327445507,EA-NV TP
1408314646302429186,EA-NV TP
1408879125713063938,EH Bildu TP
1408750114936606724,EH Bildu TP
1408711253179174916,EH Bildu TP
1408706800426356738,EH Bildu TP
1408744079937187841,EA-NV TP
1408903480027267074,EH Bildu TP
1408900698398416897,EH Bildu TP
1408698411105370113,VP-C TP
1408873286218489869,EP-IU TP
1408811969805754370,EP-IU TP
1408701298405478403,EH Bildu TP
1408840386374737923,SV-ES TP
1408682393108631556,EH Bildu TP
1408681702218780672,EH Bildu TP
1408724491316994050,EH Bildu TP
1408724490025058306,EH Bildu TP
1408714509380984834,EH Bildu TP
1409078955097870338,EA-NV TP
1409078303558881295,EA-NV TP
1409219992105717762,EH Bildu TP
1409105467616399361,EH Bildu TP
1408906327666135042,EH Bildu TP
1408905293669482515,EH Bildu TP
1409218252056715268,EH Bildu TP
1409058921239642112,EH Bildu TP
1409051329142591490,EH Bildu TP
1409266929857175556,EH Bildu TP
1409265876176670722,EH Bildu TP
1409099446474973185,EH Bildu TP
1409253298423615490,SV-ES TP
1409217196362973190,SV-ES TP
1409140635953778697,SV-ES TP
1409139204681048069,SV-ES TP
1409113359807569924,SV-ES TP
1409113051018706954,SV-ES TP
1409112469038116864,SV-ES TP
1409245275131088899,EH Bildu TP
1409216331916922881,EH Bildu TP
1409168468189057028,EA-NV TP
1409600944803913736,EA-NV TP
1409518014001782791,EH Bildu TP
1409509498029543427,EH Bildu TP
1409568242591584265,VP-C TP
1409598160251637763,EP-IU TP
1409531134220902403,EP-IU TP
1409510309203791875,EP-IU TP
1409402545538224129,EP-IU TP
1409461312057450497,EP-IU TP
1409443498772905986,EH Bildu TP
1409433222426025985,Mixto TP
1409554016472870919,EP-IU TP
1409551359557488641,EP-IU TP
1409569685696360452,EH Bildu TP
1409569290144071680,EH Bildu TP
1409537519830581257,EH Bildu TP
1409532418843873281,EH Bildu TP
1409481166399410180,EH Bildu TP
1409421283968831490,EH Bildu TP
1409282977033564167,EH Bildu TP
1409276989933080581,EH Bildu TP
1409276159947382788,EH Bildu TP
1409274006063230979,EH Bildu TP
1409272058077499399,EH Bildu TP
1409271395306151943,EH Bildu TP
1409269363002249220,EH Bildu TP
1409605284486598662,SV-ES TP
1409604907636756487,SV-ES TP
1409604371848077319,SV-ES TP
1409603928380129282,SV-ES TP
1409460901556756486,SV-ES TP
1409457826695626760,SV-ES TP
1409457515365126144,SV-ES TP
1409457300931321856,SV-ES TP
1409534591942246400,EH Bildu TP
1409537776467562504,EA-NV TP
1409528293049708545,EA-NV TP
1409452783380672514,EA-NV TP
1409912273624252418,EH Bildu TP
1409908643718471690,EH Bildu TP
1409906916407627783,EH Bildu TP
1409905455661555713,EH Bildu TP
1409904331634184194,EH Bildu TP
1409901246924853256,EH Bildu TP
1409756741793951748,VP-C TP
1409882682851479553,EP-IU TP
1409839545491808261,EP-IU TP
1409860085409538054,EH Bildu TP
1409826619150127105,VP-C TP
1409800340757745669,Mixto TP
1409922328247537666,EP-IU TP
1409921119704977412,EP-IU TP
1409977929786871811,EH Bildu TP
1409874519511257105,EH Bildu TP
1409967793433464838,SV-ES TP
1409966903116828673,SV-ES TP
1409966635293806593,SV-ES TP
1409966450660589568,SV-ES TP
1409966272096374791,SV-ES TP
1409965463833133059,SV-ES TP
1409964968972333068,SV-ES TP
1409964102026502148,SV-ES TP
1409964743050383361,EH Bildu TP
1410295491372490758,EH Bildu TP
1410263210696089606,VP-C TP
1410197389030400007,EP-IU TP
1410113239287992323,EP-IU TP
1410215602367651842,EH Bildu TP
1410135765611319298,EH Bildu TP
1410134937861246977,EH Bildu TP
1410069013619777538,EH Bildu TP
1410306607821594629,VP-C TP
1410174249969532929,EP-IU TP
1410271723858153479,EH Bildu TP
1410185516021080072,EH Bildu TP
1410148862451499011,EH Bildu TP
1410289939992875008,SV-ES TP
1410289398185304073,SV-ES TP
1410224835406483467,SV-ES TP
1410224104247107584,SV-ES TP
1410210130138996737,SV-ES TP
1410199796162367495,SV-ES TP
1410198958991974407,SV-ES TP
1410197600989556738,SV-ES TP
1410148612991078406,EH Bildu TP
1410185128542883841,EH Bildu TP
1410263596001632258,EA-NV TP
1410263569250369539,EA-NV TP
1410263528922095624,EA-NV TP
1410292615417839616,EA-NV TP
1410187196926152714,EA-NV TP
1410363927486160902,EA-NV TP
1410698137983913993,EH Bildu TP
1410492403560202240,VP-C TP
1410490488189227008,VP-C TP
1410683418237718528,VP-C TP
1410584721223004165,EH Bildu TP
1410627304615784450,Mixto TP
1410641166144524301,EP-IU TP
1410535878141878279,EP-IU TP
1410631160393351180,EH Bildu TP
1410584875518865412,EH Bildu TP
1410479036871086080,EH Bildu TP
1410603686816935940,SV-ES TP
1410601784779804677,SV-ES TP
1410601587689459721,SV-ES TP
1410601029545041925,SV-ES TP
1410600723339890695,SV-ES TP
1410486917356044288,SV-ES TP
1410485909003378688,SV-ES TP
1410485759421919234,SV-ES TP
1410495301513797632,SV-ES TP
1411037768277532673,EH Bildu TP
1410921363313987584,EH Bildu TP
1411029865885843462,EH Bildu TP
1410966914575310850,EH Bildu TP
1411074066304356352,EH Bildu TP
1411002645020557319,EH Bildu TP
1410974765486161922,EH Bildu TP
1410933464732405763,EP-IU TP
1410888928689799171,EH Bildu TP
1411049977493831683,EH Bildu TP
1410904867355377669,EH Bildu TP
1410907304334135296,VP-C TP
1410913739495383043,Mixto TP
1410910109782396934,Mixto TP
1410881674502680580,EP-IU TP
1410916861286535168,EH Bildu TP
1410882640295731203,EH Bildu TP
1411035084526915595,SV-ES TP
1411034125528616969,SV-ES TP
1411033840433483779,SV-ES TP
1410851639339139073,SV-ES TP
1411054319932219395,EH Bildu TP
1411028654818316289,EH Bildu TP
1410895263170977793,EA-NV TP
1410895237036269568,EA-NV TP
1410962055176327170,EA-NV TP
1411389866676523016,EA-NV TP
1411286069199491078,EA-NV TP
1411261820720058370,EA-NV TP
1411235916954341376,EA-NV TP
1411272661678895106,EH Bildu TP
1411283552650547201,VP-C TP
1411273757382123522,EP-IU TP
1411211544118108160,EH Bildu TP
1411118522189684743,EH Bildu TP
1411215341338963968,VP-C TP
1411243255824584705,EP-IU TP
1411384409194905602,EH Bildu TP
1411303892143546373,EH Bildu TP
1411303455134728200,EH Bildu TP
1411302837401890821,EH Bildu TP
1411302013573505025,EH Bildu TP
1411300697216327682,EH Bildu TP
1411299544835493892,EH Bildu TP
1411299237892087817,EH Bildu TP
1411282878906961924,EH Bildu TP
1411275790839386112,EH Bildu TP
1411271664881577984,EH Bildu TP
1411268787077369856,EH Bildu TP
1411260583261966338,EH Bildu TP
1411247841876586496,EH Bildu TP
1411309863083417603,EH Bildu TP
1411780404378537989,EH Bildu TP
1411730193467772929,EH Bildu TP
1411653922708770818,EH Bildu TP
1411629255310688258,EH Bildu TP
1411647008662827012,EH Bildu TP
1411609411060174849,VP-C TP
1411776143183724545,EH Bildu TP
1411735952389726217,EP-IU TP
1411669345437114371,SV-ES TP
1411661511886524420,SV-ES TP
1411661112802750465,SV-ES TP
1411627685630164992,SV-ES TP
1411626999035142144,SV-ES TP
1411595409613627392,EA-NV TP
1411595236699222017,EA-NV TP
1411586856911843330,EA-NV TP
1411600877383831552,EA-NV TP
1412150768728162311,EH Bildu TP
1412059765325373440,EH Bildu TP
1412158082801672196,VP-C TP
1412066292585185288,EP-IU TP
1412046139889684484,EP-IU TP
1411958030955024384,EP-IU TP
1411997852839071745,EH Bildu TP
1412133180157665288,EH Bildu TP
1412150303634374659,EP-IU TP
1412149955297484801,EP-IU TP
1412145976496771074,EP-IU TP
1412145640742793229,EP-IU TP
1412145090764627971,EP-IU TP
1412116920963321862,SV-ES TP
1412116471786913797,SV-ES TP
1412073777354231813,SV-ES TP
1412072341325090820,SV-ES TP
1412050923065589761,SV-ES TP
1412034259196518402,EA-NV TP
1412034213998731267,EA-NV TP
1412034172806471687,EA-NV TP
1412065004321480708,EA-NV TP
1412507784688570370,EH Bildu TP
1412374895883923457,EH Bildu TP
1412471626298503173,EA-NV TP
1412402509700796417,EA-NV TP
1412307814144434176,EA-NV TP
1412395192808771589,EH Bildu TP
1412335127145988096,EH Bildu TP
1412328781491097600,EH Bildu TP
1412364120364617731,EH Bildu TP
1412347256968187905,EH Bildu TP
1412471979995717636,EH Bildu TP
1412369742875217925,VP-C TP
1412369191261327362,VP-C TP
1412478957333663745,EP-IU TP
1412461591061315584,EP-IU TP
1412418558710095872,EP-IU TP
1412375821600411649,EP-IU TP
1412358217166995457,EP-IU TP
1412375454598770688,EP-IU TP
1412392945735585819,EH Bildu TP
1412392758158008322,EH Bildu TP
1412552083283324931,EH Bildu TP
1412542777754279936,EH Bildu TP
1412359162219139073,EH Bildu TP
1412434637297704965,Mixto TP
1412505685351448580,EP-IU TP
1412495219128426497,EP-IU TP
1412379520007606274,EP-IU TP
1412377512659894277,EP-IU TP
1412484122975612934,EH Bildu TP
1412403298305548299,EH Bildu TP
1412439086225313793,EA-NV TP
1412439055204298754,EA-NV TP
1412439010228776961,EA-NV TP
1412438969074262020,EA-NV TP
1412478713493610496,EA-NV TP
1412465188083752971,EA-NV TP
1412291163990675458,EA-NV TP
1412862870560313344,EH Bildu TP
1412681883591315460,EH Bildu TP
1412795908429910019,EH Bildu TP
1412787377655930881,EH Bildu TP
1412868185423028231,VP-C TP
1412867527496065024,VP-C TP
1412802022097698820,VP-C TP
1412862641287139330,EP-IU TP
1412694954477035522,EP-IU TP
1412753440791568387,EH Bildu TP
1412881560257368067,EH Bildu TP
1412868300648894468,EH Bildu TP
1412817622337560592,EH Bildu TP
1412694175607365637,EP-IU TP
1412854390348787720,SV-ES TP
1412762189597904900,EH Bildu TP
1412672670177562625,EH Bildu TP
1412672666817990660,EH Bildu TP
1412672656424550400,EH Bildu TP
1413126086154592269,VP-C TP
1413061431294152706,VP-C TP
1413059649746743296,VP-C TP
1413122172688683008,EH Bildu TP
1413120090602721284,EH Bildu TP
1413032027864064003,EP-IU TP
1413057657708163078,EP-IU TP
1413147597255036932,EH Bildu TP
1413134667822288900,EH Bildu TP
1413128728100556801,EH Bildu TP
1413125747560968198,EH Bildu TP
1413028567684943877,EH Bildu TP
1413134260601384963,Mixto TP
1413069936663089154,EP-IU TP
1413048079880699908,EH Bildu TP
1413187877073309705,SV-ES TP
1413160680564404239,SV-ES TP
1413160152044277765,SV-ES TP
1413078503499735046,SV-ES TP
1413077121791143939,SV-ES TP
1413076483468414976,SV-ES TP
1413204720836087815,EA-NV TP
1413443717575417859,EH Bildu TP
1413381786227384321,EH Bildu TP
1413425373610749954,EA-NV TP
1413424506560040961,EA-NV TP
1413424119350272000,EA-NV TP
1413423648925437955,EA-NV TP
1413407263226793985,EA-NV TP
1413406914004783111,EA-NV TP
1413406824578142210,EA-NV TP
1413406728104857603,EA-NV TP
1413406615798272001,EA-NV TP
1413378492192931841,EA-NV TP
1413378298244214786,EA-NV TP
1413378200231686144,EA-NV TP
1413378150017507328,EA-NV TP
1413378089158160389,EA-NV TP
1413461957932290056,EH Bildu TP
1413541070349164545,VP-C TP
1413435276668571652,VP-C TP
1413452877322887169,EP-IU TP
1413456019242455045,EP-IU TP
1413392475889209344,EH Bildu TP
1413565188276727812,EH Bildu TP
1413560647888027651,EH Bildu TP
1413558905880432641,VP-C TP
1413404368276234242,EH Bildu TP
1413536963014139904,SV-ES TP
1413466754831945735,EH Bildu TP
1413394268677410817,EH Bildu TP
1413543475056812034,EA-NV TP
1413393411974041605,EA-NV TP
1413393290163113984,EA-NV TP
1413384009019711489,EA-NV TP
1413825866346471426,EH Bildu TP
1413876993779720193,EH Bildu TP
1413840211289812992,VP-C TP
1413839178614378499,VP-C TP
1413840915735658496,EH Bildu TP
1413868611312263175,EH Bildu TP
1413921109108527105,VP-C TP
1413820369979518981,VP-C TP
1413874137047699456,EH Bildu TP
1413739409921482754,EH Bildu TP
1413958115586973698,SV-ES TP
1413956357154385924,SV-ES TP
1413852976054165512,SV-ES TP
1413842607671754762,SV-ES TP
1413762258019160064,SV-ES TP
1413761752240644097,SV-ES TP
1413761349184856065,SV-ES TP
1413812382229467138,EH Bildu TP
1414100017305038853,EA-NV TP
1414299483618357249,EH Bildu TP
1414321740994523146,VP-C TP
1414320109083103232,VP-C TP
1414271729246117890,VP-C TP
1414321178639048704,EH Bildu TP
1414295526288379925,SV-ES TP
1414319409821278217,EH Bildu TP
1414318155967705092,EH Bildu TP
1414257221245054984,EA-NV TP
1414223618096177155,EA-NV TP
1414010686099935236,EA-NV TP
1414588219329548289,EH Bildu TP
1414500609940676610,EA-NV TP
1414654274181730306,EA-NV TP
1414653864637341698,EA-NV TP
1414653390215434241,EA-NV TP
1414652867881930756,EA-NV TP
1414651923312037889,EA-NV TP
1414650482962976770,EA-NV TP
1414573864965885954,EH Bildu TP
1414543387135520772,EH Bildu TP
1414591583366828035,EH Bildu TP
1414518212671254531,VP-C TP
1414530010434650114,VP-C TP
1414486113411022848,EP-IU TP
1414371998730444801,EP-IU TP
1414676273578876936,SV-ES TP
1414670059671273477,SV-ES TP
1414628673425133568,SV-ES TP
1414628063715995653,SV-ES TP
1414627815148957704,SV-ES TP
1414498789369556993,EH Bildu TP
1414621803247513602,EA-NV TP
1414592947463589893,EA-NV TP
1414592720375623685,EA-NV TP
1414896913716072452,EH Bildu TP
1414895948652859393,EH Bildu TP
1414912684663914500,EP-IU TP
1414907740347056129,EP-IU TP
1414864527083155456,EP-IU TP
1414960573444407303,EP-IU TP
1415035585681629190,EH Bildu TP
1415033807166742534,EH Bildu TP
1415031443210874883,EH Bildu TP
1415029537474236417,EH Bildu TP
1415053114042892288,EH Bildu TP
1415049422736666624,EH Bildu TP
1414934273354780691,EH Bildu TP
1414926026770092033,EH Bildu TP
1415046034347147264,VP-C TP
1415033336687468550,Mixto TP
1414888251484147712,EP-IU TP
1415071887475056641,SV-ES TP
1415058915964956674,SV-ES TP
1414941995601117189,SV-ES TP
1414893454006661137,SV-ES TP
1414893064926244882,SV-ES TP
1414892819114864657,SV-ES TP
1415043449523478529,EH Bildu TP
1414970604789305345,EH Bildu TP
1414921813344329729,EH Bildu TP
1414897334065012740,EH Bildu TP
1414840544338096131,EH Bildu TP
1414966329015156741,EA-NV TP
1414912486038556676,EA-NV TP
1415398830745559043,EH Bildu TP
1415306460989374465,EH Bildu TP
1415289170705141760,VP-C TP
1415363966423941120,EA-NV TP
1415364551097344004,EA-NV TP
1415364338362294279,EA-NV TP
1415259520322973699,EA-NV TP
1415259229166899204,EA-NV TP
1415259061705134081,EA-NV TP
1415258817173020678,EA-NV TP
1415258519276765188,EA-NV TP
1415258285880532994,EA-NV TP
1415355101699579910,EH Bildu TP
1415230313983320068,EP-IU TP
1415430700581457925,EH Bildu TP
1415296313835626500,EH Bildu TP
1415220006355443714,EP-IU TP
1415422620804202498,SV-ES TP
1415365666983583747,SV-ES TP
1415362880522838025,SV-ES TP
1415351614676865028,SV-ES TP
1415351267292061704,SV-ES TP
1415350599785324550,SV-ES TP
1415298272248401922,SV-ES TP
1415296447361212419,SV-ES TP
1415295448198389760,SV-ES TP
1415294671908130817,SV-ES TP
1415294498763071494,SV-ES TP
1415294246173749258,SV-ES TP
1415293440657661958,SV-ES TP
1415276312814620676,EH Bildu TP
1415338289746305025,EA-NV TP
1415338284872572931,EA-NV TP
1415278587394068485,EA-NV TP
1415278380749139969,EA-NV TP
1415278091866419209,EA-NV TP
1415274439223173122,EA-NV TP
1415240611104530433,EA-NV TP
1415657513912049665,VP-C TP
1415761445665509378,EH Bildu TP
1415687185500721153,EH Bildu TP
1415599023331942404,EH Bildu TP
1415769864338386944,EP-IU TP
1415668906102902793,EH Bildu TP
1415606852541366276,EH Bildu TP
1415781906109640710,EH Bildu TP
1415758063307526151,VP-C TP
1415647879084056576,VP-C TP
1415590898788929536,VP-C TP
1415590896926662656,VP-C TP
1415761984553955332,EH Bildu TP
1415756613567369221,EH Bildu TP
1415756101023322116,EH Bildu TP
1415672784013860871,EP-IU TP
1415666818082131968,EP-IU TP
1415623147194355713,EP-IU TP
1415610779831881730,EP-IU TP
1415572401056849925,EP-IU TP
1415638320642727938,SV-ES TP
1415636803160322049,SV-ES TP
1415636549006512132,SV-ES TP
1415635652968947713,SV-ES TP
1415565640501501953,SV-ES TP
1415624198546984960,EH Bildu TP
1415717797829677057,EA-NV TP
1415990263080697856,EH Bildu TP
1416055727253229573,VP-C TP
1416090576538284033,VP-C TP
1415990349336662016,VP-C TP
1416091266677420032,VP-C TP
1416022319689048070,SV-ES TP
1416063595801202688,EH Bildu TP
1415962651667177474,EA-NV TP
1415962405071376390,EA-NV TP
1416074319814332416,EA-NV TP
1415994274987008001,EA-NV TP
1416361675142402051,EH Bildu TP
1416361978013097984,EH Bildu TP
1416402694651121665,VP-C TP
1416474219240693760,EP-IU TP
1416444490865315845,SV-ES TP
1416443097152688132,SV-ES TP
1416422423059124238,SV-ES TP
1416391686117277705,EH Bildu TP
1416353138903330824,EA-NV TP
1416682038292320264,EH Bildu TP
1416779648697044995,VP-C TP
1416851805930143755,VP-C TP
1416813642704736256,VP-C TP
1416729696264499203,Mixto TP
1416817190553198598,EP-IU TP
1416840652227334147,SV-ES TP
1416775045402202116,SV-ES TP
1416686044196577281,EA-NV TP
1416684862992420866,EA-NV TP
1416706023788777475,EA-NV TP
1416701961370574849,EA-NV TP
1416683276287234053,EA-NV TP
1416672473999888385,EA-NV TP
1416672010218913793,EA-NV TP
1416671761014394881,EA-NV TP
1416670382099214336,EA-NV TP
1416670380526391296,EA-NV TP
1416670375631536130,EA-NV TP
1416668995672018944,EA-NV TP
1416668992547311619,EA-NV TP
1416663142629789697,EA-NV TP
1417235310862340096,EH Bildu TP
1417183779735621634,EH Bildu TP
1417033100744400898,EH Bildu TP
1417216797393268739,EH Bildu TP
1417135075553157121,EP-IU TP
1417227844871200779,EH Bildu TP
1417185453405573128,SV-ES TP
1417226508054274049,SV-ES TP
1417215104031019010,SV-ES TP
1417060225748701186,EA-NV TP
1417519841636933636,EH Bildu TP
1417473031597867017,EH Bildu TP
1417390323966398465,EH Bildu TP
1417559303217635328,EH Bildu TP
1417559940533657600,EP-IU TP
1417547352538296321,EP-IU TP
1417529738491359232,EP-IU TP
1417516003421048837,EP-IU TP
1417464327863418880,EP-IU TP
1417464324642193409,EP-IU TP
1417410089850396723,EP-IU TP
1417524668064468995,EP-IU TP
1417504360435695624,EH Bildu TP
1417479164408606737,EH Bildu TP
1417497243477856266,VP-C TP
1417400680344608792,VP-C TP
1417598959514570753,EP-IU TP
1417597671821373444,EP-IU TP
1417427548112408596,EP-IU TP
1417426388563468288,EP-IU TP
1417584088244899840,SV-ES TP
1417500830702444555,SV-ES TP
1417498948265185283,SV-ES TP
1417591723904036870,EH Bildu TP
1417552903485726721,EH Bildu TP
1417518876892487680,EH Bildu TP
1417518092817772549,EH Bildu TP
1417463760395112451,EH Bildu TP
1417604527105224706,EA-NV TP
1417848156881043460,EH Bildu TP
1417781585110241282,EA-NV TP
1417898637187813379,EA-NV TP
1417898563066028034,EA-NV TP
1417898447710064645,EA-NV TP
1417898208957718538,EA-NV TP
1417897749996048384,EA-NV TP
1417897028944908292,EA-NV TP
1417773574258143234,EH Bildu TP
1417893886761086977,VP-C TP
1417801712828563457,VP-C TP
1417938491070193665,EP-IU TP
1417915695799615491,EP-IU TP
1417894936570212361,EP-IU TP
1417741130175815685,EP-IU TP
1417847004684857344,EH Bildu TP
1417804581195689986,VP-C TP
1417751225446064129,VP-C TP
1417870739227779073,EH Bildu TP
1417838134704984068,VP-C TP
1417784942034030596,VP-C TP
1417955530346319873,SV-ES TP
1417845049455489024,SV-ES TP
1417842488501575680,SV-ES TP
1417822029315821571,SV-ES TP
1417741512327192576,SV-ES TP
1417830986323222533,EH Bildu TP
1417743683743621121,EA-NV TP
1417743223380926464,EA-NV TP
1418251755922640898,VP-C TP
1418322312395362318,EH Bildu TP
1418248346947489796,EH Bildu TP
1418111799849885697,EH Bildu TP
1418247336568950791,EH Bildu TP
1418231468220895240,EH Bildu TP
1418166970399215619,EH Bildu TP
1418125960453492737,EH Bildu TP
1418326941325799428,VP-C TP
1418245031035654151,EP-IU TP
1418216765759266827,EP-IU TP
1418206543032381440,EP-IU TP
1418188373584404483,EP-IU TP
1418267456045568001,EP-IU TP
1418216680925265929,EP-IU TP
1418212349790482434,EP-IU TP
1418191950184910852,EH Bildu TP
1418268619050524675,VP-C TP
1418217495719157760,EP-IU TP
1418215167138045955,EP-IU TP
1418210303699943437,EP-IU TP
1418093586936176642,EP-IU TP
1418196764734238724,SV-ES TP
1418121927336632324,EH Bildu TP
1418302996048457735,EH Bildu TP
1418266379963322368,EA-NV TP
1418266330923405314,EA-NV TP
1418254520245706765,EA-NV TP
1418579883396116485,EH Bildu TP
1418555015220895747,EH Bildu TP
1418498898159669250,EH Bildu TP
1418604295168069635,EH Bildu TP
1418516512479002634,VP-C TP
1418484033533747203,VP-C TP
1418481803556442114,VP-C TP
1418474350307643393,VP-C TP
1418596986362777603,EP-IU TP
1418509279250763778,VP-C TP
1418575352473993219,EH Bildu TP
1418572410463395842,EH Bildu TP
1418559049126326272,VP-C TP
1418593995106787328,SV-ES TP
1418552185470730246,SV-ES TP
1418550520277577735,SV-ES TP
1418550167037431818,SV-ES TP
1418564868760821762,EH Bildu TP
1418470900572295169,EA-NV TP
1418896517012787201,EA-NV TP
1418994158472151046,EH Bildu TP
1418989482628505602,EH Bildu TP
1418973256254726161,EH Bildu TP
1418945333502038021,EH Bildu TP
1418872923457261569,EH Bildu TP
1418863104910401538,VP-C TP
1419021076395433985,EP-IU TP
1418844451368316932,EP-IU TP
1418986197695803392,SV-ES TP
1418985316329955330,SV-ES TP
1418983776701538304,SV-ES TP
1419035282335207431,EH Bildu TP
1418831727955521540,EH Bildu TP
1418830265758146570,EH Bildu TP
1419425007835484164,EH Bildu TP
1419251586178723843,EH Bildu TP
1419374104243748879,EH Bildu TP
1419222298155012096,VP-C TP
1419386878936113152,EH Bildu TP
1419708669734817793,EA-NV TP
1419708500155027461,EA-NV TP
1419707467383070724,EA-NV TP
1419706188795682819,EA-NV TP
1419705962680700932,EA-NV TP
1419705679892434944,EA-NV TP
1419705244276207618,EA-NV TP
1419705058145472517,EA-NV TP
1419704804780171268,EA-NV TP
1419704481676136452,EA-NV TP
1419703765251330051,EA-NV TP
1419703755948404738,EA-NV TP
1419776828122804225,EH Bildu TP
1419775786756739075,EH Bildu TP
1419774273972019201,EH Bildu TP
1419747240818712580,EP-IU TP
1419644256453595137,EP-IU TP
1419577849489592328,EP-IU TP
1419699864380874759,EP-IU TP
1419694602844577800,EH Bildu TP
1419740049818722319,EH Bildu TP
1419777188547678213,EP-IU TP
1419604931137478656,EP-IU TP
1419618021572743174,SV-ES TP
1419549302607724547,EA-NV TP
1419548209790214144,EA-NV TP
1420093788148600838,EH Bildu TP
1420117460775227396,EH Bildu TP
1419999283345035297,VP-C TP
1419960820117688320,EP-IU TP
1419931782053568514,EP-IU TP
1419901090712203264,EP-IU TP
1420089167179096071,EH Bildu TP
1420014428876066820,EH Bildu TP
1420000477597601820,EH Bildu TP
1419912934109728789,EH Bildu TP
1419928843847147531,VP-C TP
1419913096488013843,EH Bildu TP
1419979717810298885,Mixto TP
1419985323224928266,EP-IU TP
1419952524396740616,EP-IU TP
1420163913707147268,SV-ES TP
1420011278702157829,SV-ES TP
1419985077849755672,EH Bildu TP
1419944242634440717,EH Bildu TP
1419939741433274368,EA-NV TP
1420071179684036610,EA-NV TP
1420351319282524163,EH Bildu TP
1420326044653981697,EH Bildu TP
1420437173376069638,VP-C TP
1420397154196131845,EH Bildu TP
1420394771009396741,EH Bildu TP
1420403990441955328,EP-IU TP
1420376181308809218,EP-IU TP
1420323619457183744,EP-IU TP
1420280111622918145,EP-IU TP
1420398551251697669,EP-IU TP
1420295081836359686,EP-IU TP
1420293097053904896,EP-IU TP
1420523080468897798,EP-IU TP
1420339905432010753,EP-IU TP
1420307878179659788,EP-IU TP
1420429037600661507,SV-ES TP
1420379804491202563,SV-ES TP
1420274731605966848,EH Bildu TP
1420274527070740485,EH Bildu TP
1420355954873442306,EH Bildu TP
1420347112198393857,EA-NV TP
1420699217589379072,VP-C TP
1420778466887315463,EA-NV TP
1420775304977584130,EA-NV TP
1420703652206059520,EA-NV TP
1420703511180976129,EA-NV TP
1420703412891566080,EA-NV TP
1420703256435695618,EA-NV TP
1420703097136029696,EA-NV TP
1420702317054201858,EA-NV TP
1420701830787514371,EA-NV TP
1420701575840944134,EA-NV TP
1420701286526332928,EA-NV TP
1420700303545061376,EA-NV TP
1420832866070564867,EH Bildu TP
1420815433117151234,EH Bildu TP
1420734390636851209,EH Bildu TP
1420688281147166723,EH Bildu TP
1420855455602065410,EH Bildu TP
1420820312892092426,EP-IU TP
1420712540326223879,EP-IU TP
1420676995831275523,EP-IU TP
1420778612450545664,EP-IU TP
1420840230106673193,EH Bildu TP
1420772829604323329,VP-C TP
1420841090601652225,EP-IU TP
1420752282103148555,EP-IU TP
1420657481500565509,EH Bildu TP
1420810266174967812,EA-NV TP
1420791227449028611,EA-NV TP
1420705796351012872,EA-NV TP
1421207714630447115,EH Bildu TP
1421197928396361736,EH Bildu TP
1421110457398595593,EH Bildu TP
1421089766175649799,EH Bildu TP
1421076502494556168,EH Bildu TP
1421070215937413122,EH Bildu TP
1421161997975052291,EH Bildu TP
1421041960836640772,EH Bildu TP
1421127239735857155,Mixto TP
1421036764609789952,Mixto TP
1421054069196607495,EP-IU TP
1421149714741923842,SV-ES TP
1421149276751663104,SV-ES TP
1421002357131956226,SV-ES TP
1421002449238863873,EA-NV TP
1350786845639122946,VP-C TP
1350428689448710146,VP-C TP
1347957440416018432,VP-C TP
1351145725351100420,EH Bildu TP
1351144654025191428,EH Bildu TP
1354714706234241025,EA-NV TP
1354333182972354560,EA-NV TP
1353740244399620097,EA-NV TP
1353739775140888578,EA-NV TP
1353739563131400195,EA-NV TP
1353739268959645697,EA-NV TP
1353324900782628869,EA-NV TP
1353324485802418177,EA-NV TP
1353317226863091712,EA-NV TP
1353316427479056385,EA-NV TP
1352287741799751686,EA-NV TP
1352287503093522434,EA-NV TP
1352287044874207234,EA-NV TP
1351828181905530881,EA-NV TP
1351824384886005761,EA-NV TP
1350790233126825986,EA-NV TP
1350790079032270849,EA-NV TP
1350789682137878528,EA-NV TP
1350760792854028289,EA-NV TP
1350760518257156096,EA-NV TP
1350760396936933378,EA-NV TP
1349996486944202752,EA-NV TP
1349995669684187137,EA-NV TP
1349994244749066240,EA-NV TP
1349993319909257216,EA-NV TP
1349992455945547779,EA-NV TP
1349991642791600129,EA-NV TP
1354533955958173697,EH Bildu TP
1354181553895714819,EH Bildu TP
1354180760345976834,EH Bildu TP
1354179468269670404,EH Bildu TP
1353357077280813061,EH Bildu TP
1352606344650567683,EH Bildu TP
1352384770559385600,EH Bildu TP
1352305234937307139,EH Bildu TP
1352001930365726721,EH Bildu TP
1352001792503066626,EH Bildu TP
1352000860470071299,EH Bildu TP
1351999964843548672,EH Bildu TP
1351655923048206340,EH Bildu TP
1351646997539942406,EH Bildu TP
1351613986534535182,EH Bildu TP
1351483290742624264,EH Bildu TP
1351276555213942786,EH Bildu TP
1351274154260049922,EH Bildu TP
1351118043418677251,EH Bildu TP
1351088246097408004,EH Bildu TP
1350499926254485512,EH Bildu TP
1350495880051363840,EH Bildu TP
1350416377081962498,EH Bildu TP
1350411225474150402,EH Bildu TP
1350140122956767234,EH Bildu TP
1350132000372510721,EH Bildu TP
1350128648762830849,EH Bildu TP
1350126039968735235,EH Bildu TP
1350125966341918721,EH Bildu TP
1350119444392062978,EH Bildu TP
1350117173696602112,EH Bildu TP
1350115683686879234,EH Bildu TP
1350111175439216642,EH Bildu TP
1349451643088211974,EH Bildu TP
1349292226191511553,EH Bildu TP
1349093985432850432,EH Bildu TP
1348299341858021378,EH Bildu TP
1347945996295131136,EH Bildu TP
1347927185512935429,EH Bildu TP
1347831335902195717,EH Bildu TP
1346943820139802625,EH Bildu TP
1346941085847752705,EH Bildu TP
1346930919286972419,EH Bildu TP
1346929898473058310,EH Bildu TP
1346922085659144193,EH Bildu TP
1346219775811334145,EH Bildu TP
1353269088009781248,VP-C TP
1353057387196764160,VP-C TP
1352727251729731585,VP-C TP
1352575359372435460,VP-C TP
1352335369447071750,VP-C TP
1352167178422939648,VP-C TP
1352164795513004033,VP-C TP
1351912324496502784,VP-C TP
1350733685050507265,VP-C TP
1350554397986709509,VP-C TP
1350463082024345601,VP-C TP
1350461192431665152,VP-C TP
1350091891363221505,VP-C TP
1349975275531087872,VP-C TP
1349115460546134018,VP-C TP
1347922821406740481,VP-C TP
1347237874610089984,VP-C TP
1366147049394221057,EP-IU TP
1366127670786981892,EP-IU TP
1366100770261790721,EP-IU TP
1366089610443583493,EP-IU TP
1366029136758665218,EP-IU TP
1365962659900887040,EP-IU TP
1365961743596404738,EP-IU TP
1365959921095835651,EP-IU TP
1365949189532827652,EP-IU TP
1365948187417194497,EP-IU TP
1365946725303787520,EP-IU TP
1365942500188426242,EP-IU TP
1365778377043554308,EP-IU TP
1365723239490715648,EP-IU TP
1365723095529627648,EP-IU TP
1365698088187346948,EP-IU TP
1365697899993182210,EP-IU TP
1365696509195522049,EP-IU TP
1365695845404995584,EP-IU TP
1365691928508051460,EP-IU TP
1365639116633866242,EP-IU TP
1365623404116721670,EP-IU TP
1365613269466120193,EP-IU TP
1365562855769186304,EP-IU TP
1365401206479327237,EP-IU TP
1365399684710293507,EP-IU TP
1365389065873469443,EP-IU TP
1365386576839245834,EP-IU TP
1365386214975680514,EP-IU TP
1365361743229317121,EP-IU TP
1365350208293502982,EP-IU TP
1365333545712029700,EP-IU TP
1365300188357787654,EP-IU TP
1365232765046824960,EP-IU TP
1365002296682233864,EP-IU TP
1364950534147493897,EP-IU TP
1364943603215314944,EP-IU TP
1364825042727690240,EP-IU TP
1364681109225766913,EP-IU TP
1364677768198426627,EP-IU TP
1364648476882194436,EP-IU TP
1364621568094203906,EP-IU TP
1364594410596540425,EP-IU TP
1364590630056456195,EP-IU TP
1364589780990910465,EP-IU TP
1364589399531470849,EP-IU TP
1364315937864880130,EP-IU TP
1363948642030268416,EP-IU TP
1363813208289591300,EP-IU TP
1363800004637433856,EP-IU TP
1363796288408535040,EP-IU TP
1363788333730717698,EP-IU TP
1363777802152128513,EP-IU TP
1363775980658184192,EP-IU TP
1363773982005198851,EP-IU TP
1363773906973261824,EP-IU TP
1363608934859345920,EP-IU TP
1363607469692489729,EP-IU TP
1363595818503176196,EP-IU TP
1363594874205966343,EP-IU TP
1363594732346220544,EP-IU TP
1363593120835923972,EP-IU TP
1363536980596822018,EP-IU TP
1363445332462481412,EP-IU TP
1363437785785450499,EP-IU TP
1363432529349537792,EP-IU TP
1363252663220113409,EP-IU TP
1363250593914114048,EP-IU TP
1363222150501568522,EP-IU TP
1363214474283536391,EP-IU TP
1363168105447497735,EP-IU TP
1363096843329110019,EP-IU TP
1362887234345725954,EP-IU TP
1362870103524716550,EP-IU TP
1362869001806901249,EP-IU TP
1362868717483343874,EP-IU TP
1362838543169712132,EP-IU TP
1362834129394483200,EP-IU TP
1362717938311135255,EP-IU TP
1362678295024857090,EP-IU TP
1362444519493492740,EP-IU TP
1362131343577133065,EP-IU TP
1362079646481846275,EP-IU TP
1362071346210086912,EP-IU TP
1362070228566478851,EP-IU TP
1362053383998361610,EP-IU TP
1362052663475642378,EP-IU TP
1362051903425835016,EP-IU TP
1361932007245287426,EP-IU TP
1361931483053756416,EP-IU TP
1361930452567805953,EP-IU TP
1361923270455537664,EP-IU TP
1361803778463330304,EP-IU TP
1361791598883971075,EP-IU TP
1361789667264331777,EP-IU TP
1361788492007813121,EP-IU TP
1361780109355536384,EP-IU TP
1361777224224018442,EP-IU TP
1361775868109066244,EP-IU TP
1361775619600769031,EP-IU TP
1361766871394115585,EP-IU TP
1361710663442329608,EP-IU TP
1361707324570808320,EP-IU TP
1361707058001809411,EP-IU TP
1361706817634652160,EP-IU TP
1361704338268311565,EP-IU TP
1361702274934964235,EP-IU TP
1361700269109739523,EP-IU TP
1361697856609021972,EP-IU TP
1361696522841243648,EP-IU TP
1361573879303593984,EP-IU TP
1361407161822248964,EP-IU TP
1361357361722646528,EP-IU TP
1361356721692803076,EP-IU TP
1361231960182562816,EP-IU TP
1360874159207837696,EP-IU TP
1360873050464477184,EP-IU TP
1360871523033243651,EP-IU TP
1360574478980440064,EP-IU TP
1360573809343033350,EP-IU TP
1360573103596855299,EP-IU TP
1360571705371090946,EP-IU TP
1360571024056713216,EP-IU TP
1360569475045740551,EP-IU TP
1360566990209974276,EP-IU TP
1360565512216936454,EP-IU TP
1360564516300455936,EP-IU TP
1360364716640583684,EP-IU TP
1360362766910054400,EP-IU TP
1360362456716087305,EP-IU TP
1360357001751121920,EP-IU TP
1360355506699857920,EP-IU TP
1360355146732105734,EP-IU TP
1360317995587887107,EP-IU TP
1360316964967768072,EP-IU TP
1360315102759694336,EP-IU TP
1360285169219997702,EP-IU TP
1360279674883039233,EP-IU TP
1360220281634250753,EP-IU TP
1360219969817092097,EP-IU TP
1360202033047953413,EP-IU TP
1360184686874681345,EP-IU TP
1360149480838991873,EP-IU TP
1360149237070233602,EP-IU TP
1360118451491250177,EP-IU TP
1360118223224647683,EP-IU TP
1360113656621596672,EP-IU TP
1359984459735523332,EP-IU TP
1359983519225815041,EP-IU TP
1359967917794811912,EP-IU TP
1359948824727465987,EP-IU TP
1359946085318471684,EP-IU TP
1359945656484458496,EP-IU TP
1359945396718551059,EP-IU TP
1359942912327503881,EP-IU TP
1359939696810463233,EP-IU TP
1359880526329483266,EP-IU TP
1359876210369695744,EP-IU TP
1359868758597206016,EP-IU TP
1359552032898568195,EP-IU TP
1359543631774892037,EP-IU TP
1359542246434045956,EP-IU TP
1359540067992297474,EP-IU TP
1359539874056056838,EP-IU TP
1359539320697348097,EP-IU TP
1359536805121556492,EP-IU TP
1359535957905653764,EP-IU TP
1359535193493807106,EP-IU TP
1359534277243846669,EP-IU TP
1359533104797544448,EP-IU TP
1359532129009479681,EP-IU TP
1359531999099289602,EP-IU TP
1359531476744871943,EP-IU TP
1359529274206789640,EP-IU TP
1359527997951397888,EP-IU TP
1359525882461831169,EP-IU TP
1359497286989021194,EP-IU TP
1359470430101385221,EP-IU TP
1359393076926644226,EP-IU TP
1359392743827656704,EP-IU TP
1359386933600919553,EP-IU TP
1359232951674929156,EP-IU TP
1359230926484631554,EP-IU TP
1359229233260875776,EP-IU TP
1359227409522900994,EP-IU TP
1359222032987262978,EP-IU TP
1359220598308806661,EP-IU TP
1359182010061901825,EP-IU TP
1359165288231690246,EP-IU TP
1359147953814986758,EP-IU TP
1358836143937224705,EP-IU TP
1358835125677621251,EP-IU TP
1358834757988212736,EP-IU TP
1358796246136274950,EP-IU TP
1358778424492494848,EP-IU TP
1358546973645803520,EP-IU TP
1358545483925487619,EP-IU TP
1358545262113865748,EP-IU TP
1358529883857702912,EP-IU TP
1358528284368269312,EP-IU TP
1358527865638289408,EP-IU TP
1358527741059084298,EP-IU TP
1358526432134242305,EP-IU TP
1358524907718639625,EP-IU TP
1358519147471249408,EP-IU TP
1358519045117644801,EP-IU TP
1358518387064897537,EP-IU TP
1358496977437261824,EP-IU TP
1358495075072892929,EP-IU TP
1358493670698278913,EP-IU TP
1358367553555464192,EP-IU TP
1358332181089837062,EP-IU TP
1358331500765274112,EP-IU TP
1358316896089755659,EP-IU TP
1358165356762828800,EP-IU TP
1358145603352600576,EP-IU TP
1358143962582814721,EP-IU TP
1358137432294752257,EP-IU TP
1358067339279933442,EP-IU TP
1358002982319759360,EP-IU TP
1358002779818774533,EP-IU TP
1358001965217832962,EP-IU TP
1357971907837104129,EP-IU TP
1357968041171156993,EP-IU TP
1357966076584337411,EP-IU TP
1357964975139131392,EP-IU TP
1357964888723832832,EP-IU TP
1357964007123148800,EP-IU TP
1357963225682313219,EP-IU TP
1357958175018860546,EP-IU TP
1357956020383997955,EP-IU TP
1357954932922593281,EP-IU TP
1357954555523260416,EP-IU TP
1357784667844456448,EP-IU TP
1357778200953303045,EP-IU TP
1357777785729736709,EP-IU TP
1357777036115337222,EP-IU TP
1357775284167204868,EP-IU TP
1357769352192413698,EP-IU TP
1357751117124370444,EP-IU TP
1357732570511900673,EP-IU TP
1357723430540484609,EP-IU TP
1357715841341554688,EP-IU TP
1357714874500014080,EP-IU TP
1357705750399901700,EP-IU TP
1357702224932175873,EP-IU TP
1357661460994945026,EP-IU TP
1357655619298287616,EP-IU TP
1357654840395055108,EP-IU TP
1357653003071860737,EP-IU TP
1357649864478318594,EP-IU TP
1357649286457090048,EP-IU TP
1357639359265181696,EP-IU TP
1357638860910567424,EP-IU TP
1357637509841305601,EP-IU TP
1357637308481220610,EP-IU TP
1357636604085567499,EP-IU TP
1357635805515296769,EP-IU TP
1357634363790401536,EP-IU TP
1357631294746853376,EP-IU TP
1357617448086867970,EP-IU TP
1357617274287493120,EP-IU TP
1357617185791868928,EP-IU TP
1357615695077507072,EP-IU TP
1357609838415609856,EP-IU TP
1357605290062065664,EP-IU TP
1357603983469215750,EP-IU TP
1357603407410954240,EP-IU TP
1357602600741388290,EP-IU TP
1357601026837274625,EP-IU TP
1357600493300813825,EP-IU TP
1357600004010033153,EP-IU TP
1357442561045053440,EP-IU TP
1357442093136965635,EP-IU TP
1357427148907286528,EP-IU TP
1357378311811391489,EP-IU TP
1357361893283872772,EP-IU TP
1357360460702617601,EP-IU TP
1357360256779776000,EP-IU TP
1357359189891444737,EP-IU TP
1357358906184450050,EP-IU TP
1357353511982366727,EP-IU TP
1357231189262798848,EP-IU TP
1357084361208832003,EP-IU TP
1357083582397825027,EP-IU TP
1357037645034061824,EP-IU TP
1357035191559159808,EP-IU TP
1357034949128445964,EP-IU TP
1357034499364839430,EP-IU TP
1357033140615843845,EP-IU TP
1357030176614449154,EP-IU TP
1357026615872655362,EP-IU TP
1357021805186318336,EP-IU TP
1357020401910636544,EP-IU TP
1357017015567986696,EP-IU TP
1356855033439133696,EP-IU TP
1356851297161478147,EP-IU TP
1356740395431059458,EP-IU TP
1356738980436447232,EP-IU TP
1356724328491069440,EP-IU TP
1356718854823673858,EP-IU TP
1356718851896057865,EP-IU TP
1356705154427473923,EP-IU TP
1356704812008693766,EP-IU TP
1356701147411734537,EP-IU TP
1356699892555595785,EP-IU TP
1356699652750508034,EP-IU TP
1356699384268943367,EP-IU TP
1356698140112531458,EP-IU TP
1356694765782335491,EP-IU TP
1356683142439055360,EP-IU TP
1356663627139416065,EP-IU TP
1356629357717032960,EP-IU TP
1356627886283849732,EP-IU TP
1356618153426616322,EP-IU TP
1356611496726437890,EP-IU TP
1356516480125444100,EP-IU TP
1356496051088334849,EP-IU TP
1356493277856489473,EP-IU TP
1356493074713747456,EP-IU TP
1356336733760212993,EP-IU TP
1356335432313798662,EP-IU TP
1356315024353087488,EP-IU TP
1356314802310815747,EP-IU TP
1356307925552295937,EP-IU TP
1356282857031933952,EP-IU TP
1356282245405945856,EP-IU TP
1356276296200957952,EP-IU TP
1356275714681679875,EP-IU TP
1356271214013149193,EP-IU TP
1356266040313978883,EP-IU TP
1356264782505144322,EP-IU TP
1356253945887387651,EP-IU TP
1356252969453416449,EP-IU TP
1356251279975186435,EP-IU TP
1356251121636040706,EP-IU TP
1356251006196199427,EP-IU TP
1356250410437238786,EP-IU TP
1356249008201723908,EP-IU TP
1356240144706236416,EP-IU TP
1356131631183110145,EP-IU TP
1356006926337847303,EP-IU TP
1355969007967494160,EP-IU TP
1355968792313147395,EP-IU TP
1355967805674442752,EP-IU TP
1355894628558532610,EP-IU TP
1355841344946778112,EP-IU TP
1355832109508784129,EP-IU TP
1355830252447162371,EP-IU TP
1355830053238697987,EP-IU TP
1355829422868344834,EP-IU TP
1355826214599065601,EP-IU TP
1355825368234655745,EP-IU TP
1355823947867185158,EP-IU TP
1355823269165858821,EP-IU TP
1355822563142889473,EP-IU TP
1355819001205706758,EP-IU TP
1355818633629495296,EP-IU TP
1355546184467804162,EP-IU TP
1355544857759133696,EP-IU TP
1355533655725240323,EP-IU TP
1355450545620836354,EP-IU TP
1355448157262536705,EP-IU TP
1355445031474253824,EP-IU TP
1355444088703754241,EP-IU TP
1355443327131385857,EP-IU TP
1355222272731209732,EP-IU TP
1355213087998148612,EP-IU TP
1355209702326611970,EP-IU TP
1355186529153540096,EP-IU TP
1355185059804942338,EP-IU TP
1355167128161296386,EP-IU TP
1355133749822947328,EP-IU TP
1355047374612271107,EP-IU TP
1354871564878172164,EP-IU TP
1354871275014008835,EP-IU TP
1354837097966952449,EP-IU TP
1354806401281843210,EP-IU TP
1354804982541742084,EP-IU TP
1354802832428285953,EP-IU TP
1354800676371456008,EP-IU TP
1354795690405343239,EP-IU TP
1354794068455419908,EP-IU TP
1354791345613897731,EP-IU TP
1354785250187087872,EP-IU TP
1354535899279798275,EP-IU TP
1354494443299237888,EP-IU TP
1354491995792822285,EP-IU TP
1354489883809751042,EP-IU TP
1354489191246258176,EP-IU TP
1354485147182231554,EP-IU TP
1354481763029020674,EP-IU TP
1354467671291670535,EP-IU TP
1354444295172980737,EP-IU TP
1354441549225013254,EP-IU TP
1354441272145145857,EP-IU TP
1354439749877051394,EP-IU TP
1354439634034577418,EP-IU TP
1354436103474974723,EP-IU TP
1354431994088861699,EP-IU TP
1354430201720172557,EP-IU TP
1354429579113492488,EP-IU TP
1354428896398204928,EP-IU TP
1354428385414565891,EP-IU TP
1354427855741054978,EP-IU TP
1354427365095591938,EP-IU TP
1354426831198416901,EP-IU TP
1354426265093222410,EP-IU TP
1354425829485371396,EP-IU TP
1354425337422225419,EP-IU TP
1354423545372278785,EP-IU TP
1354423241830498304,EP-IU TP
1354316996062679041,EP-IU TP
1354181734326263809,EP-IU TP
1354175196211654660,EP-IU TP
1354172931564335105,EP-IU TP
1354168587083198465,EP-IU TP
1354162994880589826,EP-IU TP
1354162508060307457,EP-IU TP
1354155444571414530,EP-IU TP
1354155090618277888,EP-IU TP
1354144147968569344,EP-IU TP
1354143471926472706,EP-IU TP
1354140852159963138,EP-IU TP
1354127096726114304,EP-IU TP
1354126432516059136,EP-IU TP
1354119421921525760,EP-IU TP
1354083720731488266,EP-IU TP
1354067734598979585,EP-IU TP
1354067619775709187,EP-IU TP
1354067212374577152,EP-IU TP
1353952752607621120,EP-IU TP
1353825484111564800,EP-IU TP
1353824261086081025,EP-IU TP
1353822719972958208,EP-IU TP
1353819691681255424,EP-IU TP
1353797302377443329,EP-IU TP
1353784443895341056,EP-IU TP
1353781855217217536,EP-IU TP
1353779959408566274,EP-IU TP
1353779244669808640,EP-IU TP
1353777838382587904,EP-IU TP
1353776869242507266,EP-IU TP
1353776405813850114,EP-IU TP
1353775339357548545,EP-IU TP
1353770363700830208,EP-IU TP
1353768289252605953,EP-IU TP
1353757969427685378,EP-IU TP
1353757278814543874,EP-IU TP
1353757004414803968,EP-IU TP
1353756630349975556,EP-IU TP
1353756520358543361,EP-IU TP
1353755169406771205,EP-IU TP
1353753614356013068,EP-IU TP
1353750563356344322,EP-IU TP
1353748429307060226,EP-IU TP
1353733693504958466,EP-IU TP
1353722475864064001,EP-IU TP
1353720647621476352,EP-IU TP
1353719842843590658,EP-IU TP
1353703903779577857,EP-IU TP
1353474050773962753,EP-IU TP
1353473600972607488,EP-IU TP
1353471896726155265,EP-IU TP
1353470507379781633,EP-IU TP
1353461955705634824,EP-IU TP
1353458260720795648,EP-IU TP
1353458134006824964,EP-IU TP
1353457329816047619,EP-IU TP
1353457223851237377,EP-IU TP
1353440692681453569,EP-IU TP
1353408602569117696,EP-IU TP
1353395314070335491,EP-IU TP
1353390326208200705,EP-IU TP
1353388540651040771,EP-IU TP
1353387607284187137,EP-IU TP
1353362499366756352,EP-IU TP
1353311914844160000,EP-IU TP
1353306987434536960,EP-IU TP
1353298993384665089,EP-IU TP
1353288387969560577,EP-IU TP
1353283349683580931,EP-IU TP
1353277695895998471,EP-IU TP
1353277496838520832,EP-IU TP
1353277214561869825,EP-IU TP
1353275961018560512,EP-IU TP
1353275146576998400,EP-IU TP
1353271848017010694,EP-IU TP
1353271076453830656,EP-IU TP
1353267987118256128,EP-IU TP
1353033952370569217,EP-IU TP
1353029153726074882,EP-IU TP
1352972539056807938,EP-IU TP
1352963612357361664,EP-IU TP
1352942408313532416,EP-IU TP
1352941784440180737,EP-IU TP
1352941162676543493,EP-IU TP
1352940979897118720,EP-IU TP
1352939115432566786,EP-IU TP
1352938680890105861,EP-IU TP
1352933688665890816,EP-IU TP
1352884718581198848,EP-IU TP
1352882425718829061,EP-IU TP
1352881481883017218,EP-IU TP
1352880437983641600,EP-IU TP
1352878693711040512,EP-IU TP
1352878567802236928,EP-IU TP
1352875751876534272,EP-IU TP
1352875390042312704,EP-IU TP
1352875117941039104,EP-IU TP
1352716705127133184,EP-IU TP
1352700588136550403,EP-IU TP
1352699236131999744,EP-IU TP
1352510037227417600,EP-IU TP
1352509471570997248,EP-IU TP
1352508949753450497,EP-IU TP
1352508882560675845,EP-IU TP
1352332236536901632,EP-IU TP
1352331230113648642,EP-IU TP
1352330805419405312,EP-IU TP
1352327401339035649,EP-IU TP
1352318460383158272,EP-IU TP
1352317111373344770,EP-IU TP
1352315891996876800,EP-IU TP
1352311971706777602,EP-IU TP
1352303885701050370,EP-IU TP
1352303204164378625,EP-IU TP
1352299958557356034,EP-IU TP
1352299668827475969,EP-IU TP
1352288132654391296,EP-IU TP
1352287616721448961,EP-IU TP
1352285808259182595,EP-IU TP
1352283506307723269,EP-IU TP
1352282566078967816,EP-IU TP
1352282212671041538,EP-IU TP
1352280505937502212,EP-IU TP
1352280045050621954,EP-IU TP
1352279574877515776,EP-IU TP
1352279392286814210,EP-IU TP
1352278996847894530,EP-IU TP
1352278655549009921,EP-IU TP
1352269068083015684,EP-IU TP
1352267797611601922,EP-IU TP
1352266451332308996,EP-IU TP
1352254452942725120,EP-IU TP
1352254352342310914,EP-IU TP
1352254246876553218,EP-IU TP
1352254018979037185,EP-IU TP
1351993321288310784,EP-IU TP
1351992795783966727,EP-IU TP
1351984496699203584,EP-IU TP
1351984336904597513,EP-IU TP
1351984196936486923,EP-IU TP
1351980885185327104,EP-IU TP
1351970145552502790,EP-IU TP
1351950093331689474,EP-IU TP
1351949880126828544,EP-IU TP
1351949666565427202,EP-IU TP
1351949578745114624,EP-IU TP
1351948894905774082,EP-IU TP
1351945915716743170,EP-IU TP
1351943148927406091,EP-IU TP
1351942400579657735,EP-IU TP
1351236976494653440,EP-IU TP
1351236333285609479,EP-IU TP
1351235749421707266,EP-IU TP
1351234126440001540,EP-IU TP
1351234019703328770,EP-IU TP
1351233715188412428,EP-IU TP
1351233540319490048,EP-IU TP
1351227172606926849,EP-IU TP
1351224819652685826,EP-IU TP
1351211949284089867,EP-IU TP
1351209116962861063,EP-IU TP
1351201747486838786,EP-IU TP
1351189452505362443,EP-IU TP
1351187696711049228,EP-IU TP
1351187554071171074,EP-IU TP
1351185850244194310,EP-IU TP
1351185072418938881,EP-IU TP
1351184328898785281,EP-IU TP
1351183564897976325,EP-IU TP
1351176744674406413,EP-IU TP
1351171966250737665,EP-IU TP
1351161833848233987,EP-IU TP
1351062190523101191,EP-IU TP
1350913072987303942,EP-IU TP
1350912738684502017,EP-IU TP
1350904808560013312,EP-IU TP
1350873055879442443,EP-IU TP
1350872061489655813,EP-IU TP
1350871077870833665,EP-IU TP
1350868022609801218,EP-IU TP
1350867270160048128,EP-IU TP
1350867135371874307,EP-IU TP
1350866809285713925,EP-IU TP
1350865174127927300,EP-IU TP
1350864420382105602,EP-IU TP
1350862892372008962,EP-IU TP
1350857003418210309,EP-IU TP
1350849902427971588,EP-IU TP
1350847122321629184,EP-IU TP
1350846754019807245,EP-IU TP
1350846345876299779,EP-IU TP
1350830348360425475,EP-IU TP
1350829758242828289,EP-IU TP
1350829671554969600,EP-IU TP
1350825174090833921,EP-IU TP
1350824338333835264,EP-IU TP
1350820044851261444,EP-IU TP
1350819452523335680,EP-IU TP
1350818107548438530,EP-IU TP
1350816860267286535,EP-IU TP
1350815720872022021,EP-IU TP
1350811118923636736,EP-IU TP
1350772547319721985,EP-IU TP
1350771381307322371,EP-IU TP
1350769258813399041,EP-IU TP
1350768855757582336,EP-IU TP
1350570369019744262,EP-IU TP
1350569130802491393,EP-IU TP
1350568517972750337,EP-IU TP
1350564633388740611,EP-IU TP
1350564208082100232,EP-IU TP
1350563025586171905,EP-IU TP
1350559150766510081,EP-IU TP
1350557796664795140,EP-IU TP
1350534883505025026,EP-IU TP
1350428760743550976,EP-IU TP
1350414250729082881,EP-IU TP
1350405636824117250,EP-IU TP
1350404187809574914,EP-IU TP
1350403954476244992,EP-IU TP
1350403082774044674,EP-IU TP
1350397721774092290,EP-IU TP
1350395799688142849,EP-IU TP
1350394911867228160,EP-IU TP
1350393158828503041,EP-IU TP
1350391884447944704,EP-IU TP
1350390764656799750,EP-IU TP
1350390175478788096,EP-IU TP
1350389528398360578,EP-IU TP
1350388492015194112,EP-IU TP
1350382107907018752,EP-IU TP
1350381756881510400,EP-IU TP
1350380695760330752,EP-IU TP
1350380407448068096,EP-IU TP
1350378980642344960,EP-IU TP
1350378130687586307,EP-IU TP
1350371300955533313,EP-IU TP
1350368609189703680,EP-IU TP
1350365045872603137,EP-IU TP
1350200923428155393,EP-IU TP
1350195299772411907,EP-IU TP
1350192435150917634,EP-IU TP
1350168398748151811,EP-IU TP
1350164625942339591,EP-IU TP
1350163993734864910,EP-IU TP
1350163418322497538,EP-IU TP
1350162568497737731,EP-IU TP
1350162375744356356,EP-IU TP
1350162098647687171,EP-IU TP
1350161985590190081,EP-IU TP
1350161783382802433,EP-IU TP
1350161597667434502,EP-IU TP
1350157904570179586,EP-IU TP
1350157441770680332,EP-IU TP
1350142391655821312,EP-IU TP
1350105732939702274,EP-IU TP
1350099656181751809,EP-IU TP
1350087378795458562,EP-IU TP
1350083147413790723,EP-IU TP
1350080104043606019,EP-IU TP
1350079919750078466,EP-IU TP
1350071798122033156,EP-IU TP
1350064949503143936,EP-IU TP
1350059422358396931,EP-IU TP
1350043862505549824,EP-IU TP
1350042983928881157,EP-IU TP
1350034092428034049,EP-IU TP
1350029862199824385,EP-IU TP
1350027490144755712,EP-IU TP
1350027324805283840,EP-IU TP
1350026594530840576,EP-IU TP
1350025445954244610,EP-IU TP
1349981767571288064,EP-IU TP
1349848343904735233,EP-IU TP
1349846403867140097,EP-IU TP
1349800969056497667,EP-IU TP
1349797404799807494,EP-IU TP
1349789713754959875,EP-IU TP
1349785767263023105,EP-IU TP
1349785345899044864,EP-IU TP
1349782474440781824,EP-IU TP
1349780121473921025,EP-IU TP
1349778395320770561,EP-IU TP
1349757470277853184,EP-IU TP
1349756339858378757,EP-IU TP
1349756053609721859,EP-IU TP
1349753063414890496,EP-IU TP
1349752506201550853,EP-IU TP
1349752366527115272,EP-IU TP
1349752234737852417,EP-IU TP
1349751026308567056,EP-IU TP
1349749174779179015,EP-IU TP
1349748849770954753,EP-IU TP
1349748586913918976,EP-IU TP
1349747762645053441,EP-IU TP
1349723755510071296,EP-IU TP
1349720375412875264,EP-IU TP
1349720204587233282,EP-IU TP
1349688797139759104,EP-IU TP
1349667596367515648,EP-IU TP
1349661722966163456,EP-IU TP
1349450962637893633,EP-IU TP
1349448105524146185,EP-IU TP
1349440958077788165,EP-IU TP
1349439327286263809,EP-IU TP
1349396952623030273,EP-IU TP
1349396144565182469,EP-IU TP
1349394919237025792,EP-IU TP
1349390964310290437,EP-IU TP
1349377141826322432,EP-IU TP
1349373873444298753,EP-IU TP
1349109703083761665,EP-IU TP
1349109580450713606,EP-IU TP
1349107785741594625,EP-IU TP
1349103405491507200,EP-IU TP
1349103106139840515,EP-IU TP
1349102835271667712,EP-IU TP
1349101722111799296,EP-IU TP
1349101298638082048,EP-IU TP
1349100891572490241,EP-IU TP
1349096605639700480,EP-IU TP
1349095117454536705,EP-IU TP
1349094855465697281,EP-IU TP
1349094366397276168,EP-IU TP
1349092327005048832,EP-IU TP
1349014788488257543,EP-IU TP
1349013719175593991,EP-IU TP
1349012811008139266,EP-IU TP
1349011499986071553,EP-IU TP
1349011108821168131,EP-IU TP
1349010246006661124,EP-IU TP
1349009721865461763,EP-IU TP
1349009133421395969,EP-IU TP
1349007830427250691,EP-IU TP
1349007462649749504,EP-IU TP
1349007161855193089,EP-IU TP
1349006675152400385,EP-IU TP
1348888755613138944,EP-IU TP
1348886300838002694,EP-IU TP
1348757887154270209,EP-IU TP
1348752956565422089,EP-IU TP
1348750420412407808,EP-IU TP
1348750122130284546,EP-IU TP
1348708517490937856,EP-IU TP
1348669949632458755,EP-IU TP
1348669184499183625,EP-IU TP
1348667177579245577,EP-IU TP
1348651572524437505,EP-IU TP
1348645258675019777,EP-IU TP
1348644898854096899,EP-IU TP
1348643785962622976,EP-IU TP
1348640996549152768,EP-IU TP
1348640514720079872,EP-IU TP
1348631672108052481,EP-IU TP
1348630513574174727,EP-IU TP
1348629041566408710,EP-IU TP
1348628930606084099,EP-IU TP
1348412496378519552,EP-IU TP
1348388244111699969,EP-IU TP
1348386190513352709,EP-IU TP
1348383043157946371,EP-IU TP
1348373995868090369,EP-IU TP
1348368160244817924,EP-IU TP
1348362368909246464,EP-IU TP
1348362157898018821,EP-IU TP
1348355468931039234,EP-IU TP
1348355140030492672,EP-IU TP
1348354112891580427,EP-IU TP
1348351735203586049,EP-IU TP
1348346506349305857,EP-IU TP
1348327903684141059,EP-IU TP
1348327455422083080,EP-IU TP
1348327107500400641,EP-IU TP
1348304665214148614,EP-IU TP
1348297935189143553,EP-IU TP
1348295815509532673,EP-IU TP
1348295279506763776,EP-IU TP
1348294975302340608,EP-IU TP
1348293287917064195,EP-IU TP
1348292336342675456,EP-IU TP
1348290512902615042,EP-IU TP
1348278044780351488,EP-IU TP
1348276071607758848,EP-IU TP
1348274331051286529,EP-IU TP
1348273493201334272,EP-IU TP
1348272703283847169,EP-IU TP
1348244887251128320,EP-IU TP
1348214891509936128,EP-IU TP
1348211280683937793,EP-IU TP
1348059956935737346,EP-IU TP
1348058387771236360,EP-IU TP
1348045889311551488,EP-IU TP
1348045577448251392,EP-IU TP
1348038779236397057,EP-IU TP
1348032382092398595,EP-IU TP
1348031905741086721,EP-IU TP
1348031645379649538,EP-IU TP
1348031412255993859,EP-IU TP
1348025335103823872,EP-IU TP
1348024937018236934,EP-IU TP
1348024537930223616,EP-IU TP
1348023208906207232,EP-IU TP
1348013287271751680,EP-IU TP
1348008896326230018,EP-IU TP
1348000465796136963,EP-IU TP
1348000280886075395,EP-IU TP
1347996487716909057,EP-IU TP
1347995225189457928,EP-IU TP
1347993092645859329,EP-IU TP
1347967490027122688,EP-IU TP
1347960944501149698,EP-IU TP
1347960515356729350,EP-IU TP
1347960237844811777,EP-IU TP
1347955394539380741,EP-IU TP
1347929518682628096,EP-IU TP
1347928257895739396,EP-IU TP
1347919149545222148,EP-IU TP
1347918411897200640,EP-IU TP
1347887590289113091,EP-IU TP
1347881305766326273,EP-IU TP
1347865789068668928,EP-IU TP
1347864812949303308,EP-IU TP
1347862334446968835,EP-IU TP
1347862104024510470,EP-IU TP
1347861148281040896,EP-IU TP
1347859678244515843,EP-IU TP
1347859545415184385,EP-IU TP
1347853210480996352,EP-IU TP
1347852656065339393,EP-IU TP
1347852115222392832,EP-IU TP
1347851641484140546,EP-IU TP
1347850860848672768,EP-IU TP
1347850748789460994,EP-IU TP
1347849219164536835,EP-IU TP
1347846009360166912,EP-IU TP
1347845485378330624,EP-IU TP
1347844549998206977,EP-IU TP
1347844122334425088,EP-IU TP
1347843020352319488,EP-IU TP
1347842524430348293,EP-IU TP
1347840680652132353,EP-IU TP
1347839152000299010,EP-IU TP
1347829068327247878,EP-IU TP
1347827943251324928,EP-IU TP
1347826417988476934,EP-IU TP
1347825788066869249,EP-IU TP
1347820033171476481,EP-IU TP
1347818407954173954,EP-IU TP
1347817948581408768,EP-IU TP
1347811434252677121,EP-IU TP
1347810894693228549,EP-IU TP
1347805989853147137,EP-IU TP
1347680357727023117,EP-IU TP
1347664241738838021,EP-IU TP
1347661272830136324,EP-IU TP
1347660511232602118,EP-IU TP
1347659909526122497,EP-IU TP
1347659406561996803,EP-IU TP
1347658795741229062,EP-IU TP
1347656935101915141,EP-IU TP
1347656697758810112,EP-IU TP
1347652405668810752,EP-IU TP
1347651920312356865,EP-IU TP
1347650630131834890,EP-IU TP
1347645373540687883,EP-IU TP
1347600525110423552,EP-IU TP
1347599930353995776,EP-IU TP
1347584466588463109,EP-IU TP
1347580150930665480,EP-IU TP
1347579651523227649,EP-IU TP
1347576326346182656,EP-IU TP
1347567794200731648,EP-IU TP
1347567466755612675,EP-IU TP
1347566936104857600,EP-IU TP
1347545542931476484,EP-IU TP
1347544943745769475,EP-IU TP
1347542950910304260,EP-IU TP
1347540039027318787,EP-IU TP
1347539545869475842,EP-IU TP
1347539061309845504,EP-IU TP
1347538300983250948,EP-IU TP
1347538133072699394,EP-IU TP
1347531114936725504,EP-IU TP
1347529543712706560,EP-IU TP
1347528018848325632,EP-IU TP
1347498990984691713,EP-IU TP
1347498763095519235,EP-IU TP
1347496435147792384,EP-IU TP
1347495788423901184,EP-IU TP
1347495178001666048,EP-IU TP
1347494916130271232,EP-IU TP
1347494550093369346,EP-IU TP
1347490156811587587,EP-IU TP
1347490061420548096,EP-IU TP
1347481843558449158,EP-IU TP
1347481062922973186,EP-IU TP
1347480739647021056,EP-IU TP
1347479875322589185,EP-IU TP
1347479551992098816,EP-IU TP
1347478702494461953,EP-IU TP
1347477191991373824,EP-IU TP
1347476984725692416,EP-IU TP
1347474802295111680,EP-IU TP
1347326590418612227,EP-IU TP
1347305443757010944,EP-IU TP
1347286459548635139,EP-IU TP
1347267373456363521,EP-IU TP
1347185578723446785,EP-IU TP
1347173486435971072,EP-IU TP
1347172216362967042,EP-IU TP
1347148132887498752,EP-IU TP
1347122953121652738,EP-IU TP
1347118723140907009,EP-IU TP
1347066981875388416,EP-IU TP
1346951286114177025,EP-IU TP
1346944670493007874,EP-IU TP
1346935870218149889,EP-IU TP
1346935657118064640,EP-IU TP
1346915895466143745,EP-IU TP
1346915604880613380,EP-IU TP
1346913863376240642,EP-IU TP
1346913100595924992,EP-IU TP
1346910290990878723,EP-IU TP
1346882623487025152,EP-IU TP
1346870013005877249,EP-IU TP
1346869363069091855,EP-IU TP
1346868540679331847,EP-IU TP
1346866945988161537,EP-IU TP
1346773631804825600,EP-IU TP
1346755529436180480,EP-IU TP
1346751390971031552,EP-IU TP
1346566616646115331,EP-IU TP
1346566077464137728,EP-IU TP
1346537889149169664,EP-IU TP
1346537728536670208,EP-IU TP
1346536895120089094,EP-IU TP
1346521018937044993,EP-IU TP
1346519370156138498,EP-IU TP
1346515295528218626,EP-IU TP
1346515082721820672,EP-IU TP
1346488658526920705,EP-IU TP
1346488555166715906,EP-IU TP
1346416905054285830,EP-IU TP
1346406461824512000,EP-IU TP
1346405450233892865,EP-IU TP
1346397727433875461,EP-IU TP
1346393185170415617,EP-IU TP
1346392992962240522,EP-IU TP
1346392463825653762,EP-IU TP
1346223021485412352,EP-IU TP
1346211756683755525,EP-IU TP
1346211199843786765,EP-IU TP
1346206406219882502,EP-IU TP
1346182535185920001,EP-IU TP
1346146660989153280,EP-IU TP
1346146559667400711,EP-IU TP
1346121598286385152,EP-IU TP
1346120423323402240,EP-IU TP
1346118051431903233,EP-IU TP
1346088869540884480,EP-IU TP
1346088624547364864,EP-IU TP
1346077680073105411,EP-IU TP
1346076802041737219,EP-IU TP
1346074812129685506,EP-IU TP
1346070107135610882,EP-IU TP
1346066098333093888,EP-IU TP
1346040635896299521,EP-IU TP
1346038680524365826,EP-IU TP
1346037832373121024,EP-IU TP
1345869870223806464,EP-IU TP
1345866883636060160,EP-IU TP
1345862748761182208,EP-IU TP
1345849038067949572,EP-IU TP
1345848004956327936,EP-IU TP
1345823073384210433,EP-IU TP
1345822545753346050,EP-IU TP
1345819788224946177,EP-IU TP
1345819492912406529,EP-IU TP
1345819189265752065,EP-IU TP
1345819034063958018,EP-IU TP
1345804878355038210,EP-IU TP
1345776655147655168,EP-IU TP
1345775344066953217,EP-IU TP
1345774541126164487,EP-IU TP
1345771680191361032,EP-IU TP
1345771627498401794,EP-IU TP
1345770119524458497,EP-IU TP
1345769444015034368,EP-IU TP
1345768572325425156,EP-IU TP
1345693134601256965,EP-IU TP
1345681815655362561,EP-IU TP
1345680642021982209,EP-IU TP
1345670211018645504,EP-IU TP
1345669887033749504,EP-IU TP
1345666826898968577,EP-IU TP
1345658281159745537,EP-IU TP
1345468485384761344,EP-IU TP
1345465760773255169,EP-IU TP
1345465475074060290,EP-IU TP
1345440224470511617,EP-IU TP
1345436785875234818,EP-IU TP
1345432003085283331,EP-IU TP
1345427961223262214,EP-IU TP
1345427845812772866,EP-IU TP
1345379217811365888,EP-IU TP
1345362164844998657,EP-IU TP
1345360744485941248,EP-IU TP
1345347529962123265,EP-IU TP
1345342242198855680,EP-IU TP
1345328579811430400,EP-IU TP
1345327284731990017,EP-IU TP
1345325096316055552,EP-IU TP
1345324897774555136,EP-IU TP
1345324362744868864,EP-IU TP
1345323806760574976,EP-IU TP
1345323187714871297,EP-IU TP
1345314488300548096,EP-IU TP
1345309273186820096,EP-IU TP
1345306908916387842,EP-IU TP
1345302755750141953,EP-IU TP
1345294674735542279,EP-IU TP
1345293023891042309,EP-IU TP
1345288286319894528,EP-IU TP
1345143028575596546,EP-IU TP
1345100196980666370,EP-IU TP
1345095343176871938,EP-IU TP
1345085558700339205,EP-IU TP
1345078622667878401,EP-IU TP
1345077832398086145,EP-IU TP
1345077309670354945,EP-IU TP
1345058461361516544,EP-IU TP
1345053553119948806,EP-IU TP
1344971839173492736,EP-IU TP
1344971545760968704,EP-IU TP
1352531874304946176,EP-IU TP
1351907409816678406,EP-IU TP
1351904005170077697,EP-IU TP
1351439825883246592,EP-IU TP
1350186069409595392,EP-IU TP
1349683964462641153,EP-IU TP
1349436798376800257,EP-IU TP
1347645537034641408,EP-IU TP
1347553401140338689,EP-IU TP
1346939362391412737,EP-IU TP
1346570521232683013,EP-IU TP
1346570063265017856,EP-IU TP
1345755762275069952,EP-IU TP
1345755606901252098,EP-IU TP
1345466954765791232,EP-IU TP
1345075201118248962,EP-IU TP
1354483921594015745,EH Bildu TP
1354344410595659776,EH Bildu TP
1354034611676962816,EH Bildu TP
1354021658365984774,EH Bildu TP
1353834078915735553,EH Bildu TP
1353802931284410368,EH Bildu TP
1353799943341953027,EH Bildu TP
1353736038477406208,EH Bildu TP
1353651851145728001,EH Bildu TP
1353441663033745409,EH Bildu TP
1353430626666336256,EH Bildu TP
1352926670165045250,EH Bildu TP
1352723305619480576,EH Bildu TP
1352676483173675011,EH Bildu TP
1352614772416643073,EH Bildu TP
1352511027406110720,EH Bildu TP
1352344909001482241,EH Bildu TP
1352295590693101569,EH Bildu TP
1352276047807606787,EH Bildu TP
1352261469845549057,EH Bildu TP
1352223473658195968,EH Bildu TP
1352001488676118530,EH Bildu TP
1351943740764647424,EH Bildu TP
1351929628068343809,EH Bildu TP
1351892122077687810,EH Bildu TP
1351132348855803904,EH Bildu TP
1350815878951149569,EH Bildu TP
1350538611217870849,EH Bildu TP
1350528471395692545,EH Bildu TP
1350173241265033216,EH Bildu TP
1350150037343449091,EH Bildu TP
1350098882340990976,EH Bildu TP
1349834533227663360,EH Bildu TP
1349804449200533504,EH Bildu TP
1349713104750391311,EH Bildu TP
1349711082311577603,EH Bildu TP
1349614434281467904,EH Bildu TP
1349452106663669763,EH Bildu TP
1349448469539414019,EH Bildu TP
1349417595443818497,EH Bildu TP
1349413223561367560,EH Bildu TP
1349363175993565187,EH Bildu TP
1349361293698981889,EH Bildu TP
1348728499801042944,EH Bildu TP
1348722721765666819,EH Bildu TP
1348302277736615948,EH Bildu TP
1348293478321696768,EH Bildu TP
1347973232578732033,EH Bildu TP
1347959593931051012,EH Bildu TP
1347950018460844033,EH Bildu TP
1347948024379682821,EH Bildu TP
1347918298881675267,EH Bildu TP
1347910672345128961,EH Bildu TP
1347884149223403546,EH Bildu TP
1347562362547613698,EH Bildu TP
1347468340453920771,EH Bildu TP
1347298626771574784,EH Bildu TP
1347239379211677696,EH Bildu TP
1347091477827104768,EH Bildu TP
1346946643967545345,EH Bildu TP
1346897289307107331,EH Bildu TP
1346794197144240128,EH Bildu TP
1346785124113932289,EH Bildu TP
1346159593982930948,EH Bildu TP
1345756008145158144,EH Bildu TP
1345470884795076609,EH Bildu TP
1353024630005641216,VP-C TP
1355975404117487625,EP-IU TP
1355850473065115649,EP-IU TP
1355548774718967808,EP-IU TP
1355261481022062600,EP-IU TP
1354689851166257158,EP-IU TP
1354452648427192321,EP-IU TP
1354437101119565825,EP-IU TP
1354436346958458880,EP-IU TP
1354403853219803137,EP-IU TP
1354166735184797696,EP-IU TP
1354000944137179137,EP-IU TP
1353803657691672579,EP-IU TP
1353770715363872771,EP-IU TP
1353663763585642496,EP-IU TP
1353633418731528192,EP-IU TP
1353478154921324545,EP-IU TP
1353382634425094144,EP-IU TP
1353327477247115264,EP-IU TP
1353120622587637760,EP-IU TP
1352923581064351745,EP-IU TP
1352568609072160774,EP-IU TP
1352290807970213891,EP-IU TP
1352007018924675080,EP-IU TP
1351654841387520001,EP-IU TP
1351614279074590723,EP-IU TP
1351612824980762627,EP-IU TP
1351611892247105537,EP-IU TP
1351524173777166337,EP-IU TP
1351261807479029762,EP-IU TP
1351260607815823370,EP-IU TP
1351225275883905026,EP-IU TP
1351212148425371649,EP-IU TP
1351198402231611394,EP-IU TP
1351110911247970305,EP-IU TP
1351101661415170049,EP-IU TP
1351091830344085509,EP-IU TP
1351087026863566849,EP-IU TP
1350882790397661185,EP-IU TP
1350875947206119428,EP-IU TP
1350352479213518848,EP-IU TP
1350054534941446145,EP-IU TP
1349976244885057536,EP-IU TP
1349802211065397253,EP-IU TP
1349679026399547398,EP-IU TP
1349617413885751297,EP-IU TP
1349456724470718464,EP-IU TP
1349436085714251776,EP-IU TP
1349434487785086978,EP-IU TP
1349433435908136961,EP-IU TP
1349372236327768071,EP-IU TP
1349334616872779776,EP-IU TP
1349066778366849029,EP-IU TP
1349062065051283460,EP-IU TP
1349007792603078662,EP-IU TP
1349007513446920196,EP-IU TP
1348744593811103746,EP-IU TP
1348635416614875136,EP-IU TP
1348597855502610433,EP-IU TP
1348523213144387584,EP-IU TP
1348192919371608065,EP-IU TP
1347899449822031872,EP-IU TP
1347883399189569536,EP-IU TP
1347882698984058880,EP-IU TP
1347882559385063424,EP-IU TP
1347850036487614472,EP-IU TP
1347849220632539136,EP-IU TP
1347825779430842368,EP-IU TP
1347631785140760582,EP-IU TP
1347630890617344000,EP-IU TP
1347327561060261889,EP-IU TP
1347244152178831360,EP-IU TP
1347232436992823296,EP-IU TP
1347080571927883787,EP-IU TP
1346963531934048258,EP-IU TP
1346963185698435075,EP-IU TP
1346962802188156931,EP-IU TP
1346925554835091456,EP-IU TP
1346920974072086547,EP-IU TP
1346918256536285185,EP-IU TP
1346904911670341634,EP-IU TP
1346889763975008256,EP-IU TP
1346889293344739332,EP-IU TP
1346887958272552962,EP-IU TP
1346887100516470785,EP-IU TP
1346099589775056902,EP-IU TP
1346098031880495105,EP-IU TP
1346000347643437056,EP-IU TP
1345999213839200256,EP-IU TP
1345139657567326209,EP-IU TP
1345139080770809857,EP-IU TP
1345116244861714432,EP-IU TP
1345100534840229888,EP-IU TP
1353625697760251904,EH Bildu TP
1353619343972724736,EH Bildu TP
1353606383166513153,EH Bildu TP
1353420302726914051,EH Bildu TP
1353400159879630849,EH Bildu TP
1353398909591285760,EH Bildu TP
1353397328418373633,EH Bildu TP
1353390434970693632,EH Bildu TP
1353381172559011840,EH Bildu TP
1353355373839839232,EH Bildu TP
1353339100053581824,EH Bildu TP
1353336837360771072,EH Bildu TP
1352693241171353607,EH Bildu TP
1352184916138721281,EH Bildu TP
1352164537965940736,EH Bildu TP
1352159842832625664,EH Bildu TP
1352153408707428355,EH Bildu TP
1351916123881693188,EH Bildu TP
1351915075209199616,EH Bildu TP
1351285157492387841,EH Bildu TP
1351129306529980420,EH Bildu TP
1351093912040042502,EH Bildu TP
1350855599676919816,EH Bildu TP
1350804790444490752,EH Bildu TP
1350795907663540225,EH Bildu TP
1350785730340118533,EH Bildu TP
1350784429279612928,EH Bildu TP
1350781770258657280,EH Bildu TP
1350757291759448064,EH Bildu TP
1350741184084381697,EH Bildu TP
1350489401244213249,EH Bildu TP
1350146091593986049,EH Bildu TP
1350121439815495681,EH Bildu TP
1349986452856332289,EH Bildu TP
1349655075820609536,EH Bildu TP
1349465033177239557,EH Bildu TP
1349447020012949504,EH Bildu TP
1349442008235061248,EH Bildu TP
1349441041699659776,EH Bildu TP
1349440715198263302,EH Bildu TP
1349440093732417544,EH Bildu TP
1349432671349465102,EH Bildu TP
1349431881507500032,EH Bildu TP
1349006055427239947,EH Bildu TP
1349005010428964871,EH Bildu TP
1348320017771876353,EH Bildu TP
1348299747443015681,EH Bildu TP
1348267708337545216,EH Bildu TP
1348218344739119104,EH Bildu TP
1348217627328524288,EH Bildu TP
1348213156565417985,EH Bildu TP
1348028743151976455,EH Bildu TP
1347847741095993344,EH Bildu TP
1347561215728476160,EH Bildu TP
1347137598234484754,EH Bildu TP
1346759573663838210,EH Bildu TP
1346226710975557639,EH Bildu TP
1346206876044767235,EH Bildu TP
1346197312742293505,EH Bildu TP
1346190943247065088,EH Bildu TP
1346190691018420230,EH Bildu TP
1346188240278192128,EH Bildu TP
1346019130789474305,EH Bildu TP
1345796249870594048,EH Bildu TP
1345774725461663745,EH Bildu TP
1345765730311143424,EH Bildu TP
1345685455975682048,EH Bildu TP
1345670046174109696,EH Bildu TP
1345667455235067905,EH Bildu TP
1345344726329929729,EH Bildu TP
1345344576442298370,EH Bildu TP
1345333417999802368,EH Bildu TP
1345281029490274304,EH Bildu TP
1345123509685657607,EH Bildu TP
1345107619422343168,EH Bildu TP
1345100023181279238,EH Bildu TP
1345088990844751874,EH Bildu TP
1345060248822968321,EH Bildu TP
1345049493843173379,EH Bildu TP
1345040135604342785,EH Bildu TP
1365718714616864775,SV-ES TP
1365668855549427720,SV-ES TP
1365668214689193988,SV-ES TP
1365632817938497536,SV-ES TP
1365263495969861632,SV-ES TP
1365033099592105989,SV-ES TP
1364957846002139142,SV-ES TP
1364941824780095491,SV-ES TP
1364907647833579522,SV-ES TP
1364702429086900228,SV-ES TP
1364659923586600965,SV-ES TP
1364658913480740873,SV-ES TP
1364291635266355200,SV-ES TP
1364219026759704582,SV-ES TP
1364212786658750465,SV-ES TP
1364211270614925314,SV-ES TP
1364189047598559235,SV-ES TP
1364188142895575040,SV-ES TP
1364187846375067651,SV-ES TP
1364187231246815234,SV-ES TP
1364186928585854978,SV-ES TP
1364122447755309057,SV-ES TP
1363866846559100931,SV-ES TP
1363826074078085120,SV-ES TP
1363825558396821504,SV-ES TP
1363557615171751938,SV-ES TP
1363494689119170561,SV-ES TP
1363468631598899203,SV-ES TP
1363225726661574661,SV-ES TP
1363224322236678144,SV-ES TP
1363161476559732737,SV-ES TP
1363135480548753408,SV-ES TP
1363133834791964672,SV-ES TP
1363045835647422464,SV-ES TP
1362887406018580481,SV-ES TP
1362887033484697600,SV-ES TP
1362868196496338946,SV-ES TP
1362866934988029959,SV-ES TP
1362815868099588102,SV-ES TP
1362793261044228102,SV-ES TP
1362769128554119171,SV-ES TP
1362768265467088896,SV-ES TP
1362768021236891648,SV-ES TP
1362764703764742144,SV-ES TP
1362755756399988738,SV-ES TP
1362702786987720705,SV-ES TP
1362521461622194176,SV-ES TP
1362520625525456896,SV-ES TP
1362420544893841410,SV-ES TP
1362411333417852936,SV-ES TP
1362403397782102018,SV-ES TP
1362402936417058819,SV-ES TP
1362320223232274435,SV-ES TP
1362166743771283457,SV-ES TP
1362150843747889155,SV-ES TP
1362149514082197508,SV-ES TP
1362131414498611201,SV-ES TP
1362080695699570690,SV-ES TP
1362079491544264704,SV-ES TP
1362060605788676098,SV-ES TP
1362040423145906180,SV-ES TP
1362001036081328129,SV-ES TP
1361939927911469060,SV-ES TP
1361783175618387974,SV-ES TP
1361782409277165573,SV-ES TP
1361781782316806151,SV-ES TP
1361780739998638080,SV-ES TP
1361778259785101314,SV-ES TP
1361771379746611205,SV-ES TP
1361769915145936896,SV-ES TP
1361760006237016065,SV-ES TP
1361740591407767552,SV-ES TP
1361740095624253442,SV-ES TP
1361675199461097472,SV-ES TP
1361674951724572672,SV-ES TP
1361673710936219648,SV-ES TP
1361673036672475136,SV-ES TP
1361672603623112709,SV-ES TP
1361671407835508737,SV-ES TP
1361616498440216576,SV-ES TP
1361616024496406529,SV-ES TP
1361593391021178883,SV-ES TP
1361589305433554947,SV-ES TP
1361585003143061506,SV-ES TP
1361576106445463553,SV-ES TP
1361571144688615432,SV-ES TP
1361327828512493568,SV-ES TP
1361324081153458178,SV-ES TP
1361303966924091395,SV-ES TP
1361303650447024129,SV-ES TP
1361303396611940354,SV-ES TP
1361303200213704708,SV-ES TP
1361303105917366272,SV-ES TP
1361302964560920578,SV-ES TP
1361302772277215241,SV-ES TP
1361302583789424645,SV-ES TP
1361262712760782855,SV-ES TP
1361261770199990274,SV-ES TP
1361260882999865345,SV-ES TP
1361259117395005444,SV-ES TP
1361232092839968769,SV-ES TP
1361221618723397635,SV-ES TP
1361220269046697984,SV-ES TP
1361084568808398851,SV-ES TP
1361074267845238787,SV-ES TP
1361014766823743500,SV-ES TP
1360997834980474882,SV-ES TP
1360962005553840129,SV-ES TP
1360876397250695169,SV-ES TP
1360874632870510592,SV-ES TP
1359922873427714049,SV-ES TP
1359867615339040768,SV-ES TP
1359852333782491138,SV-ES TP
1359834866695761922,SV-ES TP
1359834109586112512,SV-ES TP
1359832755274711042,SV-ES TP
1359831504659107847,SV-ES TP
1359831145320509444,SV-ES TP
1359830826041630723,SV-ES TP
1359817427257851904,SV-ES TP
1359816926273433609,SV-ES TP
1359627593008480264,SV-ES TP
1359626722837151751,SV-ES TP
1359624873497268227,SV-ES TP
1359609955876278279,SV-ES TP
1359601553972334604,SV-ES TP
1359600444608249856,SV-ES TP
1359598753666203649,SV-ES TP
1359592205892132869,SV-ES TP
1359588331219263491,SV-ES TP
1359585772731531270,SV-ES TP
1359510853997977600,SV-ES TP
1359507221785247752,SV-ES TP
1359506584943161348,SV-ES TP
1359413214593904642,SV-ES TP
1359413056791527428,SV-ES TP
1359412464740352002,SV-ES TP
1359243126360207373,SV-ES TP
1359242453946150917,SV-ES TP
1359241971114647561,SV-ES TP
1359241798317723649,SV-ES TP
1359241402400522241,SV-ES TP
1359240719790202885,SV-ES TP
1359240433881276422,SV-ES TP
1359240152216961028,SV-ES TP
1359239037068992521,SV-ES TP
1359186849143619584,SV-ES TP
1359143981033136130,SV-ES TP
1359115687969624064,SV-ES TP
1359115537352183811,SV-ES TP
1359102829504454658,SV-ES TP
1359102039956013057,SV-ES TP
1359100931137298435,SV-ES TP
1359093177962086406,SV-ES TP
1359087665694584843,SV-ES TP
1358874352222162945,SV-ES TP
1358873908728987654,SV-ES TP
1358873607015923719,SV-ES TP
1358873180719501324,SV-ES TP
1358872933217796099,SV-ES TP
1358693364619743233,SV-ES TP
1358445651764338689,SV-ES TP
1358419402018992130,SV-ES TP
1358416292504600576,SV-ES TP
1358415858830368771,SV-ES TP
1358383868483686400,SV-ES TP
1358362041183051776,SV-ES TP
1358092348270469121,SV-ES TP
1358089711873646597,SV-ES TP
1358089326983323654,SV-ES TP
1358088567705260033,SV-ES TP
1358087933056733185,SV-ES TP
1358080505695068163,SV-ES TP
1358078647563931649,SV-ES TP
1357975871341154304,SV-ES TP
1357695921115566081,SV-ES TP
1357695155688587266,SV-ES TP
1357656358376656896,SV-ES TP
1357346206939185152,SV-ES TP
1357327713971949569,SV-ES TP
1357327450557059072,SV-ES TP
1357042184445431808,SV-ES TP
1356962897134559233,SV-ES TP
1356934187685711876,SV-ES TP
1356934005170536449,SV-ES TP
1356932777195802625,SV-ES TP
1356917014913310720,SV-ES TP
1356916213914427392,SV-ES TP
1356883754527162370,SV-ES TP
1356882372331986946,SV-ES TP
1356881820219027463,SV-ES TP
1356860366677037058,SV-ES TP
1356237435525595139,SV-ES TP
1356237106641850369,SV-ES TP
1356236498094485505,SV-ES TP
1356197447731736576,SV-ES TP
1356197375426125824,SV-ES TP
1356196951059025921,SV-ES TP
1355988072870146050,SV-ES TP
1355987792426389506,SV-ES TP
1355987396890865666,SV-ES TP
1355987061753458688,SV-ES TP
1355986604226183168,SV-ES TP
1355985913688555524,SV-ES TP
1355985602689302528,SV-ES TP
1355985149775773697,SV-ES TP
1355984903729524751,SV-ES TP
1355984036238413826,SV-ES TP
1355887323842547719,SV-ES TP
1355826158059794432,SV-ES TP
1355636407977598979,SV-ES TP
1355635697634447369,SV-ES TP
1355529588508602368,SV-ES TP
1355529026832637952,SV-ES TP
1355528396969824262,SV-ES TP
1355524034730074114,SV-ES TP
1355521765825507328,SV-ES TP
1355521091918245888,SV-ES TP
1355520607102902279,SV-ES TP
1355519356843786241,SV-ES TP
1355518229364531204,SV-ES TP
1355517641981628416,SV-ES TP
1355474210186014721,SV-ES TP
1355285184409550850,SV-ES TP
1355160050625605635,SV-ES TP
1355141608501440517,SV-ES TP
1355140244325228545,SV-ES TP
1354906584195989505,SV-ES TP
1354890653306646528,SV-ES TP
1354879446227038209,SV-ES TP
1354877729829740550,SV-ES TP
1354877062612455428,SV-ES TP
1354820764541677573,SV-ES TP
1354820255034396674,SV-ES TP
1354757390357422081,SV-ES TP
1354756953084469249,SV-ES TP
1354756701929558016,SV-ES TP
1354714786366427142,SV-ES TP
1354712995780296704,SV-ES TP
1354712036803031041,SV-ES TP
1354555316151717891,SV-ES TP
1354538771925098498,SV-ES TP
1354481530253570051,SV-ES TP
1354479721225080839,SV-ES TP
1354478819420348420,SV-ES TP
1354478185430347780,SV-ES TP
1354425896283893762,SV-ES TP
1354404541068881921,SV-ES TP
1354399256493355013,SV-ES TP
1354398287038722049,SV-ES TP
1354353262036721664,SV-ES TP
1354351529717882883,SV-ES TP
1354350839624826880,SV-ES TP
1354349169637519360,SV-ES TP
1354180195071229954,SV-ES TP
1354179804799631360,SV-ES TP
1354159809604558849,SV-ES TP
1354158265249181699,SV-ES TP
1354157632500727810,SV-ES TP
1354157216891342854,SV-ES TP
1354156528803192832,SV-ES TP
1354155964048564227,SV-ES TP
1354111915031576576,SV-ES TP
1354109311040049153,SV-ES TP
1354108312002973696,SV-ES TP
1354070289571786753,SV-ES TP
1354069519598313473,SV-ES TP
1354068706641522688,SV-ES TP
1354068107736870918,SV-ES TP
1353782174936428544,SV-ES TP
1353781445509214211,SV-ES TP
1353736227057496071,SV-ES TP
1353734386903109632,SV-ES TP
1353662164083625984,SV-ES TP
1353461975557287938,SV-ES TP
1353401439956197376,SV-ES TP
1353400586776010753,SV-ES TP
1353374145103491072,SV-ES TP
1353344249765486592,SV-ES TP
1353343065801584640,SV-ES TP
1353342004063842304,SV-ES TP
1353332452920590337,SV-ES TP
1353331917693853698,SV-ES TP
1353331399642779649,SV-ES TP
1353320153015087104,SV-ES TP
1352987551242588161,SV-ES TP
1352986252094689280,SV-ES TP
1352985172447256576,SV-ES TP
1352906177781387264,SV-ES TP
1352727740802359300,SV-ES TP
1352680219925217280,SV-ES TP
1352659262082854912,SV-ES TP
1352655912431984640,SV-ES TP
1352629652943155202,SV-ES TP
1352624315158704130,SV-ES TP
1352566290326630400,SV-ES TP
1352556906150244353,SV-ES TP
1352541734656483329,SV-ES TP
1352541139241463808,SV-ES TP
1352540594501988353,SV-ES TP
1352538786832506881,SV-ES TP
1352393112849690629,SV-ES TP
1352391697913810951,SV-ES TP
1352391299236827137,SV-ES TP
1352390961440108555,SV-ES TP
1352261581846016000,SV-ES TP
1352257268033712129,SV-ES TP
1352256510978613249,SV-ES TP
1352255703742869507,SV-ES TP
1352214678718603264,SV-ES TP
1351925904444948481,SV-ES TP
1351923014431027202,SV-ES TP
1351915610125557760,SV-ES TP
1351895464971542537,SV-ES TP
1351882270647447558,SV-ES TP
1351646165541003264,SV-ES TP
1351610450983661570,SV-ES TP
1351545405914406912,SV-ES TP
1351452720411107328,SV-ES TP
1351452366181163011,SV-ES TP
1351447412204826624,SV-ES TP
1351236287873867776,SV-ES TP
1351174892553646081,SV-ES TP
1351158175572008961,SV-ES TP
1351157987490951168,SV-ES TP
1351156483719913472,SV-ES TP
1351155663318228992,SV-ES TP
1351153365695262722,SV-ES TP
1351093161737777152,SV-ES TP
1351092464493408259,SV-ES TP
1351092268934066177,SV-ES TP
1351090492986056708,SV-ES TP
1350885803849895936,SV-ES TP
1350883746686365697,SV-ES TP
1350872885972389892,SV-ES TP
1350838428510920710,SV-ES TP
1350838096770834439,SV-ES TP
1350804700363370496,SV-ES TP
1350761075583684609,SV-ES TP
1350468974522359808,SV-ES TP
1350453758933786625,SV-ES TP
1350451660066271239,SV-ES TP
1350436077656543232,SV-ES TP
1350435971192512512,SV-ES TP
1350435551455883266,SV-ES TP
1350410733482352641,SV-ES TP
1350128209552146439,SV-ES TP
1350084155867017218,SV-ES TP
1350083934281936907,SV-ES TP
1350074331330707456,SV-ES TP
1350018971005816835,SV-ES TP
1349996210883596288,SV-ES TP
1349834387874078724,SV-ES TP
1349833798536613891,SV-ES TP
1349830422356746241,SV-ES TP
1349672185074495488,SV-ES TP
1349671335262363649,SV-ES TP
1349373755093622787,SV-ES TP
1349373585803141120,SV-ES TP
1349373094289428480,SV-ES TP
1349120328522461184,SV-ES TP
1349120059294298112,SV-ES TP
1349117740704026626,SV-ES TP
1349117050791276545,SV-ES TP
1349083961809637378,SV-ES TP
1349082650112364546,SV-ES TP
1349082326064631810,SV-ES TP
1349070235333222400,SV-ES TP
1349068232381128711,SV-ES TP
1349042059567656960,SV-ES TP
1349020592557715464,SV-ES TP
1349009428129996800,SV-ES TP
1349009306713280517,SV-ES TP
1348972713302482944,SV-ES TP
1348962193933524992,SV-ES TP
1348906324613066752,SV-ES TP
1348628835445723140,SV-ES TP
1348561386528501760,SV-ES TP
1348397197252059139,SV-ES TP
1348396356621250562,SV-ES TP
1348395260238557188,SV-ES TP
1348395043674062850,SV-ES TP
1348394562893582340,SV-ES TP
1348394300036542469,SV-ES TP
1348193297144152064,SV-ES TP
1347938272564158465,SV-ES TP
1347660326142156801,SV-ES TP
1347659298797735937,SV-ES TP
1347581542244167686,SV-ES TP
1347577692376489986,SV-ES TP
1347516254475726849,SV-ES TP
1347496941794557952,SV-ES TP
1347482066657693698,SV-ES TP
1347468172534931456,SV-ES TP
1347163253865123843,SV-ES TP
1346981710219546625,SV-ES TP
1346963505103179777,SV-ES TP
1346935951818334211,SV-ES TP
1346930763820904450,SV-ES TP
1346922602426560515,SV-ES TP
1346785068845510657,SV-ES TP
1346416154479386625,SV-ES TP
1346415950057402369,SV-ES TP
1346399758693380097,SV-ES TP
1346389331846561793,SV-ES TP
1346380280467247104,SV-ES TP
1346379733899096064,SV-ES TP
1346374504784793600,SV-ES TP
1346174231890030593,SV-ES TP
1346150522018033664,SV-ES TP
1346150366656802819,SV-ES TP
1346150094945595392,SV-ES TP
1346149722050998272,SV-ES TP
1346149125428023303,SV-ES TP
1346148948776513536,SV-ES TP
1346057546218545152,SV-ES TP
1346057199181815809,SV-ES TP
1346057054537003011,SV-ES TP
1346056475706273793,SV-ES TP
1346056256776269824,SV-ES TP
1346055598950010880,SV-ES TP
1346021991699144705,SV-ES TP
1346016916075380737,SV-ES TP
1346015107881512960,SV-ES TP
1346010852579807232,SV-ES TP
1346009360879726592,SV-ES TP
1346008973321904129,SV-ES TP
1345772624396357638,SV-ES TP
1345700544707497985,SV-ES TP
1345682063911956480,SV-ES TP
1345456488689635329,SV-ES TP
1345444038988722176,SV-ES TP
1345434819501694976,SV-ES TP
1345433142992261122,SV-ES TP
1345432690636500994,SV-ES TP
1345339778808619015,SV-ES TP
1345138890370404355,SV-ES TP
1345138601852629002,SV-ES TP
1345079805805522944,SV-ES TP
1345079622266970112,SV-ES TP
1344974820572864512,SV-ES TP
1357229107700989952,EH Bildu TP
1357226776095821825,EH Bildu TP
1356221303372582914,EH Bildu TP
1356221050405715968,EH Bildu TP
1355869432791367685,EH Bildu TP
1355263424163438592,EH Bildu TP
1355146681373831178,EH Bildu TP
1355146211360182272,EH Bildu TP
1355069745654067200,EH Bildu TP
1354760675621564418,EH Bildu TP
1353660232451436547,EH Bildu TP
1353434810958622721,EH Bildu TP
1353089272933470208,EH Bildu TP
1352710766525341696,EH Bildu TP
1352301373858177029,EH Bildu TP
1352158511623503877,EH Bildu TP
1352157301222895617,EH Bildu TP
1351886772746276867,EH Bildu TP
1351880460637523973,EH Bildu TP
1351840281369456640,EH Bildu TP
1351646577895600128,EH Bildu TP
1351591263821307908,EH Bildu TP
1351587019932262405,EH Bildu TP
1351583723360309253,EH Bildu TP
1351538607023140865,EH Bildu TP
1351538299123466242,EH Bildu TP
1351537365882384385,EH Bildu TP
1351410647276384256,EH Bildu TP
1350738531518349312,EH Bildu TP
1350516223709212674,EH Bildu TP
1349611114527645698,EH Bildu TP
1348017307247923200,EH Bildu TP
1347935236420730880,EH Bildu TP
1347886035427057664,EH Bildu TP
1347831580543373312,EH Bildu TP
1347808142911004673,EH Bildu TP
1347642656281784320,EH Bildu TP
1346812948669472768,EH Bildu TP
1345307088680058880,EH Bildu TP
1345296591176015872,EH Bildu TP
1349650809332633600,EA-NV TP
1357639734500200450,EH Bildu TP
1357254230655008768,EH Bildu TP
1357249531281371139,EH Bildu TP
1356883841538023425,EH Bildu TP
1356725234989211654,EH Bildu TP
1356167705569751043,EH Bildu TP
1356162632747724800,EH Bildu TP
1354463925660774401,EH Bildu TP
1353254699433152513,EH Bildu TP
1353254697658937345,EH Bildu TP
1352673255325388800,EH Bildu TP
1352667883596349447,EH Bildu TP
1352620920544911364,EH Bildu TP
1352153422540267520,EH Bildu TP
1352152298189959169,EH Bildu TP
1351871889044623361,EH Bildu TP
1351811329405956096,EH Bildu TP
1351516208189857792,EH Bildu TP
1351454482559873024,EH Bildu TP
1351145497315180552,EH Bildu TP
1351145481477496836,EH Bildu TP
1351145467825053696,EH Bildu TP
1349779299214225409,EH Bildu TP
1349403791527968772,EH Bildu TP
1349403790135451650,EH Bildu TP
1349379481694310401,EH Bildu TP
1348743555725062150,EH Bildu TP
1348733705079173123,EH Bildu TP
1348729174828216321,EH Bildu TP
1348729173586694144,EH Bildu TP
1348612931999690753,EH Bildu TP
1348310567287742467,EH Bildu TP
1348310564385267718,EH Bildu TP
1347809793000558592,EH Bildu TP
1347232568941441029,EH Bildu TP
1347133467922935809,EH Bildu TP
1347123334220169217,EH Bildu TP
1347123329040175107,EH Bildu TP
1347123325105971210,EH Bildu TP
1346793598415740929,EH Bildu TP
1346197153857867779,EH Bildu TP
1346197151483891716,EH Bildu TP
1345793707572920326,EH Bildu TP
1345104162611195905,EH Bildu TP
1344937773862629376,EH Bildu TP
1361973988436639744,EA-NV TP
1361754172698296324,EA-NV TP
1361731352387813387,EA-NV TP
1361729181420310531,EA-NV TP
1361701348744589313,EA-NV TP
1361700174393978881,EA-NV TP
1361698934666616834,EA-NV TP
1361697738459594756,EA-NV TP
1361697282895319040,EA-NV TP
1361692215777583107,EA-NV TP
1361689410329321477,EA-NV TP
1361686667032203266,EA-NV TP
1361673784181284870,EA-NV TP
1361631641966362629,EA-NV TP
1361621496859414540,EA-NV TP
1361615062583160833,EA-NV TP
1361612269218652161,EA-NV TP
1361607474269274114,EA-NV TP
1361607389787660288,EA-NV TP
1361606988292063232,EA-NV TP
1361606529644961795,EA-NV TP
1361321283988856837,EA-NV TP
1361312434997366785,EA-NV TP
1361295004610797568,EA-NV TP
1361293785968365574,EA-NV TP
1361292435452788744,EA-NV TP
1361288162115530753,EA-NV TP
1361280582781665281,EA-NV TP
1361254510274953218,EA-NV TP
1361221781869260805,EA-NV TP
1361217986267410434,EA-NV TP
1361072540966400002,EA-NV TP
1361068376781684739,EA-NV TP
1361064267575869442,EA-NV TP
1361060506845478912,EA-NV TP
1361053894927933443,EA-NV TP
1360879684590989312,EA-NV TP
1360685289241530371,EA-NV TP
1360684382743363588,EA-NV TP
1360581070417240065,EA-NV TP
1360579788147220482,EA-NV TP
1360577684204638210,EA-NV TP
1360576495543062530,EA-NV TP
1360576438521507840,EA-NV TP
1360576323882729475,EA-NV TP
1360575661375713281,EA-NV TP
1360572250974519296,EA-NV TP
1360572106845650949,EA-NV TP
1360357345734373383,EA-NV TP
1360352819350544386,EA-NV TP
1360349460560232448,EA-NV TP
1360333912816418824,EA-NV TP
1360331682528788484,EA-NV TP
1360330679859507205,EA-NV TP
1360295598293942275,EA-NV TP
1360269359730593792,EA-NV TP
1360262388851892224,EA-NV TP
1360149822842544131,EA-NV TP
1360139051039395843,EA-NV TP
1360138576894246914,EA-NV TP
1359988848646848515,EA-NV TP
1359988283397332999,EA-NV TP
1359983043314937856,EA-NV TP
1359982405323472897,EA-NV TP
1359982072497111041,EA-NV TP
1359980953502908426,EA-NV TP
1359980468242890755,EA-NV TP
1359978841897336838,EA-NV TP
1359975265301069835,EA-NV TP
1359972776849924096,EA-NV TP
1359928665673465858,EA-NV TP
1359879461576073217,EA-NV TP
1359846164938506242,EA-NV TP
1359808334665252864,EA-NV TP
1359776020803555336,EA-NV TP
1359612823463198726,EA-NV TP
1359471003232055297,EA-NV TP
1359463215407763456,EA-NV TP
1359461256449695746,EA-NV TP
1359453828828037123,EA-NV TP
1359422343043571719,EA-NV TP
1359414409668554753,EA-NV TP
1359281783372660736,EA-NV TP
1359281023666782215,EA-NV TP
1359279646790086661,EA-NV TP
1359240663276126220,EA-NV TP
1359096297471561728,EA-NV TP
1359093771137396746,EA-NV TP
1359093440013885441,EA-NV TP
1359089049680674817,EA-NV TP
1359088312959524866,EA-NV TP
1359033942851125248,EA-NV TP
1358897360164843522,EA-NV TP
1358859979743232007,EA-NV TP
1358723919583264774,EA-NV TP
1358723225908346886,EA-NV TP
1358722989483786242,EA-NV TP
1358714853989511169,EA-NV TP
1358676846540451854,EA-NV TP
1358675178071461888,EA-NV TP
1358349560901488641,EA-NV TP
1358349165072375810,EA-NV TP
1358197693059858437,EA-NV TP
1358176671170498560,EA-NV TP
1357421641911984131,EA-NV TP
1357416660488044545,EA-NV TP
1357264330924908546,EA-NV TP
1357263364297220096,EA-NV TP
1357263149171408898,EA-NV TP
1357067388005601281,EA-NV TP
1356901456771694594,EA-NV TP
1356329314015449089,EA-NV TP
1356316117925560326,EA-NV TP
1356153688826535938,EA-NV TP
1356153366104199169,EA-NV TP
1356120083584712705,EA-NV TP
1355492485267599363,EA-NV TP
1355469847270977545,EA-NV TP
1355469692312420353,EA-NV TP
1355446764988477444,EA-NV TP
1355439085922476033,EA-NV TP
1355434411119013888,EA-NV TP
1355273523099561985,EA-NV TP
1355265614831616001,EA-NV TP
1355212214580490244,EA-NV TP
1355211226066935811,EA-NV TP
1355140012745093126,EA-NV TP
1354844332877107205,EA-NV TP
1354844055549706248,EA-NV TP
1354706578243526656,EA-NV TP
1354682480452907012,EA-NV TP
1354539051056041993,EA-NV TP
1354523793788694529,EA-NV TP
1354523420252397568,EA-NV TP
1354508646244376582,EA-NV TP
1354467941304201216,EA-NV TP
1354453229938102273,EA-NV TP
1354076620211056643,EA-NV TP
1354068354257055749,EA-NV TP
1354051071262527489,EA-NV TP
1353975986774306816,EA-NV TP
1353975704933847040,EA-NV TP
1353442231940751360,EA-NV TP
1352729160444162050,EA-NV TP
1352726108949671941,EA-NV TP
1352658011672743944,EA-NV TP
1352654160102117376,EA-NV TP
1352650080038359040,EA-NV TP
1352649156876267520,EA-NV TP
1352628179802992640,EA-NV TP
1352623485596667908,EA-NV TP
1352623482870386689,EA-NV TP
1352609328016969728,EA-NV TP
1352000378120888326,EA-NV TP
1351818683778215936,EA-NV TP
1351788675131187201,EA-NV TP
1351194922242736129,EA-NV TP
1350741212156874753,EA-NV TP
1350401952665006083,EA-NV TP
1350353463620882432,EA-NV TP
1350156557007396866,EA-NV TP
1349762626805501954,EA-NV TP
1349418746264354817,EA-NV TP
1349007736751742983,EA-NV TP
1347917197956554753,EA-NV TP
1347914232227094528,EA-NV TP
1347486854099193856,EA-NV TP
1346849267017723913,EA-NV TP
1346783183363321856,EA-NV TP
1346454987778482181,EA-NV TP
1346374093050961920,EA-NV TP
1346359773017600000,EA-NV TP
1345372445272846338,EA-NV TP
1473753522701467648,EH Bildu TP
1471866811230662664,EH Bildu TP
1471850390861885446,EH Bildu TP
1471490399726411776,EH Bildu TP
1471040348982030337,EH Bildu TP
1470843554708836354,EH Bildu TP
1467204906222239750,EH Bildu TP
1466829039843299330,EH Bildu TP
1466678262902497285,EH Bildu TP
1463262880673976324,EH Bildu TP
1463256258736234508,EH Bildu TP
1463238530910625793,EH Bildu TP
1462807838020014086,EH Bildu TP
1462114165691195400,EH Bildu TP
1460494475692810240,EH Bildu TP
1460359638650658825,EH Bildu TP
1458549809363791877,EH Bildu TP
1458468164413673479,EH Bildu TP
1458014864488771591,EH Bildu TP
1456003381101842434,EH Bildu TP
1454125915353620483,EH Bildu TP
1453395096557211655,EH Bildu TP
1453308080163278850,EH Bildu TP
1453029964723462151,EH Bildu TP
1452284335676141577,EH Bildu TP
1451953212446101505,EH Bildu TP
1451621314888929284,EH Bildu TP
1451117583026081794,EH Bildu TP
1450850933915758592,EH Bildu TP
1448730842600251396,EH Bildu TP
1448724507196338178,EH Bildu TP
1446565781152669698,EH Bildu TP
1446041832920686597,EH Bildu TP
1445829699578499079,EH Bildu TP
1445745672662048783,EH Bildu TP
1441779739665043456,EH Bildu TP
1441736756995440640,EH Bildu TP
1441134649107959809,EH Bildu TP
1440920802468278272,EH Bildu TP
1440769676078845952,EH Bildu TP
1439307644494307328,EH Bildu TP
1438949221554655240,EH Bildu TP
1438596415144484866,EH Bildu TP
1438215041598251016,EH Bildu TP
1438081395486859264,EH Bildu TP
1435568827882950657,EH Bildu TP
1434970154169946112,EH Bildu TP
1434140444460523525,EH Bildu TP
1430231719559536642,EH Bildu TP
1430160650895036425,EH Bildu TP
1422455557957562381,EH Bildu TP
1421402633605091328,EH Bildu TP
1475053302719168512,EH Bildu TP
1473940372271292419,EH Bildu TP
1471900629710917642,EH Bildu TP
1471205611245350920,EH Bildu TP
1471165398179586052,EH Bildu TP
1471162150961958917,EH Bildu TP
1469289886905782274,EH Bildu TP
1468898260647612418,EH Bildu TP
1464192275517521942,EH Bildu TP
1461316947585470469,EH Bildu TP
1460575705268371461,EH Bildu TP
1459064760809537546,EH Bildu TP
1458817091507834886,EH Bildu TP
1458741396035321856,EH Bildu TP
1458380372505505793,EH Bildu TP
1458073401730478080,EH Bildu TP
1458042634308624387,EH Bildu TP
1456969963617411080,EH Bildu TP
1456962229425823744,EH Bildu TP
1453361587474026500,EH Bildu TP
1449386303892643843,EH Bildu TP
1449346048548298753,EH Bildu TP
1449030205033615393,EH Bildu TP
1448672063397539847,EH Bildu TP
1448274499586215941,EH Bildu TP
1446196971493015553,EH Bildu TP
1445393625760817159,EH Bildu TP
1444289446204125187,EH Bildu TP
1444019415209623560,EH Bildu TP
1443870366359867411,EH Bildu TP
1443573406620741632,EH Bildu TP
1442478283027795968,EH Bildu TP
1440662217075036160,EH Bildu TP
1440661096445014019,EH Bildu TP
1439194403998998533,EH Bildu TP
1439186169225428993,EH Bildu TP
1438796500541353985,EH Bildu TP
1435186332784025609,EH Bildu TP
1433102602435244049,EH Bildu TP
1433101106620534791,EH Bildu TP
1476512378925854723,VP-C TP
1470766144701218824,VP-C TP
1469662886238765063,VP-C TP
1469648487545516037,VP-C TP
1467837792768217092,VP-C TP
1467088196831907841,VP-C TP
1466082479681548296,VP-C TP
1462054777618145286,VP-C TP
1461105558002540551,VP-C TP
1460265853736341508,VP-C TP
1455879439439613953,VP-C TP
1453716226212040704,VP-C TP
1452351821821976582,VP-C TP
1451944436959698952,VP-C TP
1450832446719680521,VP-C TP
1444229527484436482,VP-C TP
1443522848929239043,VP-C TP
1442788888142094338,VP-C TP
1441407709740470272,VP-C TP
1441407289999642628,VP-C TP
1440265039512887301,VP-C TP
1439249621952380929,VP-C TP
1437029621237702656,VP-C TP
1435611478783143943,VP-C TP
1433377741752127494,VP-C TP
1432691583405678593,VP-C TP
1430564695887515649,VP-C TP
1430543037080481796,VP-C TP
1428312503642099719,VP-C TP
1427204449899094017,VP-C TP
1425821625253908482,VP-C TP
1425026766079500289,VP-C TP
1423584680088154112,VP-C TP
1423584678154575877,VP-C TP
1422162015007776779,VP-C TP
1421793917528383491,VP-C TP
1476190469617074176,EA-NV TP
1476187067822522375,EA-NV TP
1474109454186872832,EA-NV TP
1474109445944791044,EA-NV TP
1470859359454433280,EA-NV TP
1470836383141056522,EA-NV TP
1466515696993685507,EA-NV TP
1466370869823954949,EA-NV TP
1466057127169044484,EA-NV TP
1464992447877074947,EA-NV TP
1464219587940130845,EA-NV TP
1463511738121437189,EA-NV TP
1461067760893665280,EA-NV TP
1461030121435979784,EA-NV TP
1456344211675025415,EA-NV TP
1452984161283809285,EA-NV TP
1451138295182790656,EA-NV TP
1446159348753960966,EA-NV TP
1446159132633993217,EA-NV TP
1437492342810939392,EA-NV TP
1473949622326411269,EH Bildu TP
1473936590556872705,EH Bildu TP
1471900741749166081,EH Bildu TP
1471563420893949961,EH Bildu TP
1469976723378823171,EH Bildu TP
1466738055193182210,EH Bildu TP
1466679341685870596,EH Bildu TP
1466385684722339842,EH Bildu TP
1466360313071210499,EH Bildu TP
1466157861487235079,EH Bildu TP
1466155352483930114,EH Bildu TP
1464546809888620552,EH Bildu TP
1464545679062315010,EH Bildu TP
1462118288608178188,EH Bildu TP
1462104856538325002,EH Bildu TP
1462100108015722496,EH Bildu TP
1461754879647666191,EH Bildu TP
1459492893106884611,EH Bildu TP
1459108546361106443,EH Bildu TP
1457653250832932867,EH Bildu TP
1456018554847993866,EH Bildu TP
1456004152744632321,EH Bildu TP
1453996877351956480,EH Bildu TP
1451091749166792708,EH Bildu TP
1451090562879209476,EH Bildu TP
1451089738040057856,EH Bildu TP
1450576781724028933,EH Bildu TP
1450576336607752194,EH Bildu TP
1450575776773025796,EH Bildu TP
1450575242028531720,EH Bildu TP
1450574947475132417,EH Bildu TP
1450574544427704323,EH Bildu TP
1450573827931611141,EH Bildu TP
1450573037959622661,EH Bildu TP
1450572433686138886,EH Bildu TP
1450571693160865796,EH Bildu TP
1450571143778381825,EH Bildu TP
1450570541245550599,EH Bildu TP
1450569993964466178,EH Bildu TP
1450569207456931852,EH Bildu TP
1450568774076321793,EH Bildu TP
1449704111633575942,EH Bildu TP
1449036092561412100,EH Bildu TP
1445842442666713092,EH Bildu TP
1445691370811711492,EH Bildu TP
1445370301131460609,EH Bildu TP
1445368669266120706,EH Bildu TP
1443669533944909824,EH Bildu TP
1443650656447959048,EH Bildu TP
1443526273872142344,EH Bildu TP
1443525279847264261,EH Bildu TP
1441137908400857097,EH Bildu TP
1440937249353383939,EH Bildu TP
1471183308876824576,SV-ES TP
1461614815147876352,SV-ES TP
1454531776563617794,SV-ES TP
1451813091948310528,SV-ES TP
1451551642806009888,SV-ES TP
1435308569180745735,SV-ES TP
1476636146528669698,EA-NV TP
1474870227716427776,EA-NV TP
1472126496852561921,EA-NV TP
1471942893577326592,EA-NV TP
1470729109546442756,EA-NV TP
1469238693395316738,EA-NV TP
1466475283549241345,EA-NV TP
1466155120044003334,EA-NV TP
1464895789340188672,EA-NV TP
1464702145874255877,EA-NV TP
1464617178582376469,EA-NV TP
1462783920760578056,EA-NV TP
1460616605793193987,EA-NV TP
1458558119739539457,EA-NV TP
1458398419412729861,EA-NV TP
1458394636175749121,EA-NV TP
1455676477509341190,EA-NV TP
1455671448350175238,EA-NV TP
1453634836296519680,EA-NV TP
1451120880801681412,EA-NV TP
1450896258424524805,EA-NV TP
1450139410561912838,EA-NV TP
1448898554064523282,EA-NV TP
1447853690895970311,EA-NV TP
1447623708420550665,EA-NV TP
1447621717518688256,EA-NV TP
1447521066457485313,EA-NV TP
1441764207058358272,EA-NV TP
1435533943525289986,EA-NV TP
1434074970997592070,EA-NV TP
1434069500853432322,EA-NV TP
1433072743612825600,EA-NV TP
1433028370539982851,EA-NV TP
1431942429851197441,EA-NV TP
1429917592764944391,EA-NV TP
1428777342500057090,EA-NV TP
1428747489126064128,EA-NV TP
1427638002352857100,EA-NV TP
1427623580645351426,EA-NV TP
1426486393119911936,EA-NV TP
1425450361557561353,EA-NV TP
1423353952972779520,EA-NV TP
1422996875934904322,EA-NV TP
1422618491517997056,EA-NV TP
1421900388752633856,EA-NV TP
1476930968728616960,EA-NV TP
1474302093058101277,EA-NV TP
1473225541352361989,EA-NV TP
1473225534448545796,EA-NV TP
1473028308145405953,EA-NV TP
1473027506076893192,EA-NV TP
1473007897365950474,EA-NV TP
1473007177145196545,EA-NV TP
1473006416294260748,EA-NV TP
1471960579971637254,EA-NV TP
1471959995558289410,EA-NV TP
1471959804121948167,EA-NV TP
1471959592452206600,EA-NV TP
1471895781561053193,EA-NV TP
1471895464668803079,EA-NV TP
1471849246718676996,EA-NV TP
1471782957757128711,EA-NV TP
1471779320855240708,EA-NV TP
1471140949380239369,EA-NV TP
1471139901378899976,EA-NV TP
1470473844368588809,EA-NV TP
1470470489957150721,EA-NV TP
1469607650765717509,EA-NV TP
1469605820123996166,EA-NV TP
1469604855186706435,EA-NV TP
1469582554839793665,EA-NV TP
1469580223045943296,EA-NV TP
1469380097354436615,EA-NV TP
1469332038897573888,EA-NV TP
1469300137809915908,EA-NV TP
1469264190955307011,EA-NV TP
1469240084927025155,EA-NV TP
1469224126967689222,EA-NV TP
1469219764283265026,EA-NV TP
1469218875204112384,EA-NV TP
1469217698773143556,EA-NV TP
1468989398477946880,EA-NV TP
1468989075998793741,EA-NV TP
1468959259870175235,EA-NV TP
1468949355033886728,EA-NV TP
1468910023803912192,EA-NV TP
1468909704831197184,EA-NV TP
1468638812700090368,EA-NV TP
1468638218983821316,EA-NV TP
1468636789741178890,EA-NV TP
1468636476648964103,EA-NV TP
1468635732168396808,EA-NV TP
1468621243838517248,EA-NV TP
1468620123699400704,EA-NV TP
1468619596483768324,EA-NV TP
1468619256522842124,EA-NV TP
1468251773420937226,EA-NV TP
1468251393194659857,EA-NV TP
1467919958378225665,EA-NV TP
1467919946021806080,EA-NV TP
1467918614741360641,EA-NV TP
1467917462175899651,EA-NV TP
1467917450335428611,EA-NV TP
1467916999288410123,EA-NV TP
1466046511033339907,EA-NV TP
1466046464296112137,EA-NV TP
1466046385489420289,EA-NV TP
1466045550583857152,EA-NV TP
1466045352394604546,EA-NV TP
1466045071619497985,EA-NV TP
1465304314629480458,EA-NV TP
1465302783813459974,EA-NV TP
1464962591902609416,EA-NV TP
1464961522380251139,EA-NV TP
1464264576011231239,EA-NV TP
1463913529841487876,EA-NV TP
1463764206461796358,EA-NV TP
1463131651626745856,EA-NV TP
1462861924182417415,EA-NV TP
1461363201463898113,EA-NV TP
1461363188738314247,EA-NV TP
1461362585991737353,EA-NV TP
1461362576088973319,EA-NV TP
1461031326254051328,EA-NV TP
1461031190304014342,EA-NV TP
1461028181717229575,EA-NV TP
1461028171311198217,EA-NV TP
1459493286956179459,EA-NV TP
1458881489677004804,EA-NV TP
1458881461533220866,EA-NV TP
1458462744282345474,EA-NV TP
1458462733796614144,EA-NV TP
1458438340315856904,EA-NV TP
1458432286010101763,EA-NV TP
1458430408983552004,EA-NV TP
1458162613351850000,EA-NV TP
1458162587271581700,EA-NV TP
1457278073108418566,EA-NV TP
1457277983077675016,EA-NV TP
1456716469471952896,EA-NV TP
1455803765878104069,EA-NV TP
1455554316345954311,EA-NV TP
1455554308926287885,EA-NV TP
1455554298524446720,EA-NV TP
1455554288869068806,EA-NV TP
1455554279293521927,EA-NV TP
1455554271576010758,EA-NV TP
1455554261576818691,EA-NV TP
1455554250939973636,EA-NV TP
1455554241775427598,EA-NV TP
1455554234708070404,EA-NV TP
1455554227024105475,EA-NV TP
1455549483253702661,EA-NV TP
1455549476127625222,EA-NV TP
1455549465922768903,EA-NV TP
1455549456129089544,EA-NV TP
1455549447392346113,EA-NV TP
1455549440064905220,EA-NV TP
1455549430103412738,EA-NV TP
1455549420657954820,EA-NV TP
1455549411900145664,EA-NV TP
1455549405470265346,EA-NV TP
1455549397564014596,EA-NV TP
1455448255182090244,EA-NV TP
1455448249054150659,EA-NV TP
1454057671506661380,EA-NV TP
1454057657178939393,EA-NV TP
1454055463117545474,EA-NV TP
1454055451822284803,EA-NV TP
1453378672224788487,EA-NV TP
1453378665316761603,EA-NV TP
1453378658064797698,EA-NV TP
1453378648254390280,EA-NV TP
1453378640083918853,EA-NV TP
1453378635470184455,EA-NV TP
1453378630000709633,EA-NV TP
1453378622576812033,EA-NV TP
1453376456365678603,EA-NV TP
1453376447284981769,EA-NV TP
1453376439433240577,EA-NV TP
1453376429060677642,EA-NV TP
1453376421301264390,EA-NV TP
1453376416041558024,EA-NV TP
1453376410836406274,EA-NV TP
1453376404620550156,EA-NV TP
1450776331445227525,EA-NV TP
1450775890208624642,EA-NV TP
1450775593142865922,EA-NV TP
1450774597134135302,EA-NV TP
1450774007033237504,EA-NV TP
1450773622197473292,EA-NV TP
1450773255065903110,EA-NV TP
1450013306979332099,EA-NV TP
1450012842657296387,EA-NV TP
1449379589038514183,EA-NV TP
1449379322251390984,EA-NV TP
1449379319898419200,EA-NV TP
1448688098322354179,EA-NV TP
1448688093037531137,EA-NV TP
1448350991884115973,EA-NV TP
1447865608977137679,EA-NV TP
1447865532351401988,EA-NV TP
1447864712633389056,EA-NV TP
1447864449931563010,EA-NV TP
1446782118646980611,EA-NV TP
1446608310627622918,EA-NV TP
1446607641342513155,EA-NV TP
1446606954076549124,EA-NV TP
1446606012757204992,EA-NV TP
1446604935341170689,EA-NV TP
1446604260871966721,EA-NV TP
1445792166169690112,EA-NV TP
1445791503155019780,EA-NV TP
1445790838638845954,EA-NV TP
1444213232156151811,EA-NV TP
1444212965159411715,EA-NV TP
1443108907480756226,EA-NV TP
1443107134539976713,EA-NV TP
1443105666869219348,EA-NV TP
1443104601771810822,EA-NV TP
1443104227526590465,EA-NV TP
1443103261272297475,EA-NV TP
1442446095389503491,EA-NV TP
1442446092361244672,EA-NV TP
1442446089962074115,EA-NV TP
1442446083859288068,EA-NV TP
1442445136580026368,EA-NV TP
1442445134218481670,EA-NV TP
1442445125775511552,EA-NV TP
1441699058582704128,EA-NV TP
1441292672426151936,EA-NV TP
1440034340994383890,EA-NV TP
1439295216821817344,EA-NV TP
1439181206688514051,EA-NV TP
1439181196039180289,EA-NV TP
1439181183959568387,EA-NV TP
1439181175331954688,EA-NV TP
1439181165739585544,EA-NV TP
1439179593311784960,EA-NV TP
1439179581307641863,EA-NV TP
1439179570591191043,EA-NV TP
1439179561468628995,EA-NV TP
1439179552929026051,EA-NV TP
1438869090890919939,EA-NV TP
1438154901985562636,EA-NV TP
1438154896218394634,EA-NV TP
1438154891583803399,EA-NV TP
1438153956849504256,EA-NV TP
1438153952957190150,EA-NV TP
1438153945680130049,EA-NV TP
1437005306316345352,EA-NV TP
1437003884698996739,EA-NV TP
1436958601432682498,EA-NV TP
1436947682782851072,EA-NV TP
1436947072649940994,EA-NV TP
1436946162683195392,EA-NV TP
1436945154208899076,EA-NV TP
1436943710760185859,EA-NV TP
1436943338872217603,EA-NV TP
1436940665011724289,EA-NV TP
1436659441483620356,EA-NV TP
1434845552001392640,EA-NV TP
1434845129341276163,EA-NV TP
1434470196836712451,EA-NV TP
1433319247803994115,EA-NV TP
1433103256339746819,EA-NV TP
1433103251981930502,EA-NV TP
1433102599373393932,EA-NV TP
1433102597746003974,EA-NV TP
1432649754039705605,EA-NV TP
1432649081948676097,EA-NV TP
1432648480313511938,EA-NV TP
1432647456592957441,EA-NV TP
1432042467612835840,EA-NV TP
1431921260230070277,EA-NV TP
1430515925502107658,EA-NV TP
1430195686075678722,EA-NV TP
1430194588736753671,EA-NV TP
1429699816116916224,EA-NV TP
1429698383871156228,EA-NV TP
1429697241820848128,EA-NV TP
1429696701728755715,EA-NV TP
1429696146394558464,EA-NV TP
1429693376102903816,EA-NV TP
1429376216079941636,EA-NV TP
1429044305306529800,EA-NV TP
1429044112565604358,EA-NV TP
1428636724259917827,EA-NV TP
1426202575481839616,EA-NV TP
1426202492229111810,EA-NV TP
1476935172570464257,EH Bildu TP
1476934662895378433,EH Bildu TP
1476660201990332421,EH Bildu TP
1475928278120681472,EH Bildu TP
1475552802931982341,EH Bildu TP
1475539332819832832,EH Bildu TP
1475475418195111936,EH Bildu TP
1475402650325766144,EH Bildu TP
1475200381294718978,EH Bildu TP
1475062181947392009,EH Bildu TP
1475033140473348097,EH Bildu TP
1474829598852624384,EH Bildu TP
1474376003887808516,EH Bildu TP
1474110833517281280,EH Bildu TP
1474093035634016260,EH Bildu TP
1474092991191171073,EH Bildu TP
1471465430803963908,EH Bildu TP
1471137199513116677,EH Bildu TP
1471071783335903233,EH Bildu TP
1470718704216383489,EH Bildu TP
1470509376381333511,EH Bildu TP
1469724954413481984,EH Bildu TP
1469657535330332674,EH Bildu TP
1469623947788435465,EH Bildu TP
1469276002635374600,EH Bildu TP
1468895815792013313,EH Bildu TP
1466823504049975305,EH Bildu TP
1466706959533588481,EH Bildu TP
1466471770668642313,EH Bildu TP
1465797822050144261,EH Bildu TP
1464711016537894918,EH Bildu TP
1464605989320249349,EH Bildu TP
1463972117700124681,EH Bildu TP
1463633395183984655,EH Bildu TP
1463628913821851648,EH Bildu TP
1463628312601927682,EH Bildu TP
1463601168760856581,EH Bildu TP
1463569637480800258,EH Bildu TP
1463448633978732547,EH Bildu TP
1462803210117255174,EH Bildu TP
1462802254252199938,EH Bildu TP
1462800406703128579,EH Bildu TP
1462523205667758086,EH Bildu TP
1462193214891376640,EH Bildu TP
1462190586388176910,EH Bildu TP
1462138485410783235,EH Bildu TP
1461807055640137729,EH Bildu TP
1461801205047439362,EH Bildu TP
1460256989523681287,EH Bildu TP
1459277755225419777,EH Bildu TP
1458911163295670277,EH Bildu TP
1458771724091244546,EH Bildu TP
1458180290552205319,EH Bildu TP
1458151857818308616,EH Bildu TP
1458050178682953731,EH Bildu TP
1458027762829115392,EH Bildu TP
1457806108182159366,EH Bildu TP
1457766055921786880,EH Bildu TP
1457765214162718737,EH Bildu TP
1457763083674427403,EH Bildu TP
1457751166968807427,EH Bildu TP
1457724137275863048,EH Bildu TP
1455640750566354948,EH Bildu TP
1455628230405369858,EH Bildu TP
1455278341221752840,EH Bildu TP
1454437804897972235,EH Bildu TP
1454108167063867399,EH Bildu TP
1453803217524039685,EH Bildu TP
1453797352771395584,EH Bildu TP
1453326293752328194,EH Bildu TP
1453312519347580931,EH Bildu TP
1453296825125986310,EH Bildu TP
1450748479538597891,EH Bildu TP
1450721129006567426,EH Bildu TP
1450415417684635659,EH Bildu TP
1449840726402076672,EH Bildu TP
1448966315658649618,EH Bildu TP
1448374219142803460,EH Bildu TP
1447918754885783558,EH Bildu TP
1447309097586630661,EH Bildu TP
1447304621895135232,EH Bildu TP
1447303132829130760,EH Bildu TP
1447302397647376384,EH Bildu TP
1447299287981989892,EH Bildu TP
1447296258960412675,EH Bildu TP
1447295070957445120,EH Bildu TP
1447294222311251968,EH Bildu TP
1446839674320916484,EH Bildu TP
1446161851696521226,EH Bildu TP
1446106139599507458,EH Bildu TP
1446086970921426945,EH Bildu TP
1446070040634265612,EH Bildu TP
1446067044995186690,EH Bildu TP
1445839660090118149,EH Bildu TP
1445838196877660160,EH Bildu TP
1445837628918669313,EH Bildu TP
1445698856738443264,EH Bildu TP
1445474183987687434,EH Bildu TP
1445440256300421124,EH Bildu TP
1444407012352217091,EH Bildu TP
1443895637481857027,EH Bildu TP
1443494574261952513,EH Bildu TP
1443208252326612999,EH Bildu TP
1442769217829343234,EH Bildu TP
1442745105409007621,EH Bildu TP
1442437084795457541,EH Bildu TP
1441745082563153926,EH Bildu TP
1441507095765868548,EH Bildu TP
1440627896758853638,EH Bildu TP
1440053668925956102,EH Bildu TP
1440048354147246086,EH Bildu TP
1439314539523231749,EH Bildu TP
1439191619299856384,EH Bildu TP
1437878068316618752,EH Bildu TP
1437062893225263115,EH Bildu TP
1436437360506548225,EH Bildu TP
1436433320393515057,EH Bildu TP
1436258648070795266,EH Bildu TP
1435868621386010627,EH Bildu TP
1435726439878385672,EH Bildu TP
1435144624948097027,EH Bildu TP
1434899834855624711,EH Bildu TP
1434830099120017410,EH Bildu TP
1433530760674385920,EH Bildu TP
1433437766906429446,EH Bildu TP
1433161282514001921,EH Bildu TP
1429526140553682944,EH Bildu TP
1429484219839959040,EH Bildu TP
1429169432077770761,EH Bildu TP
1429154173388574720,EH Bildu TP
1429146746182148101,EH Bildu TP
1426879039902527488,EH Bildu TP
1425554349363765253,EH Bildu TP
1425384095622877195,EH Bildu TP
1425164670617505805,EH Bildu TP
1424835364536131584,EH Bildu TP
1424700194952781825,EH Bildu TP
1424471606215196674,EH Bildu TP
1424460526499811331,EH Bildu TP
1421783776871559171,EH Bildu TP
1421541623566057472,EH Bildu TP
1421394989662212097,EH Bildu TP
1474451691047161857,EH Bildu TP
1472525261509963776,EH Bildu TP
1470376892129759236,EH Bildu TP
1458436095461502977,EH Bildu TP
1427627100387823622,EH Bildu TP
1426646884941193222,EH Bildu TP
1474878358529921038,EH Bildu TP
1474388164013961219,EH Bildu TP
1473639240672108551,EH Bildu TP
1473292218848919555,EH Bildu TP
1473246521734971394,EH Bildu TP
1472897990633340935,EH Bildu TP
1472897519113969667,EH Bildu TP
1471596929280884742,EH Bildu TP
1471592220318961667,EH Bildu TP
1471205666094297101,EH Bildu TP
1470090138097229829,EH Bildu TP
1469800842555539462,EH Bildu TP
1469418083479609351,EH Bildu TP
1468549478424657926,EH Bildu TP
1468234757502906376,EH Bildu TP
1467456748780929027,EH Bildu TP
1466101210046468096,EH Bildu TP
1466101199065788423,EH Bildu TP
1465946805561176066,EH Bildu TP
1465239187637035009,EH Bildu TP
1465054450318520326,EH Bildu TP
1464349846048022528,EH Bildu TP
1464254180550496259,EH Bildu TP
1463971937173000200,EH Bildu TP
1463851891599810563,EH Bildu TP
1463836998427418632,EH Bildu TP
1463097881884303363,EH Bildu TP
1463073497287172105,EH Bildu TP
1462861608565325825,EH Bildu TP
1462375495174082564,EH Bildu TP
1462374374707806210,EH Bildu TP
1462131242837684229,EH Bildu TP
1461688075235602441,EH Bildu TP
1460933183411822600,EH Bildu TP
1459474064729387014,EH Bildu TP
1459236982689837062,EH Bildu TP
1459234792084488208,EH Bildu TP
1459227889015087112,EH Bildu TP
1459177837861220356,EH Bildu TP
1459176582338293762,EH Bildu TP
1459069287482769426,EH Bildu TP
1458891012831653894,EH Bildu TP
1458821141846446080,EH Bildu TP
1458714799496441857,EH Bildu TP
1458409182424600586,EH Bildu TP
1458399240879751175,EH Bildu TP
1458164825054457860,EH Bildu TP
1458066172981698564,EH Bildu TP
1454720962503626755,EH Bildu TP
1454110777196044289,EH Bildu TP
1453777320498671616,EH Bildu TP
1453644603811315715,EH Bildu TP
1453465518975901696,EH Bildu TP
1453344167053209604,EH Bildu TP
1452942327689908234,EH Bildu TP
1452013118683557888,EH Bildu TP
1452013110114623489,EH Bildu TP
1452013100740317188,EH Bildu TP
1452013090724356096,EH Bildu TP
1451641509183373316,EH Bildu TP
1451586523518939139,EH Bildu TP
1451491988298207233,EH Bildu TP
1451455227283005443,EH Bildu TP
1451168390966652935,EH Bildu TP
1451135218384048128,EH Bildu TP
1451126842946170882,EH Bildu TP
1451118745506795521,EH Bildu TP
1451104383832412161,EH Bildu TP
1450836473138323462,EH Bildu TP
1450350339165655040,EH Bildu TP
1450200756909391875,EH Bildu TP
1450138341421289473,EH Bildu TP
1449363665564676098,EH Bildu TP
1449362138003349509,EH Bildu TP
1448995620031709208,EH Bildu TP
1448731654143549443,EH Bildu TP
1448645489545592834,EH Bildu TP
1448355529403797511,EH Bildu TP
1447834690354831363,EH Bildu TP
1447113884997914625,EH Bildu TP
1446776931039555590,EH Bildu TP
1446443262907191298,EH Bildu TP
1446206613400993802,EH Bildu TP
1446202598021869568,EH Bildu TP
1446183178952187912,EH Bildu TP
1445485786665603072,EH Bildu TP
1444257136540848128,EH Bildu TP
1444225057862176768,EH Bildu TP
1443895313002074113,EH Bildu TP
1443644397963419652,EH Bildu TP
1442540763775180801,EH Bildu TP
1442407488071118848,EH Bildu TP
1442407486074474512,EH Bildu TP
1441704872060112897,EH Bildu TP
1441057864664055826,EH Bildu TP
1440742690602160130,EH Bildu TP
1439177688720285697,EH Bildu TP
1439165394577760258,EH Bildu TP
1438970748018769921,EH Bildu TP
1438807037312442376,EH Bildu TP
1438472908544913416,EH Bildu TP
1438192444651286530,EH Bildu TP
1438128482660278280,EH Bildu TP
1437695049706393600,EH Bildu TP
1436329478008025094,EH Bildu TP
1435959003239141379,EH Bildu TP
1435487161625849858,EH Bildu TP
1433481751263911944,EH Bildu TP
1433173164914315264,EH Bildu TP
1432624985445703683,EH Bildu TP
1430918006956249090,EH Bildu TP
1430261546467348484,EH Bildu TP
1429735566929768450,EH Bildu TP
1426552520294518792,EH Bildu TP
1457739775620886533,EH Bildu TP
1457669204195389440,EH Bildu TP
1456595643632427010,EH Bildu TP
1456368568459841538,EH Bildu TP
1456341392561688585,EH Bildu TP
1456338175438344194,EH Bildu TP
1456332790526582785,EH Bildu TP
1456285212825071617,EH Bildu TP
1456276833419153419,EH Bildu TP
1456261542823927811,EH Bildu TP
1456230098365976580,EH Bildu TP
1456175085715435520,EH Bildu TP
1456167643644416003,EH Bildu TP
1455899278124199945,EH Bildu TP
1455110026960441344,EH Bildu TP
1455100643618824197,EH Bildu TP
1454350125569040384,EH Bildu TP
1453998362844442632,EH Bildu TP
1453323751165239302,EH Bildu TP
1453323024929861632,EH Bildu TP
1452369380558442502,EH Bildu TP
1452335034371817477,EH Bildu TP
1451873637162758145,EH Bildu TP
1451098811728900101,EH Bildu TP
1449760975025016843,EH Bildu TP
1449023487348248585,EH Bildu TP
1448963590283796509,EH Bildu TP
1448925063600906240,EH Bildu TP
1448627639602794496,EH Bildu TP
1448609270614876167,EH Bildu TP
1448550457320878084,EH Bildu TP
1448398411737227264,EH Bildu TP
1448275223627931661,EH Bildu TP
1447993792620081158,EH Bildu TP
1447517512246169603,EH Bildu TP
1446770625624817665,EH Bildu TP
1446769066899824640,EH Bildu TP
1446764998135517186,EH Bildu TP
1446763295759867905,EH Bildu TP
1446761835311607816,EH Bildu TP
1446761632697393156,EH Bildu TP
1446761384293896193,EH Bildu TP
1446761161861607431,EH Bildu TP
1446500492662743055,EH Bildu TP
1446497188620738573,EH Bildu TP
1446496837888843799,EH Bildu TP
1446364723574976513,EH Bildu TP
1446128177915465738,EH Bildu TP
1444945317187801093,EH Bildu TP
1444759381871054852,EH Bildu TP
1444231196343406593,EH Bildu TP
1443946541761409024,EH Bildu TP
1443945532012044288,EH Bildu TP
1443634342903926786,EH Bildu TP
1443591472163344392,EH Bildu TP
1443481859757940736,EH Bildu TP
1443313615369609222,EH Bildu TP
1443111910723960838,EH Bildu TP
1442779588673814535,EH Bildu TP
1442426004329271296,EH Bildu TP
1442379182013620225,EH Bildu TP
1442367742632398849,EH Bildu TP
1442360786773553152,EH Bildu TP
1442037518346637314,EH Bildu TP
1442034837074980866,EH Bildu TP
1442033557346549761,EH Bildu TP
1442032423840141312,EH Bildu TP
1441313447409377287,EH Bildu TP
1441310569475166214,EH Bildu TP
1441309500405915648,EH Bildu TP
1441308278319992832,EH Bildu TP
1440965981069889536,EH Bildu TP
1440693665769222152,EH Bildu TP
1440634011668279296,EH Bildu TP
1440039163491860495,EH Bildu TP
1439966554989502470,EH Bildu TP
1439502508678946817,EH Bildu TP
1438795944363974660,EH Bildu TP
1438598609382019076,EH Bildu TP
1438580746751520769,EH Bildu TP
1438146742344630274,EH Bildu TP
1437677846923722753,EH Bildu TP
1437673044391116802,EH Bildu TP
1437472913138065410,EH Bildu TP
1437419426781990923,EH Bildu TP
1436637206815379456,EH Bildu TP
1436352213065125891,EH Bildu TP
1436293340299988996,EH Bildu TP
1436237649774268418,EH Bildu TP
1435509811769118721,EH Bildu TP
1435194253559336967,EH Bildu TP
1435176082412646407,EH Bildu TP
1435149633580318724,EH Bildu TP
1434532469437521930,EH Bildu TP
1434163821925576705,EH Bildu TP
1434161211394887681,EH Bildu TP
1434088403608473612,EH Bildu TP
1434077120012161025,EH Bildu TP
1433486832617074689,EH Bildu TP
1433468414299983875,EH Bildu TP
1433456670462590978,EH Bildu TP
1433360866322362369,EH Bildu TP
1432740935511777285,EH Bildu TP
1432355715499401219,EH Bildu TP
1432344334544871427,EH Bildu TP
1432330890517041154,EH Bildu TP
1432325229561458697,EH Bildu TP
1432318431605444614,EH Bildu TP
1432261520218542082,EH Bildu TP
1431888996934864898,EH Bildu TP
1431201004066856961,EH Bildu TP
1430995193902342144,EH Bildu TP
1430936686180114442,EH Bildu TP
1430851119866068993,EH Bildu TP
1430281039772065793,EH Bildu TP
1430145898923925506,EH Bildu TP
1429395141324943360,EH Bildu TP
1429204023480049673,EH Bildu TP
1429075660052615171,EH Bildu TP
1429042724557164549,EH Bildu TP
1428669523549360128,EH Bildu TP
1428321063813910529,EH Bildu TP
1427555178610372608,EH Bildu TP
1426533243696918537,EH Bildu TP
1426492309458325505,EH Bildu TP
1426234614121746435,EH Bildu TP
1425820472554377235,EH Bildu TP
1425809362531012608,EH Bildu TP
1425382122047553539,EH Bildu TP
1425379694497697792,EH Bildu TP
1425103968590499846,EH Bildu TP
1425027789338693643,EH Bildu TP
1424785981912277001,EH Bildu TP
1424353520669581319,EH Bildu TP
1423946182573891588,EH Bildu TP
1423595018971910144,EH Bildu TP
1423383756581261313,EH Bildu TP
1422662402034765829,EH Bildu TP
1422525722921476128,EH Bildu TP
1422108929853624321,EH Bildu TP
1421519290197479428,EH Bildu TP
1421367993909530626,EH Bildu TP
1469617927968198659,EH Bildu TP
1469601710775672840,EH Bildu TP
1469601519372836867,EH Bildu TP
1465630747377782786,EH Bildu TP
1459856368832286733,EH Bildu TP
1459574089190936582,EH Bildu TP
1459521722613477379,EH Bildu TP
1454549909877706757,EH Bildu TP
1445503976837767175,EH Bildu TP
1423284159351377920,EH Bildu TP
1462173023692378112,EH Bildu TP
1451119792690274306,EH Bildu TP
1451118771935105024,EH Bildu TP
1447115379952783360,EH Bildu TP
1447115377297797124,EH Bildu TP
1439907123836723201,EH Bildu TP
1439906155577454593,EH Bildu TP
1439197907681435649,EH Bildu TP
1436258337088319506,EH Bildu TP
1476939081460420637,VP-C TP
1476298531354861574,VP-C TP
1476221245301694465,VP-C TP
1476220890014789639,VP-C TP
1476207884086263813,VP-C TP
1475578189967761411,VP-C TP
1475492541290188802,VP-C TP
1473346934001876992,VP-C TP
1473304922422718472,VP-C TP
1473046840920707075,VP-C TP
1472519143446528003,VP-C TP
1472499114394927104,VP-C TP
1472290924944310278,VP-C TP
1471783062291820549,VP-C TP
1471058226561044481,VP-C TP
1471019107776614402,VP-C TP
1469962878245642240,VP-C TP
1469807484680519680,VP-C TP
1468974359205212171,VP-C TP
1468290718284357635,VP-C TP
1467800015712174086,VP-C TP
1466434535944605705,VP-C TP
1466071561161658374,VP-C TP
1465994034380525570,VP-C TP
1465992151041560580,VP-C TP
1465362818195152899,VP-C TP
1464998343617228813,VP-C TP
1464993143586275336,VP-C TP
1464161608368852993,VP-C TP
1463853360604397578,VP-C TP
1463086124994375684,VP-C TP
1462896550942760960,VP-C TP
1462864964444733451,VP-C TP
1460734284159979530,VP-C TP
1459838125803544580,VP-C TP
1458564594440544259,VP-C TP
1458543814868668423,VP-C TP
1458412275858120709,VP-C TP
1458365087161458690,VP-C TP
1456220732493545473,VP-C TP
1452926748518137870,VP-C TP
1452728572980961282,VP-C TP
1452655712883154944,VP-C TP
1452600089529229312,VP-C TP
1452315678971674632,VP-C TP
1452232280148164617,VP-C TP
1451922852874227718,VP-C TP
1451677803397648389,VP-C TP
1450193888090771469,VP-C TP
1450187133478744069,VP-C TP
1447926989726396456,VP-C TP
1447619427319566341,VP-C TP
1447166931157540864,VP-C TP
1446136132098531328,VP-C TP
1444704674943311872,VP-C TP
1444237544443494408,VP-C TP
1443535324550926336,VP-C TP
1443324003565936641,VP-C TP
1443323708119076878,VP-C TP
1442589688011710464,VP-C TP
1442520116143472641,VP-C TP
1442459385347776519,VP-C TP
1442204201669459969,VP-C TP
1441331602609434624,VP-C TP
1441326865881255944,VP-C TP
1440615665690312705,VP-C TP
1439544818695352322,VP-C TP
1438870343448420353,VP-C TP
1438869695340457994,VP-C TP
1438495662635634689,VP-C TP
1438489180691120133,VP-C TP
1438483618222034947,VP-C TP
1438460354040930307,VP-C TP
1438087096439345153,VP-C TP
1437892856463638532,VP-C TP
1437750351822827522,VP-C TP
1437489685924925444,VP-C TP
1436994793578565634,VP-C TP
1436374257211265062,VP-C TP
1434543043739332608,VP-C TP
1433488629872082951,VP-C TP
1433001096851644416,VP-C TP
1431354996428353539,VP-C TP
1431349410567491587,VP-C TP
1430914412483915779,VP-C TP
1429077162351529989,VP-C TP
1428774863351783428,VP-C TP
1426521548698030080,VP-C TP
1426145452974563356,VP-C TP
1425759205370351623,VP-C TP
1423251216696545283,VP-C TP
1422958491342364677,VP-C TP
1422868926271197188,VP-C TP
1421751177545404418,VP-C TP
1476525760856875011,VP-C TP
1476099379123605507,VP-C TP
1475764652718108672,VP-C TP
1475532236036452354,VP-C TP
1475520588311638026,VP-C TP
1474401772278005763,VP-C TP
1473269936852291587,VP-C TP
1467781840404631553,VP-C TP
1466350686883520526,VP-C TP
1465977408138493956,VP-C TP
1465627083816722434,VP-C TP
1465362312013963265,VP-C TP
1464655937487126533,VP-C TP
1463897295481716737,VP-C TP
1462464774873223169,VP-C TP
1460631556654088201,VP-C TP
1459107801708568589,VP-C TP
1458863317464846341,VP-C TP
1458720343225417730,VP-C TP
1452906179248656391,VP-C TP
1451955886885376012,VP-C TP
1451949012878307333,VP-C TP
1451107802693447685,VP-C TP
1450748525780811779,VP-C TP
1450746634367868933,VP-C TP
1450088614138892289,VP-C TP
1448701407981416451,VP-C TP
1448560950278250498,VP-C TP
1447898247981375490,VP-C TP
1447852364141109250,VP-C TP
1447851336683425795,VP-C TP
1446762678740033548,VP-C TP
1445685098628542466,VP-C TP
1445327403656564739,VP-C TP
1445316302948679683,VP-C TP
1445288493635276801,VP-C TP
1444209468347199489,VP-C TP
1443240827376050182,VP-C TP
1442760104248492032,VP-C TP
1442405455955890176,VP-C TP
1441307204779331588,VP-C TP
1441301705988001797,VP-C TP
1440579942056488966,VP-C TP
1439185361289293825,VP-C TP
1437685666389938179,VP-C TP
1436987583414816774,VP-C TP
1434540535042166790,VP-C TP
1434540398375051265,VP-C TP
1434540211791351814,VP-C TP
1434539449048784897,VP-C TP
1433314859924471809,VP-C TP
1476976907895910414,EP-IU TP
1476943590689579010,EP-IU TP
1476943086928465940,EP-IU TP
1476941554073968641,EP-IU TP
1476875570893963274,EP-IU TP
1476875464568360962,EP-IU TP
1476875350491680768,EP-IU TP
1476842189124784155,EP-IU TP
1476839446586839052,EP-IU TP
1476839092000378908,EP-IU TP
1476821383011258373,EP-IU TP
1476657360622002176,EP-IU TP
1476655931635154945,EP-IU TP
1476649439586619395,EP-IU TP
1476647820300099587,EP-IU TP
1476643415412649990,EP-IU TP
1476637524055494663,EP-IU TP
1476627485316026373,EP-IU TP
1476626536828747776,EP-IU TP
1476625781791117313,EP-IU TP
1476624628135170050,EP-IU TP
1476623597129056260,EP-IU TP
1476601278973321223,EP-IU TP
1476595879863894018,EP-IU TP
1476582449866067976,EP-IU TP
1476580372846686210,EP-IU TP
1476579663422107652,EP-IU TP
1476579109123862528,EP-IU TP
1476578596483473413,EP-IU TP
1476570797435236355,EP-IU TP
1476565178099634177,EP-IU TP
1476564153942876172,EP-IU TP
1476555121848946690,EP-IU TP
1476550541274722304,EP-IU TP
1476546494417317888,EP-IU TP
1476540280077791237,EP-IU TP
1476538373233852423,EP-IU TP
1476531010670055430,EP-IU TP
1476526721033719812,EP-IU TP
1476524819143446528,EP-IU TP
1476520439539277824,EP-IU TP
1476519553026899968,EP-IU TP
1476518199671902209,EP-IU TP
1476516142504153096,EP-IU TP
1476505135476097026,EP-IU TP
1476504349954220042,EP-IU TP
1476504106760118273,EP-IU TP
1476503226753196033,EP-IU TP
1476502648669016065,EP-IU TP
1476500806987927557,EP-IU TP
1476500467710631937,EP-IU TP
1476500267948462081,EP-IU TP
1476498813259034624,EP-IU TP
1476498055994257408,EP-IU TP
1476493029938802690,EP-IU TP
1476490968765542400,EP-IU TP
1476489063511306242,EP-IU TP
1476488633200877570,EP-IU TP
1476486655536205829,EP-IU TP
1476485453570359299,EP-IU TP
1476483248847224836,EP-IU TP
1476480750262579204,EP-IU TP
1476333782928085001,EP-IU TP
1476321008760020993,EP-IU TP
1476318358085767170,EP-IU TP
1476307028024995842,EP-IU TP
1476289559298469890,EP-IU TP
1476288205620142086,EP-IU TP
1476286890777190400,EP-IU TP
1476281092583866380,EP-IU TP
1476272385754025992,EP-IU TP
1476206075057692681,EP-IU TP
1476205368653013000,EP-IU TP
1476204059484958722,EP-IU TP
1476203626372739075,EP-IU TP
1476202860488634373,EP-IU TP
1476201623336726529,EP-IU TP
1476200349337800711,EP-IU TP
1476195463091134469,EP-IU TP
1476188061369253891,EP-IU TP
1476179464572878851,EP-IU TP
1476178179798798345,EP-IU TP
1476121357603717128,EP-IU TP
1476114808495915015,EP-IU TP
1475956393811263489,EP-IU TP
1475954874575732736,EP-IU TP
1475954697651507201,EP-IU TP
1475953381361528841,EP-IU TP
1475952850308116483,EP-IU TP
1475941575897370627,EP-IU TP
1475940984504655875,EP-IU TP
1475925021461786632,EP-IU TP
1475924307154984971,EP-IU TP
1475909540851990533,EP-IU TP
1475865167640641540,EP-IU TP
1475863931310727171,EP-IU TP
1475852314720313350,EP-IU TP
1475849305571405828,EP-IU TP
1475794293897977858,EP-IU TP
1475784417629155335,EP-IU TP
1475782535741415430,EP-IU TP
1475765486910689281,EP-IU TP
1475759337507368961,EP-IU TP
1475756456351834113,EP-IU TP
1475754587210592260,EP-IU TP
1475754315650412546,EP-IU TP
1475592249727668226,EP-IU TP
1475591266561925129,EP-IU TP
1475590533737291779,EP-IU TP
1475590192962719750,EP-IU TP
1475587894794498063,EP-IU TP
1475585788561833986,EP-IU TP
1475585017514541063,EP-IU TP
1475581610565189636,EP-IU TP
1475579398011117576,EP-IU TP
1475578132832862211,EP-IU TP
1475576561021726727,EP-IU TP
1475513226074931204,EP-IU TP
1475498735534755846,EP-IU TP
1475497791770304517,EP-IU TP
1475497327020412930,EP-IU TP
1475488343475564548,EP-IU TP
1475486826710372354,EP-IU TP
1475472628366417926,EP-IU TP
1475425706804920323,EP-IU TP
1475415771765518337,EP-IU TP
1475403042799468545,EP-IU TP
1475402743468765188,EP-IU TP
1475402487435829252,EP-IU TP
1475232880527876101,EP-IU TP
1475204792507322368,EP-IU TP
1475204381364662277,EP-IU TP
1475203299326451712,EP-IU TP
1475202329037221889,EP-IU TP
1475119337958744067,EP-IU TP
1475092342646390787,EP-IU TP
1475078320895238144,EP-IU TP
1475075931744223234,EP-IU TP
1474692441005514752,EP-IU TP
1474286289386197022,EP-IU TP
1474036312462213124,EP-IU TP
1474030357171384321,EP-IU TP
1474028927232401413,EP-IU TP
1474028641134780418,EP-IU TP
1473974372251672583,EP-IU TP
1473969549401804805,EP-IU TP
1473964704313847813,EP-IU TP
1473955640720736259,EP-IU TP
1473953609356230657,EP-IU TP
1473770619028361217,EP-IU TP
1473769909855440901,EP-IU TP
1473742534291644425,EP-IU TP
1473712583060475913,EP-IU TP
1473537297660334082,EP-IU TP
1473416072682524677,EP-IU TP
1473377478823526403,EP-IU TP
1473280836913012738,EP-IU TP
1473272259821416449,EP-IU TP
1473045167951261699,EP-IU TP
1473043857520664576,EP-IU TP
1473035905455828997,EP-IU TP
1472817679610298370,EP-IU TP
1472603745531924488,EP-IU TP
1472586046177259523,EP-IU TP
1472518171705987075,EP-IU TP
1472515962058551300,EP-IU TP
1472515648756588552,EP-IU TP
1472515117065588737,EP-IU TP
1472514363441487874,EP-IU TP
1472490993505157120,EP-IU TP
1472227306898919425,EP-IU TP
1471947326042353664,EP-IU TP
1471942492467736585,EP-IU TP
1471942230680260613,EP-IU TP
1471941088567046144,EP-IU TP
1471743379767709700,EP-IU TP
1471733501204566017,EP-IU TP
1471417589083615232,EP-IU TP
1471228114671910913,EP-IU TP
1471226772259749906,EP-IU TP
1471203706842632200,EP-IU TP
1471181091381952517,EP-IU TP
1471020368529956865,EP-IU TP
1471018814980734979,EP-IU TP
1471013306710245383,EP-IU TP
1470848213964005383,EP-IU TP
1470844831274610699,EP-IU TP
1470702646830972939,EP-IU TP
1470698644558987264,EP-IU TP
1470669690343206912,EP-IU TP
1470668996613652482,EP-IU TP
1470668067575324673,EP-IU TP
1470512978449649666,EP-IU TP
1470510699633942531,EP-IU TP
1470510474412367875,EP-IU TP
1470286387882733569,EP-IU TP
1470284472172093441,EP-IU TP
1470147764436840456,EP-IU TP
1470142683519856643,EP-IU TP
1470117882461892617,EP-IU TP
1470113461845725185,EP-IU TP
1470092142332809222,EP-IU TP
1469999382997127170,EP-IU TP
1469964544856498177,EP-IU TP
1469645875530108935,EP-IU TP
1469584612796084227,EP-IU TP
1469419743677497347,EP-IU TP
1469294916836675585,EP-IU TP
1469294726180442122,EP-IU TP
1468947632731176965,EP-IU TP
1468945575995482112,EP-IU TP
1468940236273115143,EP-IU TP
1468936945233453058,EP-IU TP
1468936082674888704,EP-IU TP
1468903478424649736,EP-IU TP
1468871578167484418,EP-IU TP
1468868298460782594,EP-IU TP
1468864145487544323,EP-IU TP
1468861576828628993,EP-IU TP
1468854057796345860,EP-IU TP
1468853314049691648,EP-IU TP
1468848567242657793,EP-IU TP
1468841165684461572,EP-IU TP
1468706426818371591,EP-IU TP
1468690929846472711,EP-IU TP
1468690595250155523,EP-IU TP
1468527584870862854,EP-IU TP
1468526758802731009,EP-IU TP
1468526418267033603,EP-IU TP
1468525779650813953,EP-IU TP
1468525324606623745,EP-IU TP
1468524938466369536,EP-IU TP
1468160637918400518,EP-IU TP
1467958135436595205,EP-IU TP
1467957416268550147,EP-IU TP
1467928825900240902,EP-IU TP
1467410124323139585,EP-IU TP
1467408300237070339,EP-IU TP
1466747439428292608,EP-IU TP
1466668754364993538,EP-IU TP
1466545412274278403,EP-IU TP
1466523090083590151,EP-IU TP
1465796334640893957,EP-IU TP
1465786153848684548,EP-IU TP
1465781710956736519,EP-IU TP
1465776991282552832,EP-IU TP
1465624001515081731,EP-IU TP
1465622953169723401,EP-IU TP
1465622273776398344,EP-IU TP
1465621985149530115,EP-IU TP
1465405843701211149,EP-IU TP
1465405647361658880,EP-IU TP
1465403492978372621,EP-IU TP
1465400957936848900,EP-IU TP
1465396219509944329,EP-IU TP
1465391460853944321,EP-IU TP
1465343241272889345,EP-IU TP
1465338114231132168,EP-IU TP
1465337512872796168,EP-IU TP
1465337054372446210,EP-IU TP
1465087803801448452,EP-IU TP
1465083059603132417,EP-IU TP
1465082036113268746,EP-IU TP
1465051025413394437,EP-IU TP
1465048021595529226,EP-IU TP
1465033108588216328,EP-IU TP
1465028157854171146,EP-IU TP
1465027558307774475,EP-IU TP
1465027336311607324,EP-IU TP
1465025451504586768,EP-IU TP
1465024887026814976,EP-IU TP
1464928015473954824,EP-IU TP
1464900299039158275,EP-IU TP
1464882981005316098,EP-IU TP
1464575017602232322,EP-IU TP
1464574338456248323,EP-IU TP
1464573610337705993,EP-IU TP
1464572554098753536,EP-IU TP
1464553433588023300,EP-IU TP
1464551660936646666,EP-IU TP
1464534253685903363,EP-IU TP
1464533018287251457,EP-IU TP
1464527780817903616,EP-IU TP
1464525848271364101,EP-IU TP
1464523934662115332,EP-IU TP
1464522281418469381,EP-IU TP
1464521270385647618,EP-IU TP
1464518749743108100,EP-IU TP
1464340486194352139,EP-IU TP
1464339399433498627,EP-IU TP
1464337916331794439,EP-IU TP
1464232201072091145,EP-IU TP
1464226267469914127,EP-IU TP
1464201656661417985,EP-IU TP
1464173170324394029,EP-IU TP
1464168957083111444,EP-IU TP
1464136780056301569,EP-IU TP
1464135323554914305,EP-IU TP
1464132520824422404,EP-IU TP
1464117048703922196,EP-IU TP
1464111292105568257,EP-IU TP
1464003343290937344,EP-IU TP
1464001637752745992,EP-IU TP
1463999931321139200,EP-IU TP
1463999367187251209,EP-IU TP
1463622960724463617,EP-IU TP
1463614001523433478,EP-IU TP
1463570785487011841,EP-IU TP
1463570577583706112,EP-IU TP
1463570461288275968,EP-IU TP
1463570171772252165,EP-IU TP
1463521452750258178,EP-IU TP
1463512689637007369,EP-IU TP
1463413722580402180,EP-IU TP
1463413618192621568,EP-IU TP
1463412695387058180,EP-IU TP
1463400895190867969,EP-IU TP
1463272194360983553,EP-IU TP
1463267898777120770,EP-IU TP
1463267673333194760,EP-IU TP
1463266639047180291,EP-IU TP
1463265806322655237,EP-IU TP
1463264547234537483,EP-IU TP
1463248008653549580,EP-IU TP
1463247931214024708,EP-IU TP
1463247189854101508,EP-IU TP
1463072397435801603,EP-IU TP
1463070878606966785,EP-IU TP
1463068748940812288,EP-IU TP
1463066720718012418,EP-IU TP
1463063346035449856,EP-IU TP
1463055458613309442,EP-IU TP
1462832385591066625,EP-IU TP
1462675505212276740,EP-IU TP
1462548646881341442,EP-IU TP
1462505923709181955,EP-IU TP
1462497302099251204,EP-IU TP
1462415253355077639,EP-IU TP
1462379438319054854,EP-IU TP
1462358622005047296,EP-IU TP
1462357480340664320,EP-IU TP
1462340980326154241,EP-IU TP
1462338622162616321,EP-IU TP
1462081539701940224,EP-IU TP
1462062481371803654,EP-IU TP
1462049440441720845,EP-IU TP
1462038650888376326,EP-IU TP
1462033887203368967,EP-IU TP
1461997339929989120,EP-IU TP
1461988701744111626,EP-IU TP
1461987938045157377,EP-IU TP
1461977031621677057,EP-IU TP
1461782915004702735,EP-IU TP
1461685450633056256,EP-IU TP
1461628360640057347,EP-IU TP
1461619842461618177,EP-IU TP
1461313934430978059,EP-IU TP
1461246463703502848,EP-IU TP
1461242288290648064,EP-IU TP
1460867561076051968,EP-IU TP
1460857388077101057,EP-IU TP
1460732173741432833,EP-IU TP
1460731910645338118,EP-IU TP
1460726715265785867,EP-IU TP
1460534806090067968,EP-IU TP
1460347416767565824,EP-IU TP
1460327277724639243,EP-IU TP
1460317893367894018,EP-IU TP
1460316076198309888,EP-IU TP
1460313203720785927,EP-IU TP
1460275961488977923,EP-IU TP
1460257676324126720,EP-IU TP
1460251617643712516,EP-IU TP
1460248837797212172,EP-IU TP
1460240960080814088,EP-IU TP
1460239413452189696,EP-IU TP
1460222166448979979,EP-IU TP
1459951599569285132,EP-IU TP
1459948492533678085,EP-IU TP
1459945898579005442,EP-IU TP
1459925161541574659,EP-IU TP
1459858913499795468,EP-IU TP
1459850982037274631,EP-IU TP
1459849735523688453,EP-IU TP
1459848387784757248,EP-IU TP
1459846420073271306,EP-IU TP
1459846096637898757,EP-IU TP
1459824763791200256,EP-IU TP
1459824356297777154,EP-IU TP
1459823168655446022,EP-IU TP
1459818614102630410,EP-IU TP
1459815819064582144,EP-IU TP
1459813665788633094,EP-IU TP
1459808647601659908,EP-IU TP
1459804554036453378,EP-IU TP
1459635336901009412,EP-IU TP
1459633928982118403,EP-IU TP
1459518303605604367,EP-IU TP
1459518149557108742,EP-IU TP
1459508829192921089,EP-IU TP
1459502121141817344,EP-IU TP
1459500430384410629,EP-IU TP
1459499088001605632,EP-IU TP
1459473419058270209,EP-IU TP
1459470304418357251,EP-IU TP
1459462567345201158,EP-IU TP
1459284987392503813,EP-IU TP
1459252332852617223,EP-IU TP
1459237480037761028,EP-IU TP
1459085902014291968,EP-IU TP
1459085692861128706,EP-IU TP
1459079742179753987,EP-IU TP
1458760556979134465,EP-IU TP
1458760375940399110,EP-IU TP
1458757795973677056,EP-IU TP
1458545284175253512,EP-IU TP
1458534716466946048,EP-IU TP
1458534460077580295,EP-IU TP
1458534269115150344,EP-IU TP
1458531669556740096,EP-IU TP
1458529717112430605,EP-IU TP
1458528806138957830,EP-IU TP
1458526917888548870,EP-IU TP
1458489594601685001,EP-IU TP
1458488787739320320,EP-IU TP
1458456789150834688,EP-IU TP
1458449407880437760,EP-IU TP
1458446638129852417,EP-IU TP
1458444281392377860,EP-IU TP
1458441209379237895,EP-IU TP
1458084931322646541,EP-IU TP
1458063530268168197,EP-IU TP
1458043152586129419,EP-IU TP
1458018523477913604,EP-IU TP
1458008016557596678,EP-IU TP
1458007246483374082,EP-IU TP
1458006891116777477,EP-IU TP
1457786263021387777,EP-IU TP
1457779715511500808,EP-IU TP
1457759681313714183,EP-IU TP
1457759046375809039,EP-IU TP
1457754655077933059,EP-IU TP
1457753759325503499,EP-IU TP
1457719738944065544,EP-IU TP
1457711262851379201,EP-IU TP
1457701925542060033,EP-IU TP
1457701663645605896,EP-IU TP
1457691293539315717,EP-IU TP
1457690837450625027,EP-IU TP
1457690539873247236,EP-IU TP
1457690495472263171,EP-IU TP
1457688635868913671,EP-IU TP
1457688551978684423,EP-IU TP
1457599708705210373,EP-IU TP
1457357029266296833,EP-IU TP
1457354346203688971,EP-IU TP
1457304525237276672,EP-IU TP
1457300594012696582,EP-IU TP
1457298440136929280,EP-IU TP
1457072923504635906,EP-IU TP
1457066712940130314,EP-IU TP
1457051024758349825,EP-IU TP
1457031590211723272,EP-IU TP
1457030637710413827,EP-IU TP
1457030147345948674,EP-IU TP
1457015303909650437,EP-IU TP
1456938904582557696,EP-IU TP
1456935152454619142,EP-IU TP
1456914435918925831,EP-IU TP
1456905003763998723,EP-IU TP
1456904045378031626,EP-IU TP
1456903314856161283,EP-IU TP
1456723222779547651,EP-IU TP
1456523577474359304,EP-IU TP
1456522187381280770,EP-IU TP
1456369564116307977,EP-IU TP
1456277319354552321,EP-IU TP
1456277102840406023,EP-IU TP
1456276249849077761,EP-IU TP
1456274340513660928,EP-IU TP
1456273777331900426,EP-IU TP
1456273391812427781,EP-IU TP
1456272039002607617,EP-IU TP
1456269463922249746,EP-IU TP
1456267592818049029,EP-IU TP
1456265082644537348,EP-IU TP
1456263957665120263,EP-IU TP
1456185675338944521,EP-IU TP
1456183496830070784,EP-IU TP
1456171440361938944,EP-IU TP
1456021289848741899,EP-IU TP
1456014180813787142,EP-IU TP
1456012531852627974,EP-IU TP
1456012043744653316,EP-IU TP
1456010778100879366,EP-IU TP
1455997920373886982,EP-IU TP
1455985682254548992,EP-IU TP
1455959539526819844,EP-IU TP
1455956273627860999,EP-IU TP
1455956089623785476,EP-IU TP
1455943294249312256,EP-IU TP
1455943075294072837,EP-IU TP
1455935665561128967,EP-IU TP
1455934730277380098,EP-IU TP
1455903512458584071,EP-IU TP
1455795352817315843,EP-IU TP
1455794165300797440,EP-IU TP
1455659887686520841,EP-IU TP
1455657606975008776,EP-IU TP
1455657224693555200,EP-IU TP
1455523960125276162,EP-IU TP
1455447048535293952,EP-IU TP
1455272447977086984,EP-IU TP
1455272312224243715,EP-IU TP
1455229305198419968,EP-IU TP
1455225453938085888,EP-IU TP
1455220038223515652,EP-IU TP
1455108572384202752,EP-IU TP
1455107168613580804,EP-IU TP
1454922906908176387,EP-IU TP
1454900310254702592,EP-IU TP
1454889677140467713,EP-IU TP
1454801301200642050,EP-IU TP
1454801142592987144,EP-IU TP
1454799417928790017,EP-IU TP
1454798485056892929,EP-IU TP
1454794769507491841,EP-IU TP
1454793102246428677,EP-IU TP
1454750368987066368,EP-IU TP
1454747662033592320,EP-IU TP
1454746548814983168,EP-IU TP
1454741295927267329,EP-IU TP
1454738158160076801,EP-IU TP
1454735963717054464,EP-IU TP
1454735775870894080,EP-IU TP
1454719199033573378,EP-IU TP
1454718618458021889,EP-IU TP
1454562423202058241,EP-IU TP
1454462223032758284,EP-IU TP
1454370028195876864,EP-IU TP
1454367089171603458,EP-IU TP
1454359176428363777,EP-IU TP
1454353158227038210,EP-IU TP
1454352705087021058,EP-IU TP
1454352335409487872,EP-IU TP
1454351198908207107,EP-IU TP
1454153466134335492,EP-IU TP
1453840940628652037,EP-IU TP
1453814846290595845,EP-IU TP
1453699759089258500,EP-IU TP
1453698099650736135,EP-IU TP
1453696418330419211,EP-IU TP
1453695930880888838,EP-IU TP
1453691433181974528,EP-IU TP
1453690820255789056,EP-IU TP
1453673114739613700,EP-IU TP
1453671470413107200,EP-IU TP
1453671062072446976,EP-IU TP
1453670340467564547,EP-IU TP
1453668607968358402,EP-IU TP
1453629717890797574,EP-IU TP
1453623380633079809,EP-IU TP
1453611972277243904,EP-IU TP
1453609003716599809,EP-IU TP
1453608374168326144,EP-IU TP
1453607649044533248,EP-IU TP
1453606236600119300,EP-IU TP
1453602676067930112,EP-IU TP
1453598684558594054,EP-IU TP
1453596993071325187,EP-IU TP
1453425959949029382,EP-IU TP
1453424958911176716,EP-IU TP
1453407655205261316,EP-IU TP
1453396732583219201,EP-IU TP
1453384705303269380,EP-IU TP
1453368509866598411,EP-IU TP
1453284696654290957,EP-IU TP
1453250140932804610,EP-IU TP
1453248712273276934,EP-IU TP
1452979629170511876,EP-IU TP
1452979326824091652,EP-IU TP
1452979114831458304,EP-IU TP
1452977152337588224,EP-IU TP
1452976894345990148,EP-IU TP
1452967556323622915,EP-IU TP
1452915236328050691,EP-IU TP
1452914950368858114,EP-IU TP
1452890672151900163,EP-IU TP
1452890356509548553,EP-IU TP
1452703118085533707,EP-IU TP
1452701908402163721,EP-IU TP
1452613757415395331,EP-IU TP
1452611784309977094,EP-IU TP
1452611304158597130,EP-IU TP
1452610765542862856,EP-IU TP
1452610257692373003,EP-IU TP
1452603962331435017,EP-IU TP
1452603547800023040,EP-IU TP
1452507969392889864,EP-IU TP
1452308028330500111,EP-IU TP
1452179870415474693,EP-IU TP
1452179410551984128,EP-IU TP
1452176661319979017,EP-IU TP
1452172413773488130,EP-IU TP
1452169654412120064,EP-IU TP
1451926926046621700,EP-IU TP
1451859909386047490,EP-IU TP
1451859260434944000,EP-IU TP
1451849224677691394,EP-IU TP
1451847837931683845,EP-IU TP
1451808124818558982,EP-IU TP
1451539028520624130,EP-IU TP
1451536987224215557,EP-IU TP
1451536262482042885,EP-IU TP
1451489216353951744,EP-IU TP
1451118214893686793,EP-IU TP
1451117019315773441,EP-IU TP
1450923506124918786,EP-IU TP
1450896987256143872,EP-IU TP
1450829533008080903,EP-IU TP
1450825214321963013,EP-IU TP
1450824114558623749,EP-IU TP
1450541066470379521,EP-IU TP
1450429474433028100,EP-IU TP
1450418802727034882,EP-IU TP
1450418455497302024,EP-IU TP
1450388969426935808,EP-IU TP
1450386167803822089,EP-IU TP
1450170419181404163,EP-IU TP
1450169583927713803,EP-IU TP
1450163326646882305,EP-IU TP
1450159223065784333,EP-IU TP
1450099831498854408,EP-IU TP
1450060499312332806,EP-IU TP
1449370657414909959,EP-IU TP
1449333040161992711,EP-IU TP
1449325593489821699,EP-IU TP
1449287415483469825,EP-IU TP
1449285986068873216,EP-IU TP
1449285429002489859,EP-IU TP
1449087577659744258,EP-IU TP
1448998506786697216,EP-IU TP
1448943662394642441,EP-IU TP
1448921614649905155,EP-IU TP
1448887959663566852,EP-IU TP
1448536574824755201,EP-IU TP
1448312408418787332,EP-IU TP
1448296637860884481,EP-IU TP
1448177735050870793,EP-IU TP
1448176338855251968,EP-IU TP
1448041175903055875,EP-IU TP
1448039079661215746,EP-IU TP
1447984667982979074,EP-IU TP
1447922308866351112,EP-IU TP
1447916263473352716,EP-IU TP
1447915996539506697,EP-IU TP
1447912491581837315,EP-IU TP
1447905057270386689,EP-IU TP
1447896112212369412,EP-IU TP
1447861191888494592,EP-IU TP
1447860893916803072,EP-IU TP
1447858922157748224,EP-IU TP
1447847683339718659,EP-IU TP
1447573138125041664,EP-IU TP
1447569559418978308,EP-IU TP
1447569153271926788,EP-IU TP
1447565426377035778,EP-IU TP
1447512451067613193,EP-IU TP
1447507303872274439,EP-IU TP
1447500764511940612,EP-IU TP
1447489690890817536,EP-IU TP
1447486926018260993,EP-IU TP
1447309698580033542,EP-IU TP
1447261564646604803,EP-IU TP
1446865136606646276,EP-IU TP
1446862183514656776,EP-IU TP
1446857805856755714,EP-IU TP
1446855495915036682,EP-IU TP
1446855263823204356,EP-IU TP
1446759111249571844,EP-IU TP
1446537867866656770,EP-IU TP
1446431307370844178,EP-IU TP
1446412943898337283,EP-IU TP
1446362511478042628,EP-IU TP
1446092972429299712,EP-IU TP
1446062544561573893,EP-IU TP
1446048960301391872,EP-IU TP
1446030944587198464,EP-IU TP
1446027099530268674,EP-IU TP
1446026849780473860,EP-IU TP
1446022484998950913,EP-IU TP
1446021477602676737,EP-IU TP
1446020781419466752,EP-IU TP
1446020360261054469,EP-IU TP
1446018400501870596,EP-IU TP
1446016740131966981,EP-IU TP
1446012217678307331,EP-IU TP
1445796893565534214,EP-IU TP
1445736691042451464,EP-IU TP
1445488224239947784,EP-IU TP
1445376961853931523,EP-IU TP
1445374413591953418,EP-IU TP
1445327394194219012,EP-IU TP
1445309960917762049,EP-IU TP
1445130757601640449,EP-IU TP
1445045581542535178,EP-IU TP
1445045083930300423,EP-IU TP
1445042191429246977,EP-IU TP
1445041741409697800,EP-IU TP
1445041408482631688,EP-IU TP
1445041208531763202,EP-IU TP
1445023458539282437,EP-IU TP
1445022399590813699,EP-IU TP
1445018796830470147,EP-IU TP
1445012677433102338,EP-IU TP
1445010899765452800,EP-IU TP
1444744719783841796,EP-IU TP
1444737836159221762,EP-IU TP
1444721610716553221,EP-IU TP
1444599391248166913,EP-IU TP
1444585213175152643,EP-IU TP
1444582766272782342,EP-IU TP
1444582598286659586,EP-IU TP
1444581539065606147,EP-IU TP
1444581272127483907,EP-IU TP
1444579508200300548,EP-IU TP
1444570248221429764,EP-IU TP
1444569572015808512,EP-IU TP
1444565588211273736,EP-IU TP
1444262036423204866,EP-IU TP
1444261937160859656,EP-IU TP
1444216757800026114,EP-IU TP
1444215008393678848,EP-IU TP
1444202556364886018,EP-IU TP
1444196347977113600,EP-IU TP
1444195950558384128,EP-IU TP
1444193214160941061,EP-IU TP
1444192572243652609,EP-IU TP
1444192098757054465,EP-IU TP
1444191587752452099,EP-IU TP
1444037718720319491,EP-IU TP
1444036513352896512,EP-IU TP
1443923895711637530,EP-IU TP
1443835094960123930,EP-IU TP
1443627946040860681,EP-IU TP
1443487530498904067,EP-IU TP
1443305544488476685,EP-IU TP
1443233335237619714,EP-IU TP
1443229773136900102,EP-IU TP
1443213146689314820,EP-IU TP
1443212731985838089,EP-IU TP
1443097151299588103,EP-IU TP
1442968315278802944,EP-IU TP
1442224189323182084,EP-IU TP
1442207820233854980,EP-IU TP
1442167431217119233,EP-IU TP
1442048058821279744,EP-IU TP
1442047163496861696,EP-IU TP
1442043935174578178,EP-IU TP
1442043472240799747,EP-IU TP
1441689952085962758,EP-IU TP
1441688063055437845,EP-IU TP
1441684664670998530,EP-IU TP
1441673755487522817,EP-IU TP
1441365569052291075,EP-IU TP
1440972512926502912,EP-IU TP
1440764022324748289,EP-IU TP
1440716426256416777,EP-IU TP
1440707470058348547,EP-IU TP
1440680742581723137,EP-IU TP
1440564526215151619,EP-IU TP
1440564294429466628,EP-IU TP
1440546765841702917,EP-IU TP
1440377476786524167,EP-IU TP
1440377090704953346,EP-IU TP
1440371185028530191,EP-IU TP
1440370929586950156,EP-IU TP
1440370583569526790,EP-IU TP
1440370356129132556,EP-IU TP
1440370000523526148,EP-IU TP
1440369598465904642,EP-IU TP
1440368763992358920,EP-IU TP
1440349630676422661,EP-IU TP
1440349471313829896,EP-IU TP
1440348573711798279,EP-IU TP
1440346846325456897,EP-IU TP
1440293621169725446,EP-IU TP
1440274606984552450,EP-IU TP
1440197387411079168,EP-IU TP
1440189991754207234,EP-IU TP
1440189123726233605,EP-IU TP
1440052620199038989,EP-IU TP
1440047686548275201,EP-IU TP
1440044687922847757,EP-IU TP
1440005266716729347,EP-IU TP
1440004841791791106,EP-IU TP
1439991541494394883,EP-IU TP
1439981832750215170,EP-IU TP
1439962930582282247,EP-IU TP
1439956431319535628,EP-IU TP
1439826656194093058,EP-IU TP
1439560415298691074,EP-IU TP
1439554147460829184,EP-IU TP
1439547597564387330,EP-IU TP
1439547154733969413,EP-IU TP
1439544560552665090,EP-IU TP
1439542338884341762,EP-IU TP
1439540616359256066,EP-IU TP
1439538081196036103,EP-IU TP
1439516064128376833,EP-IU TP
1439494830300803072,EP-IU TP
1439490763788853248,EP-IU TP
1439249810884866053,EP-IU TP
1439229254709952513,EP-IU TP
1439227152222887939,EP-IU TP
1439226959607832580,EP-IU TP
1439225931990765570,EP-IU TP
1439225267583606784,EP-IU TP
1439190594643955719,EP-IU TP
1439171529418416136,EP-IU TP
1439129305003532291,EP-IU TP
1439128231211421696,EP-IU TP
1438972738677444610,EP-IU TP
1438971469527228419,EP-IU TP
1438840741556535303,EP-IU TP
1438827789193469954,EP-IU TP
1438788372613550082,EP-IU TP
1438787099365462016,EP-IU TP
1438764775056592897,EP-IU TP
1438615533776166914,EP-IU TP
1438511584578441219,EP-IU TP
1438389909811867649,EP-IU TP
1438388544511303680,EP-IU TP
1438025237426319360,EP-IU TP
1437875445152759818,EP-IU TP
1437874656690810881,EP-IU TP
1437873723550412805,EP-IU TP
1437845671764234241,EP-IU TP
1437777349961994240,EP-IU TP
1437726018790383618,EP-IU TP
1437725632683778051,EP-IU TP
1437724558342115335,EP-IU TP
1437706582066876421,EP-IU TP
1437657232485855233,EP-IU TP
1437510507343355913,EP-IU TP
1437507759847653385,EP-IU TP
1437494556463931402,EP-IU TP
1437491263012487174,EP-IU TP
1437490401594773508,EP-IU TP
1437467034200285191,EP-IU TP
1437396532832186372,EP-IU TP
1437342390822518786,EP-IU TP
1437341311879815170,EP-IU TP
1437290789307133958,EP-IU TP
1437289906879991815,EP-IU TP
1437155973009915909,EP-IU TP
1437142021597278226,EP-IU TP
1437131058684833797,EP-IU TP
1437060618515791876,EP-IU TP
1437059053226799108,EP-IU TP
1437052725716529152,EP-IU TP
1437044275271933956,EP-IU TP
1436983577028268035,EP-IU TP
1436970915930251265,EP-IU TP
1436715884593168388,EP-IU TP
1436630686996312068,EP-IU TP
1436630546227073033,EP-IU TP
1436309273093550099,EP-IU TP
1436308621588144133,EP-IU TP
1436247306119131141,EP-IU TP
1436228726304518147,EP-IU TP
1436212392631885828,EP-IU TP
1436210267218657282,EP-IU TP
1435977374043156481,EP-IU TP
1435292014216630272,EP-IU TP
1435283148263337987,EP-IU TP
1435274995803074561,EP-IU TP
1435259703324516354,EP-IU TP
1435257085596405766,EP-IU TP
1435255777317593090,EP-IU TP
1435253586624143368,EP-IU TP
1435251717021573127,EP-IU TP
1435250610157273088,EP-IU TP
1435213250577186816,EP-IU TP
1435209414714212359,EP-IU TP
1435160276928712707,EP-IU TP
1435005254802812928,EP-IU TP
1435001006601998342,EP-IU TP
1434999301156052992,EP-IU TP
1434989009835593731,EP-IU TP
1434970155231158279,EP-IU TP
1434968259162480642,EP-IU TP
1434965487918649345,EP-IU TP
1434925192090894339,EP-IU TP
1434907944844464132,EP-IU TP
1434893147788689411,EP-IU TP
1434892195383980044,EP-IU TP
1434891961018761218,EP-IU TP
1434891768185634817,EP-IU TP
1434891150087921674,EP-IU TP
1434890852363640834,EP-IU TP
1434865591521792007,EP-IU TP
1434865391692664833,EP-IU TP
1434864863185195011,EP-IU TP
1434823229500280832,EP-IU TP
1434620974180323329,EP-IU TP
1434614783563685889,EP-IU TP
1434515103253204995,EP-IU TP
1434441521567240194,EP-IU TP
1434432368954183684,EP-IU TP
1434428053011247106,EP-IU TP
1434425533039775749,EP-IU TP
1434424606199267330,EP-IU TP
1434415198446755840,EP-IU TP
1434113262220632064,EP-IU TP
1434111594280194053,EP-IU TP
1434111308006367237,EP-IU TP
1434111117953994752,EP-IU TP
1434110877918285824,EP-IU TP
1434110508681080832,EP-IU TP
1434110256892846086,EP-IU TP
1434109671858655234,EP-IU TP
1434079461859811330,EP-IU TP
1434077118296625154,EP-IU TP
1434072721902784516,EP-IU TP
1434071805837430790,EP-IU TP
1434069643027693570,EP-IU TP
1434067569615462401,EP-IU TP
1433811545008525314,EP-IU TP
1433808800964911107,EP-IU TP
1433733507352875008,EP-IU TP
1433525064595542017,EP-IU TP
1433523629233422336,EP-IU TP
1433458924758441984,EP-IU TP
1433455275080552451,EP-IU TP
1433454552309764104,EP-IU TP
1433453820722520072,EP-IU TP
1433453312528068611,EP-IU TP
1433452491300089862,EP-IU TP
1433431045714546694,EP-IU TP
1433390865632858121,EP-IU TP
1433178692491042816,EP-IU TP
1433154675067469827,EP-IU TP
1433153725665792007,EP-IU TP
1433137127991226378,EP-IU TP
1433136354087550987,EP-IU TP
1433135299794804739,EP-IU TP
1433133007599284229,EP-IU TP
1433099712232624129,EP-IU TP
1432837008578203655,EP-IU TP
1432734263842115584,EP-IU TP
1432455191249498112,EP-IU TP
1432453952612806662,EP-IU TP
1432453199718461444,EP-IU TP
1432450722185072644,EP-IU TP
1432389364965945349,EP-IU TP
1432385811320868865,EP-IU TP
1432379761142157313,EP-IU TP
1432375695984971781,EP-IU TP
1432374632670134273,EP-IU TP
1432340971769978880,EP-IU TP
1432340450623512578,EP-IU TP
1432336712550780929,EP-IU TP
1432334226427457538,EP-IU TP
1432333899858915333,EP-IU TP
1432318432230395904,EP-IU TP
1432317596465041411,EP-IU TP
1432317159926030344,EP-IU TP
1432316769872629766,EP-IU TP
1432315606750146569,EP-IU TP
1432314848705224704,EP-IU TP
1432085917653688320,EP-IU TP
1431928625171927042,EP-IU TP
1431906277974814723,EP-IU TP
1431904932001636355,EP-IU TP
1431893932271603714,EP-IU TP
1431887897020485633,EP-IU TP
1431653202546642949,EP-IU TP
1431641699198115841,EP-IU TP
1431637632585502720,EP-IU TP
1431637037703127049,EP-IU TP
1431633673388974080,EP-IU TP
1431630798701072385,EP-IU TP
1431627507254628357,EP-IU TP
1431614762375319556,EP-IU TP
1431610933344968706,EP-IU TP
1431610528598790145,EP-IU TP
1431520482008915970,EP-IU TP
1431193229798658052,EP-IU TP
1431188497478606850,EP-IU TP
1431185189301104641,EP-IU TP
1431170108748140545,EP-IU TP
1431168796342079491,EP-IU TP
1431146085037260800,EP-IU TP
1431024288522510338,EP-IU TP
1431023075190050823,EP-IU TP
1431021723806228481,EP-IU TP
1431021463268642816,EP-IU TP
1431021212822614020,EP-IU TP
1431013605886070791,EP-IU TP
1430995784934346757,EP-IU TP
1430988775149211649,EP-IU TP
1430988168388648961,EP-IU TP
1430986594954121223,EP-IU TP
1430984974136717322,EP-IU TP
1430984319200284682,EP-IU TP
1430983166236536837,EP-IU TP
1430982728711819271,EP-IU TP
1430980089676709896,EP-IU TP
1430979851880706051,EP-IU TP
1430966477650284552,EP-IU TP
1430953583168659459,EP-IU TP
1430946727549444102,EP-IU TP
1430945401776058368,EP-IU TP
1430939121225244680,EP-IU TP
1430935395982786562,EP-IU TP
1430826248738119685,EP-IU TP
1430816114729230341,EP-IU TP
1430809459815813121,EP-IU TP
1430650954773409797,EP-IU TP
1430628972451217409,EP-IU TP
1430627726784962568,EP-IU TP
1430626793648791552,EP-IU TP
1430621239064793097,EP-IU TP
1430619531257556992,EP-IU TP
1430583313056604169,EP-IU TP
1430574406120755203,EP-IU TP
1430560309505298437,EP-IU TP
1430458978845216775,EP-IU TP
1430210249512955908,EP-IU TP
1430094541416239104,EP-IU TP
1430093791676018698,EP-IU TP
1430091286325907478,EP-IU TP
1430090861937840155,EP-IU TP
1430090195576266753,EP-IU TP
1430089313627295751,EP-IU TP
1430085614469369856,EP-IU TP
1430083699010379776,EP-IU TP
1429925326902206464,EP-IU TP
1429923537020665859,EP-IU TP
1429922521642569738,EP-IU TP
1429921875019419654,EP-IU TP
1429917593519984646,EP-IU TP
1429912886609158151,EP-IU TP
1429912571847577607,EP-IU TP
1429911329998049286,EP-IU TP
1429909536580771845,EP-IU TP
1429906384863342595,EP-IU TP
1429903169967083521,EP-IU TP
1429900484731674639,EP-IU TP
1429899082315845640,EP-IU TP
1429898826295517186,EP-IU TP
1429898414788120580,EP-IU TP
1429888063572938754,EP-IU TP
1429828012883722244,EP-IU TP
1429803565602807808,EP-IU TP
1429792810463551489,EP-IU TP
1429792745841963008,EP-IU TP
1429755587290615813,EP-IU TP
1429753568630874120,EP-IU TP
1429750318309457920,EP-IU TP
1429578959562448899,EP-IU TP
1429578540148797446,EP-IU TP
1429563602802036737,EP-IU TP
1429561144398729219,EP-IU TP
1429552696919568386,EP-IU TP
1429541197278846980,EP-IU TP
1429540036295409671,EP-IU TP
1429538047968878603,EP-IU TP
1429537824974458880,EP-IU TP
1429537029713498118,EP-IU TP
1429535912787124231,EP-IU TP
1429535514961616896,EP-IU TP
1429535316776456206,EP-IU TP
1429534050696445958,EP-IU TP
1429533445462577158,EP-IU TP
1429532431237926914,EP-IU TP
1429531220808019974,EP-IU TP
1429530386657329156,EP-IU TP
1429525801347788805,EP-IU TP
1429525422434394119,EP-IU TP
1429525112081068039,EP-IU TP
1429456473193598979,EP-IU TP
1429451015523287041,EP-IU TP
1429122353116684296,EP-IU TP
1429120976353206273,EP-IU TP
1429055577141956611,EP-IU TP
1429054712708538376,EP-IU TP
1429054603950182404,EP-IU TP
1429018298323251204,EP-IU TP
1429015984858451974,EP-IU TP
1429015510306467840,EP-IU TP
1429014875615989766,EP-IU TP
1429014816077791237,EP-IU TP
1429014103113273346,EP-IU TP
1429004571972624385,EP-IU TP
1428995285481623552,EP-IU TP
1428802037718949888,EP-IU TP
1428801328713768966,EP-IU TP
1428801037079650304,EP-IU TP
1428796635807723521,EP-IU TP
1428795028302974976,EP-IU TP
1428789046923366401,EP-IU TP
1428786902824624137,EP-IU TP
1428780758437617664,EP-IU TP
1428780008986791943,EP-IU TP
1428778031456325635,EP-IU TP
1428748123275415559,EP-IU TP
1428667360416866307,EP-IU TP
1428667125980352512,EP-IU TP
1428665635794472961,EP-IU TP
1428665452734058496,EP-IU TP
1428665304918396936,EP-IU TP
1428663773997457414,EP-IU TP
1428663680166735874,EP-IU TP
1428662709147549705,EP-IU TP
1428662016848371717,EP-IU TP
1428661705425526787,EP-IU TP
1428656669899243520,EP-IU TP
1428449816351236101,EP-IU TP
1428447199659270150,EP-IU TP
1428395648794103810,EP-IU TP
1428373481700446212,EP-IU TP
1428326930831532032,EP-IU TP
1428288942378528769,EP-IU TP
1428286330811912195,EP-IU TP
1428077713454157836,EP-IU TP
1428076036118532101,EP-IU TP
1428032577806417927,EP-IU TP
1428012128712241154,EP-IU TP
1428010247084519433,EP-IU TP
1428010067752890368,EP-IU TP
1428009199460622337,EP-IU TP
1427986994974560258,EP-IU TP
1427986131031834626,EP-IU TP
1427977213098536960,EP-IU TP
1427971142338416642,EP-IU TP
1427964081810591749,EP-IU TP
1427960445315465223,EP-IU TP
1427957996466937858,EP-IU TP
1427956391822639122,EP-IU TP
1427956218090360842,EP-IU TP
1427955089080258572,EP-IU TP
1427948096022106113,EP-IU TP
1427948003248295947,EP-IU TP
1427947811904106502,EP-IU TP
1427946183683715072,EP-IU TP
1427945633189699585,EP-IU TP
1427939625482457098,EP-IU TP
1427925825635094528,EP-IU TP
1427922158395830273,EP-IU TP
1427920971474903046,EP-IU TP
1427919282139238404,EP-IU TP
1427919192360169479,EP-IU TP
1427919126140497927,EP-IU TP
1427918969873240064,EP-IU TP
1427917887671521288,EP-IU TP
1427917285814059009,EP-IU TP
1427916809148243971,EP-IU TP
1427916147144466437,EP-IU TP
1427914701682380801,EP-IU TP
1427914469611540485,EP-IU TP
1427913818815012865,EP-IU TP
1427913162859454469,EP-IU TP
1427909223401263117,EP-IU TP
1427908042281177090,EP-IU TP
1427906209789661184,EP-IU TP
1427902639119949828,EP-IU TP
1427718207188705281,EP-IU TP
1427701178821971972,EP-IU TP
1427693585105833985,EP-IU TP
1427693010507141124,EP-IU TP
1427661421899358210,EP-IU TP
1427651053835665409,EP-IU TP
1427611773360873478,EP-IU TP
1427596318558597121,EP-IU TP
1427588199875031040,EP-IU TP
1427402481047379970,EP-IU TP
1427384798658637842,EP-IU TP
1427374414216187904,EP-IU TP
1427299274354737159,EP-IU TP
1427282792241668099,EP-IU TP
1427281456921972739,EP-IU TP
1427240482988564482,EP-IU TP
1427219576090206209,EP-IU TP
1427200600903757829,EP-IU TP
1427199410845503488,EP-IU TP
1427199034591170561,EP-IU TP
1427198283294912515,EP-IU TP
1427198087496441860,EP-IU TP
1427000978956554242,EP-IU TP
1427000070747168773,EP-IU TP
1426999058728632323,EP-IU TP
1426998922325774336,EP-IU TP
1426998208824332298,EP-IU TP
1426997314464460814,EP-IU TP
1426992197208059909,EP-IU TP
1426978161233993735,EP-IU TP
1426974231011774467,EP-IU TP
1426971059262263298,EP-IU TP
1426968176366133253,EP-IU TP
1426966058653650950,EP-IU TP
1426957266847248388,EP-IU TP
1426937632764932096,EP-IU TP
1426854128316264449,EP-IU TP
1426849984046112768,EP-IU TP
1426846944018714625,EP-IU TP
1426842396046893060,EP-IU TP
1426837707347668992,EP-IU TP
1426831874811367425,EP-IU TP
1426829090317799426,EP-IU TP
1426576104307974145,EP-IU TP
1426460488536367104,EP-IU TP
1426237243170201603,EP-IU TP
1426233859331563522,EP-IU TP
1426220965306978304,EP-IU TP
1426178217484902403,EP-IU TP
1426150253531652099,EP-IU TP
1426124980094443524,EP-IU TP
1426118169563967489,EP-IU TP
1426117588975865857,EP-IU TP
1426117337376333824,EP-IU TP
1426115768333344768,EP-IU TP
1425805132709732355,EP-IU TP
1425774566014660612,EP-IU TP
1425767659719864326,EP-IU TP
1425755593135083520,EP-IU TP
1425753668297572356,EP-IU TP
1425752828807634949,EP-IU TP
1425519487550373893,EP-IU TP
1425496013255630857,EP-IU TP
1425489247402962945,EP-IU TP
1425476316619444233,EP-IU TP
1425475589796999178,EP-IU TP
1425471261459763202,EP-IU TP
1425471062226178054,EP-IU TP
1425470671270916099,EP-IU TP
1425459270359916546,EP-IU TP
1425403969493512195,EP-IU TP
1425403243211935745,EP-IU TP
1425400957614100482,EP-IU TP
1425396924769783815,EP-IU TP
1425394808525307906,EP-IU TP
1425394710668058629,EP-IU TP
1425393663606198275,EP-IU TP
1425392070890504194,EP-IU TP
1425391653305659403,EP-IU TP
1425389917862076425,EP-IU TP
1425387992038903811,EP-IU TP
1425387696130863104,EP-IU TP
1425387263475716096,EP-IU TP
1425386157161041921,EP-IU TP
1425174968132939780,EP-IU TP
1425166654661664768,EP-IU TP
1425108558249709578,EP-IU TP
1425093875203457028,EP-IU TP
1425076373052297220,EP-IU TP
1425067136779698178,EP-IU TP
1425066968122540048,EP-IU TP
1425040828272189441,EP-IU TP
1425036655128465432,EP-IU TP
1425034295882797057,EP-IU TP
1425030311499517968,EP-IU TP
1425020978560655360,EP-IU TP
1425003375893127168,EP-IU TP
1425003191058436097,EP-IU TP
1424993574286942222,EP-IU TP
1424993510240014337,EP-IU TP
1424991409203994632,EP-IU TP
1424842414834044933,EP-IU TP
1424792215709229071,EP-IU TP
1424789350617845765,EP-IU TP
1424785520698306561,EP-IU TP
1424784564980002818,EP-IU TP
1424783439014858755,EP-IU TP
1424783000789716996,EP-IU TP
1424781640438587397,EP-IU TP
1424781209973006338,EP-IU TP
1424779338679992325,EP-IU TP
1424733113964433408,EP-IU TP
1424702306323402756,EP-IU TP
1424669741327822858,EP-IU TP
1424668496902987781,EP-IU TP
1424666116178202626,EP-IU TP
1424657213889597440,EP-IU TP
1424653204411895816,EP-IU TP
1424651227963473923,EP-IU TP
1424650093584699393,EP-IU TP
1424649513176903684,EP-IU TP
1424649274307006465,EP-IU TP
1424502887577759746,EP-IU TP
1424415383151423489,EP-IU TP
1424415257183899655,EP-IU TP
1424414718513528838,EP-IU TP
1424311597967753220,EP-IU TP
1424296915022319618,EP-IU TP
1424295728864800770,EP-IU TP
1424294513217048576,EP-IU TP
1424282019513749504,EP-IU TP
1424277465036427266,EP-IU TP
1424039225796792321,EP-IU TP
1424028741613850624,EP-IU TP
1424021270820265984,EP-IU TP
1424016174698876929,EP-IU TP
1424009090725031940,EP-IU TP
1424001966657638404,EP-IU TP
1423999413182205962,EP-IU TP
1423978290885300226,EP-IU TP
1423971023603609602,EP-IU TP
1423968110747455488,EP-IU TP
1423920931915845632,EP-IU TP
1423740629520199682,EP-IU TP
1423739518025441288,EP-IU TP
1423736863098089475,EP-IU TP
1423735912626888708,EP-IU TP
1423648221780398083,EP-IU TP
1423647633013411840,EP-IU TP
1423642614084034562,EP-IU TP
1423602523441713153,EP-IU TP
1423586251446407170,EP-IU TP
1423569504517361664,EP-IU TP
1423565949060452355,EP-IU TP
1423558500496592903,EP-IU TP
1423557497844125700,EP-IU TP
1423556178907471873,EP-IU TP
1423402056333791241,EP-IU TP
1423400465522364420,EP-IU TP
1423389343935340547,EP-IU TP
1423210503187402752,EP-IU TP
1423027527984074756,EP-IU TP
1423026694160633864,EP-IU TP
1422966894949240837,EP-IU TP
1422961931460259847,EP-IU TP
1422956244600565765,EP-IU TP
1422931306154020871,EP-IU TP
1422930797875638272,EP-IU TP
1422845797683576833,EP-IU TP
1422844384920412160,EP-IU TP
1422843304727785473,EP-IU TP
1422842429141573632,EP-IU TP
1422841759349022721,EP-IU TP
1422832613207724032,EP-IU TP
1422600198174519305,EP-IU TP
1422464950715494403,EP-IU TP
1422463059336048670,EP-IU TP
1422462348409909248,EP-IU TP
1422184868394508292,EP-IU TP
1422172746545516560,EP-IU TP
1422163040846467078,EP-IU TP
1422156974943313920,EP-IU TP
1422156810044256258,EP-IU TP
1422156374834876419,EP-IU TP
1422156056013287424,EP-IU TP
1421913737976496131,EP-IU TP
1421867688004104194,EP-IU TP
1421754246362435590,EP-IU TP
1421753532722651137,EP-IU TP
1421540087460941829,EP-IU TP
1421475579912654849,EP-IU TP
1421463555942060034,EP-IU TP
1421380954933825537,EP-IU TP
1476835867180339200,EP-IU TP
1476541418999066627,EP-IU TP
1476497435971276802,EP-IU TP
1476497434004107272,EP-IU TP
1476147448393482243,EP-IU TP
1475888678245388293,EP-IU TP
1475458247037497347,EP-IU TP
1475364429806149632,EP-IU TP
1475024040851132424,EP-IU TP
1474360690840330242,EP-IU TP
1474336816434237442,EP-IU TP
1473982933228834821,EP-IU TP
1473977458206679040,EP-IU TP
1473964126355472384,EP-IU TP
1473626980683821058,EP-IU TP
1473330830797910026,EP-IU TP
1473249203908452354,EP-IU TP
1473176489386512392,EP-IU TP
1472954296903868437,EP-IU TP
1472906458006274055,EP-IU TP
1472815168879013888,EP-IU TP
1472665191187988487,EP-IU TP
1472661292838182914,EP-IU TP
1472571260915830791,EP-IU TP
1472305279547158531,EP-IU TP
1472304158158036996,EP-IU TP
1472258669882523650,EP-IU TP
1472158056402370560,EP-IU TP
1472137774547537927,EP-IU TP
1471876076385320964,EP-IU TP
1471857729232949253,EP-IU TP
1471758397523517442,EP-IU TP
1471488773149970433,EP-IU TP
1471039976817238016,EP-IU TP
1470842683824668672,EP-IU TP
1470769005065613313,EP-IU TP
1470673508439048195,EP-IU TP
1470500193216909312,EP-IU TP
1469323948726931463,EP-IU TP
1469246408301715457,EP-IU TP
1468905631969165313,EP-IU TP
1467425664626221056,EP-IU TP
1467189952270282756,EP-IU TP
1467188139378810889,EP-IU TP
1466823117528043522,EP-IU TP
1466755128367722499,EP-IU TP
1466685307093409794,EP-IU TP
1466392421550510082,EP-IU TP
1466036487225499651,EP-IU TP
1465951300219252737,EP-IU TP
1465728437310693377,EP-IU TP
1465669952174755842,EP-IU TP
1465644584642527235,EP-IU TP
1465610692262830082,EP-IU TP
1465594278512582658,EP-IU TP
1465372360283164672,EP-IU TP
1465345609485930507,EP-IU TP
1465237135234109441,EP-IU TP
1464901317869305856,EP-IU TP
1464184520979234841,EP-IU TP
1463968919480373251,EP-IU TP
1463923552671961090,EP-IU TP
1463841394955632642,EP-IU TP
1463767782273830918,EP-IU TP
1463573493807783945,EP-IU TP
1463482776372580352,EP-IU TP
1463421950777339907,EP-IU TP
1463183561125601381,EP-IU TP
1463158378935558148,EP-IU TP
1463095750007656455,EP-IU TP
1462759073640853505,EP-IU TP
1462487424156807180,EP-IU TP
1462349562325225474,EP-IU TP
1462058716031762436,EP-IU TP
1462044575007137798,EP-IU TP
1461672893885128714,EP-IU TP
1461672887614595072,EP-IU TP
1461396567718563842,EP-IU TP
1461338430437302274,EP-IU TP
1461270423975481347,EP-IU TP
1461013212342726656,EP-IU TP
1460991674822316042,EP-IU TP
1460946104929947656,EP-IU TP
1460943744325279744,EP-IU TP
1460880388545417216,EP-IU TP
1460697661451948035,EP-IU TP
1460590263148195845,EP-IU TP
1460590258643509248,EP-IU TP
1460562079220387847,EP-IU TP
1460322456447688708,EP-IU TP
1460270060967272448,EP-IU TP
1460266816895430660,EP-IU TP
1460148780658049024,EP-IU TP
1459577109421117442,EP-IU TP
1459182491487588354,EP-IU TP
1458839647333793801,EP-IU TP
1458729910663622662,EP-IU TP
1458478074106941440,EP-IU TP
1458403412010274817,EP-IU TP
1458403406033391617,EP-IU TP
1457642703693533187,EP-IU TP
1457326848984109068,EP-IU TP
1457047521101025284,EP-IU TP
1456933937381531654,EP-IU TP
1456720316286349316,EP-IU TP
1456664445254569987,EP-IU TP
1456617916179304450,EP-IU TP
1456617911355908096,EP-IU TP
1456325210366517258,EP-IU TP
1456205329541189647,EP-IU TP
1456178186765615104,EP-IU TP
1455918441077121026,EP-IU TP
1455918437696483329,EP-IU TP
1455918433661591566,EP-IU TP
1455897650977558532,EP-IU TP
1455897646799917071,EP-IU TP
1455897641691357191,EP-IU TP
1455831776652374019,EP-IU TP
1455539801503977473,EP-IU TP
1455116292466171907,EP-IU TP
1455100291393769473,EP-IU TP
1454744477541801985,EP-IU TP
1454155072368222208,EP-IU TP
1454086153473245185,EP-IU TP
1454033799390629889,EP-IU TP
1454027232691859457,EP-IU TP
1453700250431012865,EP-IU TP
1453623490595201026,EP-IU TP
1453443884651098116,EP-IU TP
1453397083319373827,EP-IU TP
1453397075971002368,EP-IU TP
1453397070820302853,EP-IU TP
1452885202368405518,EP-IU TP
1452585168494108681,EP-IU TP
1452336928485953537,EP-IU TP
1452269146993999881,EP-IU TP
1451613175661662227,EP-IU TP
1451524928033988634,EP-IU TP
1451475491567947806,EP-IU TP
1451447944381673484,EP-IU TP
1451164353911209987,EP-IU TP
1450879867206131714,EP-IU TP
1450863967807713282,EP-IU TP
1450822322064183302,EP-IU TP
1450747955233923078,EP-IU TP
1450414357175750660,EP-IU TP
1450045598850236426,EP-IU TP
1450044693291708416,EP-IU TP
1450005505435475968,EP-IU TP
1449443150523678720,EP-IU TP
1449064289122361352,EP-IU TP
1448926820158541841,EP-IU TP
1448723715827671044,EP-IU TP
1448627834520539143,EP-IU TP
1448579520626413570,EP-IU TP
1448547909679599618,EP-IU TP
1448365846762491905,EP-IU TP
1448347395654365191,EP-IU TP
1448317308112355340,EP-IU TP
1448240414885138434,EP-IU TP
1448169989870178309,EP-IU TP
1447880762431352835,EP-IU TP
1447880667702910978,EP-IU TP
1447862782225965059,EP-IU TP
1447514147185364994,EP-IU TP
1447494610180354052,EP-IU TP
1447286284708368384,EP-IU TP
1447193643618607106,EP-IU TP
1447143575372840960,EP-IU TP
1447101729150021634,EP-IU TP
1446540605312704515,EP-IU TP
1446515195761758208,EP-IU TP
1446449798215831552,EP-IU TP
1446419095734259716,EP-IU TP
1446368468018868234,EP-IU TP
1446185402600153089,EP-IU TP
1446042804640174083,EP-IU TP
1445646922522370049,EP-IU TP
1445448711304200193,EP-IU TP
1445284899011842049,EP-IU TP
1445116516048019471,EP-IU TP
1444984392057774084,EP-IU TP
1444949262811508743,EP-IU TP
1444947883938222084,EP-IU TP
1444936901471916032,EP-IU TP
1444905787202187266,EP-IU TP
1444653503436271619,EP-IU TP
1443931205737623556,EP-IU TP
1443892796834959362,EP-IU TP
1443616602109489157,EP-IU TP
1443568815435141121,EP-IU TP
1443176709856059399,EP-IU TP
1443163931372101635,EP-IU TP
1442942903639162883,EP-IU TP
1442740511568273408,EP-IU TP
1442410417070952448,EP-IU TP
1442368596479553536,EP-IU TP
1441678452596297730,EP-IU TP
1441297221392076804,EP-IU TP
1441272437673504768,EP-IU TP
1441099597791727618,EP-IU TP
1441084675552788495,EP-IU TP
1441016680801574913,EP-IU TP
1440972134810099717,EP-IU TP
1440396301754003464,EP-IU TP
1440274535752761350,EP-IU TP
1440267366533718018,EP-IU TP
1439838722061709313,EP-IU TP
1439539765955555331,EP-IU TP
1439522248528957440,EP-IU TP
1438827493981577216,EP-IU TP
1438821848821686273,EP-IU TP
1438749706226655233,EP-IU TP
1438567746531438597,EP-IU TP
1438484558413017090,EP-IU TP
1438446621369552900,EP-IU TP
1438434083944738819,EP-IU TP
1438410225741148163,EP-IU TP
1438393221378359301,EP-IU TP
1437842243398868999,EP-IU TP
1437789397093654530,EP-IU TP
1437774688705462278,EP-IU TP
1437499544116375555,EP-IU TP
1437491330574344196,EP-IU TP
1437428739726581771,EP-IU TP
1437367168329519104,EP-IU TP
1437303782572953601,EP-IU TP
1437011407606800386,EP-IU TP
1436974208995704832,EP-IU TP
1436956135999918080,EP-IU TP
1436744597955354625,EP-IU TP
1436710873956077575,EP-IU TP
1436316447358267404,EP-IU TP
1436241168082296833,EP-IU TP
1436214568271982593,EP-IU TP
1436055608331997195,EP-IU TP
1436009100710666243,EP-IU TP
1435929663503798275,EP-IU TP
1435637524014174210,EP-IU TP
1435513270308376582,EP-IU TP
1435491509021913088,EP-IU TP
1435312044459401224,EP-IU TP
1435309199165100036,EP-IU TP
1435288397099061248,EP-IU TP
1435122065175162884,EP-IU TP
1434567735267274756,EP-IU TP
1434454142186135553,EP-IU TP
1433848462404202498,EP-IU TP
1433791894077722627,EP-IU TP
1433767251602296832,EP-IU TP
1433442184167141378,EP-IU TP
1433019139120062464,EP-IU TP
1432610410897842176,EP-IU TP
1432073531261702152,EP-IU TP
1432073529554522114,EP-IU TP
1430092522420948993,EP-IU TP
1429737208517365763,EP-IU TP
1427914374946168837,EP-IU TP
1427582945741754374,EP-IU TP
1427400527621459980,EP-IU TP
1426996403918852099,EP-IU TP
1426641725016137730,EP-IU TP
1426566969130635265,EP-IU TP
1426231363787796485,EP-IU TP
1425736311751725058,EP-IU TP
1424783843781926915,EP-IU TP
1424738649841803268,EP-IU TP
1424650844541267971,EP-IU TP
1424374956901740557,EP-IU TP
1423732800063262720,EP-IU TP
1423180237106552837,EP-IU TP
1422983749860528128,EP-IU TP
1422980518900125696,EP-IU TP
1422967799706755099,EP-IU TP
1422958007814475782,EP-IU TP
1422949448284622856,EP-IU TP
1422834710661718016,EP-IU TP
1422606277625237504,EP-IU TP
1422500985738498050,EP-IU TP
1421747994379137027,EP-IU TP
1421435050655199237,EP-IU TP
1433071522399363078,EA-NV TP
1476934779836764204,EP-IU TP
1476586897375903756,EP-IU TP
1476152195670290433,EP-IU TP
1476146739115606017,EP-IU TP
1475813992425836554,EP-IU TP
1475425171154608129,EP-IU TP
1474719903202660356,EP-IU TP
1474484024966107137,EP-IU TP
1474413691022020611,EP-IU TP
1474342343100743681,EP-IU TP
1474021634730254342,EP-IU TP
1473957901584809986,EP-IU TP
1473701348675829770,EP-IU TP
1473599983857422338,EP-IU TP
1473322756091662340,EP-IU TP
1473237476970057732,EP-IU TP
1472988811806363660,EP-IU TP
1471847769912623106,EP-IU TP
1471178699710119938,EP-IU TP
1469659800728485894,EP-IU TP
1467872155027312643,EP-IU TP
1467502592372748288,EP-IU TP
1467458174470995976,EP-IU TP
1467068141683593216,EP-IU TP
1466475797015900160,EP-IU TP
1465741005869789184,EP-IU TP
1465363153336815616,EP-IU TP
1465029817385078784,EP-IU TP
1464583677493628933,EP-IU TP
1464500148835389445,EP-IU TP
1463166570528755712,EP-IU TP
1461671408673644544,EP-IU TP
1461364172193611795,EP-IU TP
1460984777100730368,EP-IU TP
1460984113976991746,EP-IU TP
1460981956359991305,EP-IU TP
1459830513938620417,EP-IU TP
1459122948195893256,EP-IU TP
1458407351623499779,EP-IU TP
1458187729829867527,EP-IU TP
1458169350041575426,EP-IU TP
1457701372086915081,EP-IU TP
1456642022111072262,EP-IU TP
1456273719865712657,EP-IU TP
1456266695023022087,EP-IU TP
1455940185447874560,EP-IU TP
1455937277440442368,EP-IU TP
1455935420248772610,EP-IU TP
1455619960726867973,EP-IU TP
1455195141124378625,EP-IU TP
1454431579149934597,EP-IU TP
1453751785739460610,EP-IU TP
1450511479535554573,EP-IU TP
1449812852131471361,EP-IU TP
1449408666743058432,EP-IU TP
1449325832099581954,EP-IU TP
1449012412275904512,EP-IU TP
1448917199931035694,EP-IU TP
1447537277773680646,EP-IU TP
1446778626045841408,EP-IU TP
1446551702228897824,EP-IU TP
1446549384917815296,EP-IU TP
1446386777795747851,EP-IU TP
1445798840397807629,EP-IU TP
1444281525625819138,EP-IU TP
1444276390162018310,EP-IU TP
1443590422710808578,EP-IU TP
1442367225722073092,EP-IU TP
1442255807765176320,EP-IU TP
1442059301791621125,EP-IU TP
1441673265232109568,EP-IU TP
1440708086306508808,EP-IU TP
1440338864258773003,EP-IU TP
1438941101642158085,EP-IU TP
1438104086830796801,EP-IU TP
1437837042558308357,EP-IU TP
1437495342098956288,EP-IU TP
1437482413924491266,EP-IU TP
1433881744797732868,EP-IU TP
1433075938267471873,EP-IU TP
1433008804883488768,EP-IU TP
1432268611406737408,EP-IU TP
1430618275449278472,EP-IU TP
1430494830946361344,EP-IU TP
1429002376049053702,EP-IU TP
1427267679048642561,EP-IU TP
1425516482637729793,EP-IU TP
1423567953489014787,EP-IU TP
1423216522449899524,EP-IU TP
1423036728579928068,EP-IU TP
1421749292935655424,EP-IU TP
1476826869328715776,EH Bildu TP
1472643615180660739,EH Bildu TP
1471093707453644800,EH Bildu TP
1470739536024064003,EH Bildu TP
1469263233626386437,EH Bildu TP
1466698024499953670,EH Bildu TP
1466397111143088131,EH Bildu TP
1466395874209193991,EH Bildu TP
1466125767918735379,EH Bildu TP
1466122180379516936,EH Bildu TP
1464154214305878017,EH Bildu TP
1462159476283351045,EH Bildu TP
1461276382009479172,EH Bildu TP
1461263537830080519,EH Bildu TP
1460194591433445378,EH Bildu TP
1459275134502637570,EH Bildu TP
1458443642754981889,EH Bildu TP
1458375299217989639,EH Bildu TP
1458181235176529925,EH Bildu TP
1458050326930546691,EH Bildu TP
1455809389819006981,EH Bildu TP
1455552067452510217,EH Bildu TP
1454004445554122754,EH Bildu TP
1452589835236126721,EH Bildu TP
1451479597594316813,EH Bildu TP
1451262362632302603,EH Bildu TP
1449699935407026185,EH Bildu TP
1449444605263503365,EH Bildu TP
1448234168106819586,EH Bildu TP
1446475608314290179,EH Bildu TP
1446201944553500680,EH Bildu TP
1446032672728440834,EH Bildu TP
1445433975745531907,EH Bildu TP
1445329537156493312,EH Bildu TP
1444620237975003141,EH Bildu TP
1443944948970237952,EH Bildu TP
1442502592584634377,EH Bildu TP
1441358356006965248,EH Bildu TP
1440683582297493518,EH Bildu TP
1440324344526213121,EH Bildu TP
1440238622876188691,EH Bildu TP
1439651387281973255,EH Bildu TP
1439247295032213508,EH Bildu TP
1438840277641351170,EH Bildu TP
1438571759121453059,EH Bildu TP
1438136197013020674,EH Bildu TP
1437711773226962945,EH Bildu TP
1437392248514260993,EH Bildu TP
1435611869415358472,EH Bildu TP
1435519835220455424,EH Bildu TP
1435517832436064261,EH Bildu TP
1435508168256335874,EH Bildu TP
1434607338556694538,EH Bildu TP
1433515368958599171,EH Bildu TP
1429151550295920647,EH Bildu TP
1426098516846424064,EH Bildu TP
1426098459178938370,EH Bildu TP
1425086947358298114,EH Bildu TP
1425082867760119810,EH Bildu TP
1423551695095730184,EH Bildu TP
1422610000476835841,EH Bildu TP
1477023062017126408,EH Bildu TP
1476862783815929857,EH Bildu TP
1476861676825813025,EH Bildu TP
1476296909442670594,EH Bildu TP
1476160107469840385,EH Bildu TP
1475884866164211718,EH Bildu TP
1475884212901523457,EH Bildu TP
1475861844703252495,EH Bildu TP
1475528247597228041,EH Bildu TP
1475118477979570176,EH Bildu TP
1474774080532402181,EH Bildu TP
1474515957968216070,EH Bildu TP
1474479809971503108,EH Bildu TP
1474453564324032514,EH Bildu TP
1474323392400703510,EH Bildu TP
1474129410303442951,EH Bildu TP
1474126423468220426,EH Bildu TP
1473710598961696779,EH Bildu TP
1473549761416515590,EH Bildu TP
1473374048906362885,EH Bildu TP
1473033109998387214,EH Bildu TP
1473022292938706950,EH Bildu TP
1472980122991050766,EH Bildu TP
1472546520947994625,EH Bildu TP
1472326783085252610,EH Bildu TP
1472249556888915975,EH Bildu TP
1471924103275859968,EH Bildu TP
1471819911768981504,EH Bildu TP
1471774681854365701,EH Bildu TP
1471735760952909830,EH Bildu TP
1471734097550716929,EH Bildu TP
1471535940288098310,EH Bildu TP
1471450283901345793,EH Bildu TP
1470882743735271429,EH Bildu TP
1470874214597025803,EH Bildu TP
1470865550427447306,EH Bildu TP
1470863172152303624,EH Bildu TP
1470849452281942027,EH Bildu TP
1470084097838100481,EH Bildu TP
1469970626425274372,EH Bildu TP
1469759026519019529,EH Bildu TP
1469748924776947716,EH Bildu TP
1469735817790775300,EH Bildu TP
1469651957740670980,EH Bildu TP
1469325580839575554,EH Bildu TP
1468972251982680071,EH Bildu TP
1468969253332078597,EH Bildu TP
1468646856511082503,EH Bildu TP
1468236360586866707,EH Bildu TP
1467927682281267206,EH Bildu TP
1467776741225779203,EH Bildu TP
1466729837670932483,EH Bildu TP
1466675379205292033,EH Bildu TP
1466470206520311817,EH Bildu TP
1466363309079379969,EH Bildu TP
1466363306927702016,EH Bildu TP
1466363302183899138,EH Bildu TP
1466109033501413380,EH Bildu TP
1466056590314901504,EH Bildu TP
1465960391045959681,EH Bildu TP
1465959173812850689,EH Bildu TP
1465601851978625025,EH Bildu TP
1465579862907932672,EH Bildu TP
1465020704143855622,EH Bildu TP
1464774218437038082,EH Bildu TP
1464546515431694341,EH Bildu TP
1463984015044661253,EH Bildu TP
1463602136344838158,EH Bildu TP
1463177569939996685,EH Bildu TP
1462803571620130820,EH Bildu TP
1462486149008605187,EH Bildu TP
1462440094661492736,EH Bildu TP
1462431846034247683,EH Bildu TP
1462173072946081793,EH Bildu TP
1462151385391190027,EH Bildu TP
1462144269725097988,EH Bildu TP
1462141579301474313,EH Bildu TP
1462127119224430597,EH Bildu TP
1462118434452422656,EH Bildu TP
1462102461624340488,EH Bildu TP
1462102404564983808,EH Bildu TP
1462099454144692224,EH Bildu TP
1462070351966490635,EH Bildu TP
1461792818951770114,EH Bildu TP
1461707368031531016,EH Bildu TP
1461674656956620812,EH Bildu TP
1461454969521983499,EH Bildu TP
1461074838802599944,EH Bildu TP
1460993735123165188,EH Bildu TP
1460702464798334980,EH Bildu TP
1460603718529949699,EH Bildu TP
1460581144311873547,EH Bildu TP
1459982746957361159,EH Bildu TP
1459805789078503428,EH Bildu TP
1459607440169836550,EH Bildu TP
1459510625512693761,EH Bildu TP
1459187069771735052,EH Bildu TP
1459173895051829251,EH Bildu TP
1459102475613577221,EH Bildu TP
1458409683820191745,EH Bildu TP
1458363460320907269,EH Bildu TP
1458159753360723968,EH Bildu TP
1457807792459456516,EH Bildu TP
1457797330799710208,EH Bildu TP
1457308654814830598,EH Bildu TP
1457307491155554313,EH Bildu TP
1457265696526712837,EH Bildu TP
1457094745046593545,EH Bildu TP
1457091619237285892,EH Bildu TP
1456668310079262729,EH Bildu TP
1456660338871607298,EH Bildu TP
1456630877895733260,EH Bildu TP
1456559324411666436,EH Bildu TP
1456559287791128578,EH Bildu TP
1456559252416380931,EH Bildu TP
1456559224725680133,EH Bildu TP
1455883949230669824,EH Bildu TP
1455879318157004806,EH Bildu TP
1455863955058999306,EH Bildu TP
1455649424235974663,EH Bildu TP
1455644042843283460,EH Bildu TP
1454342088317931523,EH Bildu TP
1454136268313579527,EH Bildu TP
1454087643684290566,EH Bildu TP
1453681935407067143,EH Bildu TP
1453678562624561155,EH Bildu TP
1453314787312644105,EH Bildu TP
1453008301797556227,EH Bildu TP
1452910145260953602,EH Bildu TP
1452886626422636547,EH Bildu TP
1452717116159938563,EH Bildu TP
1452714249286037512,EH Bildu TP
1452711572162371586,EH Bildu TP
1452371280284590086,EH Bildu TP
1452189572746592264,EH Bildu TP
1451998345153630211,EH Bildu TP
1451865232855470080,EH Bildu TP
1451539783508021255,EH Bildu TP
1451280686967631876,EH Bildu TP
1451251750908932105,EH Bildu TP
1450920288837902338,EH Bildu TP
1450453959257300997,EH Bildu TP
1450352284244787204,EH Bildu TP
1450062898353610755,EH Bildu TP
1449617345618628608,EH Bildu TP
1449446406264078341,EH Bildu TP
1448667208071225346,EH Bildu TP
1448395973491896330,EH Bildu TP
1447528467554312193,EH Bildu TP
1446746414319558661,EH Bildu TP
1446745392050233345,EH Bildu TP
1446343862449016833,EH Bildu TP
1446152917438898184,EH Bildu TP
1446148319382810628,EH Bildu TP
1446148317797392389,EH Bildu TP
1446148313150017547,EH Bildu TP
1446110571477159948,EH Bildu TP
1445742298495602689,EH Bildu TP
1445661505681117184,EH Bildu TP
1445658940637806602,EH Bildu TP
1445487149231468553,EH Bildu TP
1445473746613981196,EH Bildu TP
1445404381344681992,EH Bildu TP
1445096755381645314,EH Bildu TP
1445037271531524109,EH Bildu TP
1444718814244003844,EH Bildu TP
1444190831364251648,EH Bildu TP
1444029202056065024,EH Bildu TP
1444019844660269061,EH Bildu TP
1443288821244825601,EH Bildu TP
1442912121247784961,EH Bildu TP
1442568804236763142,EH Bildu TP
1442564869501292550,EH Bildu TP
1442563969739264001,EH Bildu TP
1442202587936219136,EH Bildu TP
1441506226261663746,EH Bildu TP
1441494545557041152,EH Bildu TP
1441401134258655235,EH Bildu TP
1441142449552777226,EH Bildu TP
1441086670154055681,EH Bildu TP
1440390418504445954,EH Bildu TP
1439969105570844690,EH Bildu TP
1439870934358298626,EH Bildu TP
1439174783908864002,EH Bildu TP
1439161096972156928,EH Bildu TP
1438986058591506433,EH Bildu TP
1438920546864017408,EH Bildu TP
1438856955691352069,EH Bildu TP
1438206555200106499,EH Bildu TP
1437855280629420055,EH Bildu TP
1437501257904795650,EH Bildu TP
1437040178573594628,EH Bildu TP
1436779492597506048,EH Bildu TP
1436695036444413959,EH Bildu TP
1436325318583803917,EH Bildu TP
1436304612185812993,EH Bildu TP
1436303889813356546,EH Bildu TP
1436037332185006086,EH Bildu TP
1434133620248256512,EH Bildu TP
1433514358936584199,EH Bildu TP
1433501809201537033,EH Bildu TP
1433500819501068291,EH Bildu TP
1433367757811236865,EH Bildu TP
1433121538975440896,EH Bildu TP
1433053141877108742,EH Bildu TP
1433048555070099456,EH Bildu TP
1432799784096645125,EH Bildu TP
1432603669321629697,EH Bildu TP
1432592612247146498,EH Bildu TP
1432232143036588034,EH Bildu TP
1432086269979467782,EH Bildu TP
1431719495706497032,EH Bildu TP
1431696737186557960,EH Bildu TP
1431312236564385798,EH Bildu TP
1430277069062164480,EH Bildu TP
1430157784956477448,EH Bildu TP
1429891381317746688,EH Bildu TP
1429764637734625282,EH Bildu TP
1429543793628487682,EH Bildu TP
1429475398459478018,EH Bildu TP
1429187552033099777,EH Bildu TP
1429068934716743682,EH Bildu TP
1428764391797936141,EH Bildu TP
1428460611273437185,EH Bildu TP
1427692026129170440,EH Bildu TP
1427691420261957633,EH Bildu TP
1427012191656554501,EH Bildu TP
1426535034291372035,EH Bildu TP
1425808207730126850,EH Bildu TP
1425408338221801475,EH Bildu TP
1424694023273472002,EH Bildu TP
1424681774475399172,EH Bildu TP
1424387319558197248,EH Bildu TP
1424365023359639552,EH Bildu TP
1421387507976003586,EH Bildu TP
1476885504167755776,VP-C TP
1476490061566914563,VP-C TP
1476211749858779136,VP-C TP
1476152834714480640,VP-C TP
1475737185102057476,VP-C TP
1474704841234653191,VP-C TP
1474386018518421508,VP-C TP
1473662144864477192,VP-C TP
1473545350229151759,VP-C TP
1473378070677659651,VP-C TP
1473285851903938567,VP-C TP
1473178556888981508,VP-C TP
1472932058037202947,VP-C TP
1472545002492502020,VP-C TP
1472480331592876033,VP-C TP
1472208803395428355,VP-C TP
1472174036767682561,VP-C TP
1470713667859718145,VP-C TP
1470396395890827270,VP-C TP
1469621023259701249,VP-C TP
1468517142198988815,VP-C TP
1467830657552470016,VP-C TP
1466747815372144645,VP-C TP
1466508461324316678,VP-C TP
1466066465803624449,VP-C TP
1465594313384079369,VP-C TP
1463115331753422853,VP-C TP
1463063203907317761,VP-C TP
1462764464781070339,VP-C TP
1462678219317035009,VP-C TP
1462396556519301131,VP-C TP
1461683331817484289,VP-C TP
1461032183846613000,VP-C TP
1460562687889494022,VP-C TP
1459861795259170821,VP-C TP
1459486773470535681,VP-C TP
1458817961213448196,VP-C TP
1458096400718258178,VP-C TP
1457985006312230917,VP-C TP
1457271810597216257,VP-C TP
1456282121459408896,VP-C TP
1455505063963725824,VP-C TP
1454738416365617152,VP-C TP
1453631951869468673,VP-C TP
1453307290535305218,VP-C TP
1451817387246895109,VP-C TP
1450042049462513667,VP-C TP
1448646549018275848,VP-C TP
1448350851521728512,VP-C TP
1447886236870397960,VP-C TP
1445753886552121346,VP-C TP
1445508389388181512,VP-C TP
1444783466302816257,VP-C TP
1444594634806734848,VP-C TP
1444243647491411971,VP-C TP
1443527627705311241,VP-C TP
1443511587780845569,VP-C TP
1442737907060576256,VP-C TP
1442511358478598145,VP-C TP
1442511346587693065,VP-C TP
1441165099826237444,VP-C TP
1441096830796713985,VP-C TP
1439679343303790597,VP-C TP
1439513873023909889,VP-C TP
1439484373376638977,VP-C TP
1439165115274862595,VP-C TP
1438758751754915841,VP-C TP
1437788109224165388,VP-C TP
1437714462220378113,VP-C TP
1437682119808061440,VP-C TP
1437528146740486148,VP-C TP
1437404463766118411,VP-C TP
1436994950567284741,VP-C TP
1436964329060974592,VP-C TP
1435545379156766721,VP-C TP
1434508226805051398,VP-C TP
1432641439297642496,VP-C TP
1430823343465369604,VP-C TP
1430541686384562178,VP-C TP
1430130641186824196,VP-C TP
1429045889465790464,VP-C TP
1427911543035936772,VP-C TP
1426829678107676674,VP-C TP
1425375151672250370,VP-C TP
1425375149390450690,VP-C TP
1423253763591229442,VP-C TP
1421400089441050627,VP-C TP
1476992744119836673,EH Bildu TP
1476935146708340755,EH Bildu TP
1476655568043626496,EH Bildu TP
1476650321699090432,EH Bildu TP
1476264069892087817,EH Bildu TP
1476155227200016389,EH Bildu TP
1475955132848381955,EH Bildu TP
1475114983667216387,EH Bildu TP
1474818500455800834,EH Bildu TP
1474401386297270293,EH Bildu TP
1473404305004716038,EH Bildu TP
1472809655600664579,EH Bildu TP
1472809115625873409,EH Bildu TP
1471889887406272518,EH Bildu TP
1471877999985319940,EH Bildu TP
1471815068476223491,EH Bildu TP
1471459774445277188,EH Bildu TP
1471236442835853319,EH Bildu TP
1471235567979745283,EH Bildu TP
1470855112025325571,EH Bildu TP
1470853296126636033,EH Bildu TP
1470840290206523395,EH Bildu TP
1470413466968207372,EH Bildu TP
1470027848924766210,EH Bildu TP
1469409966121525254,EH Bildu TP
1469409470782521352,EH Bildu TP
1469345796814479363,EH Bildu TP
1468575419658129408,EH Bildu TP
1466116707320270854,EH Bildu TP
1466112184719749122,EH Bildu TP
1465068489719304205,EH Bildu TP
1465056820255416328,EH Bildu TP
1464953639227768834,EH Bildu TP
1464575116289925135,EH Bildu TP
1464574575166078983,EH Bildu TP
1464505433096433665,EH Bildu TP
1462692572002988035,EH Bildu TP
1462192405852131329,EH Bildu TP
1462188496098144258,EH Bildu TP
1462180141803659269,EH Bildu TP
1462146342944399366,EH Bildu TP
1462119895244722182,EH Bildu TP
1462068409999503361,EH Bildu TP
1462014958628184070,EH Bildu TP
1461771145909350408,EH Bildu TP
1459836019902136326,EH Bildu TP
1457292712894476291,EH Bildu TP
1456704307450032129,EH Bildu TP
1456689075243606021,EH Bildu TP
1456362598157455361,EH Bildu TP
1456212953951244288,EH Bildu TP
1456204545948782596,EH Bildu TP
1453374457037430789,EH Bildu TP
1451985408867409920,EH Bildu TP
1451879370688172041,EH Bildu TP
1451849370354262017,EH Bildu TP
1451637866614988806,EH Bildu TP
1450215150003306510,EH Bildu TP
1449799245494726665,EH Bildu TP
1448728101647695879,EH Bildu TP
1447912130158555136,EH Bildu TP
1447592901840707587,EH Bildu TP
1446566498399629325,EH Bildu TP
1446536853243535361,EH Bildu TP
1446412075027292166,EH Bildu TP
1446117956673413120,EH Bildu TP
1446021130607857665,EH Bildu TP
1445495051618975753,EH Bildu TP
1444273405751136263,EH Bildu TP
1444235493651238912,EH Bildu TP
1444025252359573515,EH Bildu TP
1443590506827616256,EH Bildu TP
1443589590757961748,EH Bildu TP
1443580538464264195,EH Bildu TP
1443494804109905923,EH Bildu TP
1443093351394390021,EH Bildu TP
1442568675026952194,EH Bildu TP
1441836202257223681,EH Bildu TP
1441117763221655567,EH Bildu TP
1440557744356945931,EH Bildu TP
1439183353903828996,EH Bildu TP
1438987739039473671,EH Bildu TP
1438983923766370306,EH Bildu TP
1438850965243940878,EH Bildu TP
1438481357508947978,EH Bildu TP
1437809903494647809,EH Bildu TP
1437032858686787594,EH Bildu TP
1436975159219531776,EH Bildu TP
1436607133051760641,EH Bildu TP
1436347128813600769,EH Bildu TP
1435682182450892803,EH Bildu TP
1435153438334230531,EH Bildu TP
1434083800674340868,EH Bildu TP
1433860249459601410,EH Bildu TP
1433416451352846339,EH Bildu TP
1433168684865003522,EH Bildu TP
1430868033837412354,EH Bildu TP
1430282888822632448,EH Bildu TP
1430252136579932161,EH Bildu TP
1430245182960816136,EH Bildu TP
1429773459639390209,EH Bildu TP
1428661647913193472,EH Bildu TP
1427993870068035594,EH Bildu TP
1427962234467233792,EH Bildu TP
1426909655586979842,EH Bildu TP
1426074912565993474,EH Bildu TP
1425173999609319424,EH Bildu TP
1425099661380136970,EH Bildu TP
1425011173133623297,EH Bildu TP
1424821590374719490,EH Bildu TP
1424656045293584385,EH Bildu TP
1476862964464558082,VP-C TP
1476275234944733189,VP-C TP
1475858147784986632,VP-C TP
1475575894366380041,VP-C TP
1475541130896941060,VP-C TP
1474700171242053632,VP-C TP
1473683193953984516,VP-C TP
1473363577855692805,VP-C TP
1473361851937349639,VP-C TP
1473002052208967680,VP-C TP
1472654580366389250,VP-C TP
1472547662650089475,VP-C TP
1472276276614467587,VP-C TP
1472158434321702920,VP-C TP
1471883988998533121,VP-C TP
1471785749527900161,VP-C TP
1471469053801902084,VP-C TP
1471220641777000454,VP-C TP
1471220628283957252,VP-C TP
1471068853581012994,VP-C TP
1470794154884145171,VP-C TP
1470746281500983296,VP-C TP
1470746241277607949,VP-C TP
1470318894762151940,VP-C TP
1470318886348365829,VP-C TP
1470115138942480388,VP-C TP
1470073485783445522,VP-C TP
1469964679426588673,VP-C TP
1469804214964604933,VP-C TP
1469690827031130117,VP-C TP
1469634194414477316,VP-C TP
1469303646957547523,VP-C TP
1469230182162747396,VP-C TP
1469026870394081289,VP-C TP
1468505505853317122,VP-C TP
1468505398206517258,VP-C TP
1468298724766068743,VP-C TP
1468259339102269447,VP-C TP
1467916092391796741,VP-C TP
1467794283705032708,VP-C TP
1467788738336104453,VP-C TP
1467428556879937537,VP-C TP
1467158317432721409,VP-C TP
1467063285191168005,VP-C TP
1466817740866560004,VP-C TP
1466782655941332995,VP-C TP
1466678263317676034,VP-C TP
1466530066280685571,VP-C TP
1466499831858356225,VP-C TP
1466427016497049604,VP-C TP
1466347857833779205,VP-C TP
1466345341532450824,VP-C TP
1466316675784056835,VP-C TP
1466112957809582086,VP-C TP
1466042267886624778,VP-C TP
1466028808239083522,VP-C TP
1466012823008563204,VP-C TP
1466012224825266180,VP-C TP
1465997404956725248,VP-C TP
1465723605438844938,VP-C TP
1465707719621443599,VP-C TP
1465678827112349697,VP-C TP
1465606772828348417,VP-C TP
1465589699951702018,VP-C TP
1465290285861281800,VP-C TP
1464972307487772679,VP-C TP
1464960077518061573,VP-C TP
1464945581336453120,VP-C TP
1464931319461433349,VP-C TP
1464750963525357569,VP-C TP
1464543886785847303,VP-C TP
1464318346728718336,VP-C TP
1464223996963135494,VP-C TP
1463784018114224128,VP-C TP
1463772664816930818,VP-C TP
1463653661968670722,VP-C TP
1463595118968152071,VP-C TP
1463490368347987968,VP-C TP
1463450553967685635,VP-C TP
1463077729029574656,VP-C TP
1462877037178363908,VP-C TP
1462837470253494276,VP-C TP
1462828662626078723,VP-C TP
1462775300350259209,VP-C TP
1462764542275080197,VP-C TP
1462486010483388425,VP-C TP
1462436067601268738,VP-C TP
1462245497624842247,VP-C TP
1462243559520841728,VP-C TP
1462183304833155076,VP-C TP
1461979782674108421,VP-C TP
1461682236852477958,VP-C TP
1461646832661061635,VP-C TP
1461596302194749441,VP-C TP
1461596298642132993,VP-C TP
1461405476663476229,VP-C TP
1461381247507341316,VP-C TP
1461123977049513988,VP-C TP
1461070015910850562,VP-C TP
1460929448765702325,VP-C TP
1460926030865219584,VP-C TP
1460912143876898818,VP-C TP
1460875333645840390,VP-C TP
1460597675221467137,VP-C TP
1460378734142316545,VP-C TP
1460376400284766215,VP-C TP
1460254479928991748,VP-C TP
1459557033108295688,VP-C TP
1459534790131130372,VP-C TP
1459437395246559238,VP-C TP
1459164770196672519,VP-C TP
1459106335858040858,VP-C TP
1458919029834461187,VP-C TP
1458803502059302921,VP-C TP
1458764503613677581,VP-C TP
1458763495953084421,VP-C TP
1458600831159263238,VP-C TP
1457993972132028418,VP-C TP
1457658971762868224,VP-C TP
1457431219130544135,VP-C TP
1457366536818241538,VP-C TP
1457300911353696258,VP-C TP
1456983605805293575,VP-C TP
1456733759127138315,VP-C TP
1456695892824793092,VP-C TP
1456543418365235200,VP-C TP
1456272440737234958,VP-C TP
1455907296073162754,VP-C TP
1455599779686268940,VP-C TP
1455522482555965442,VP-C TP
1455473124988829696,VP-C TP
1455285589402599424,VP-C TP
1455132303034888196,VP-C TP
1454845456148832257,VP-C TP
1454801075479924736,VP-C TP
1454188897668370439,VP-C TP
1454082097312899081,VP-C TP
1453998664385536000,VP-C TP
1453851390942535682,VP-C TP
1453814585941807126,VP-C TP
1453805375338254338,VP-C TP
1453765400802508800,VP-C TP
1453680227843022851,VP-C TP
1453663779967877124,VP-C TP
1453655872794767361,VP-C TP
1453449076016652291,VP-C TP
1453422348581883909,VP-C TP
1453297431953788938,VP-C TP
1452675007591637012,VP-C TP
1452569476378021893,VP-C TP
1452522176200986624,VP-C TP
1452241556807770122,VP-C TP
1452181235200151572,VP-C TP
1451993700972761088,VP-C TP
1451531311517212687,VP-C TP
1451458450593140736,VP-C TP
1451429917154029569,VP-C TP
1451155878669918210,VP-C TP
1450761486058524674,VP-C TP
1450747429633073152,VP-C TP
1450397753398472704,VP-C TP
1449812881344765969,VP-C TP
1448980400332808193,VP-C TP
1448957146377429002,VP-C TP
1448415342276091906,VP-C TP
1448277319014092801,VP-C TP
1447684101662822401,VP-C TP
1447491153029484547,VP-C TP
1447308452871671817,VP-C TP
1447271698907213829,VP-C TP
1447173397167976448,VP-C TP
1447125699920334855,VP-C TP
1446911813396963333,VP-C TP
1446804980271300613,VP-C TP
1446768883793289219,VP-C TP
1446510203483066375,VP-C TP
1446392351845408776,VP-C TP
1446199213814161410,VP-C TP
1446176411044270084,VP-C TP
1446085739968700425,VP-C TP
1446083878591021058,VP-C TP
1446083767634890754,VP-C TP
1446083484309770241,VP-C TP
1446062827291258882,VP-C TP
1446037178425954319,VP-C TP
1446037107072512002,VP-C TP
1446033859838193668,VP-C TP
1446030543548715013,VP-C TP
1446029898657714176,VP-C TP
1446028858302599168,VP-C TP
1446017534973681664,VP-C TP
1445728046430965763,VP-C TP
1445712808298024960,VP-C TP
1445646992697298945,VP-C TP
1445308189512290305,VP-C TP
1445072419950145550,VP-C TP
1445069786401083396,VP-C TP
1445069030503632906,VP-C TP
1445065782300483591,VP-C TP
1445064078121127939,VP-C TP
1445015330028412931,VP-C TP
1444907124463742979,VP-C TP
1444588688307068934,VP-C TP
1444486682242392065,VP-C TP
1444318699305963520,VP-C TP
1444295691073953792,VP-C TP
1444196845954211840,VP-C TP
1443938691660005384,VP-C TP
1443838449254084641,VP-C TP
1443554452577869824,VP-C TP
1443544921500262407,VP-C TP
1443509220754825223,VP-C TP
1443246960811679749,VP-C TP
1443112287359971330,VP-C TP
1442917015593750530,VP-C TP
1442915751224954883,VP-C TP
1442914711821979651,VP-C TP
1442906858771992589,VP-C TP
1442902701063376896,VP-C TP
1442901200936988674,VP-C TP
1442900335366848513,VP-C TP
1442896486098817025,VP-C TP
1442801111660957696,VP-C TP
1442565996645023746,VP-C TP
1442482359203422211,VP-C TP
1442453237651677184,VP-C TP
1442250729662595074,VP-C TP
1442234773196316676,VP-C TP
1442211893012172802,VP-C TP
1442057086213529603,VP-C TP
1441742898102374409,VP-C TP
1441321537286467591,VP-C TP
1441320147667460099,VP-C TP
1441084353799286792,VP-C TP
1441047222775259141,VP-C TP
1441046883967848449,VP-C TP
1441046441074601989,VP-C TP
1440998285934829569,VP-C TP
1440966054755323904,VP-C TP
1440961759662288896,VP-C TP
1440931212718133248,VP-C TP
1440930009565306880,VP-C TP
1440673243912826895,VP-C TP
1440649491451826181,VP-C TP
1440578740824670219,VP-C TP
1440266494823125000,VP-C TP
1440215164293292037,VP-C TP
1440011686115692545,VP-C TP
1439396586988220420,VP-C TP
1439191192131055617,VP-C TP
1439152838794432513,VP-C TP
1438953757333676032,VP-C TP
1438796044704305157,VP-C TP
1438516434540187657,VP-C TP
1438453857194020871,VP-C TP
1438442329350803458,VP-C TP
1438432018593898502,VP-C TP
1438083400015953926,VP-C TP
1437791393250951169,VP-C TP
1437784329879441419,VP-C TP
1437714881445343232,VP-C TP
1437691517112623107,VP-C TP
1437166349181194241,VP-C TP
1437150401158172675,VP-C TP
1437146182954987523,VP-C TP
1437009472266907649,VP-C TP
1436998855476793345,VP-C TP
1436785848930947075,VP-C TP
1436779169061429249,VP-C TP
1436609082656542724,VP-C TP
1436497612463607943,VP-C TP
1436490806504927232,VP-C TP
1436489063805108228,VP-C TP
1436452537478127637,VP-C TP
1436422942414577667,VP-C TP
1436108591140835331,VP-C TP
1436103068005847042,VP-C TP
1436027947056574467,VP-C TP
1435629647560122372,VP-C TP
1435542046186647554,VP-C TP
1435507173132546050,VP-C TP
1435224218241744896,VP-C TP
1434904587769729024,VP-C TP
1434581804393156609,VP-C TP
1434183205775716355,VP-C TP
1434149263244660737,VP-C TP
1434105702260387843,VP-C TP
1433725004626210825,VP-C TP
1433400046956027906,VP-C TP
1433385890781569026,VP-C TP
1433088888965324803,VP-C TP
1433013357225910274,VP-C TP
1432665413817704455,VP-C TP
1432373810435608591,VP-C TP
1432326982432342022,VP-C TP
1432265876485586954,VP-C TP
1432035656272859140,VP-C TP
1432007936960778248,VP-C TP
1431987961508384769,VP-C TP
1431917595196809219,VP-C TP
1431724780433125378,VP-C TP
1431320205209313288,VP-C TP
1430852019145875464,VP-C TP
1429857284549713920,VP-C TP
1429726113388023809,VP-C TP
1429409446833307654,VP-C TP
1429056238080471044,VP-C TP
1428370248646938624,VP-C TP
1427933912714600448,VP-C TP
1427735166173290502,VP-C TP
1427659414153187336,VP-C TP
1427614522446057594,VP-C TP
1427613792209448964,VP-C TP
1427564279532773381,VP-C TP
1427557479492300805,VP-C TP
1427180778526543875,VP-C TP
1426898046458150916,VP-C TP
1426833774659112960,VP-C TP
1426828571239227392,VP-C TP
1426606901672955909,VP-C TP
1426605465480441868,VP-C TP
1426502887560159233,VP-C TP
1426501790741237761,VP-C TP
1425803626904231938,VP-C TP
1425781191102418946,VP-C TP
1425777774250319873,VP-C TP
1425547641765646344,VP-C TP
1425543465920876546,VP-C TP
1425214126457032704,VP-C TP
1421495948270882819,VP-C TP
1421476304814231557,VP-C TP
1467091940625764359,EA-NV TP
1470719440044056584,EH Bildu TP
1469371715079835650,EH Bildu TP
1468127726120976388,EH Bildu TP
1468126414457221128,EH Bildu TP
1468125325376770052,EH Bildu TP
1468125320901537795,EH Bildu TP
1466890064017821698,EH Bildu TP
1466856785592131588,EH Bildu TP
1465674783203418115,EH Bildu TP
1463822494637465601,EH Bildu TP
1458473912489099274,EH Bildu TP
1458473372376051714,EH Bildu TP
1457010679379017735,EH Bildu TP
1457003084622745601,EH Bildu TP
1456933288879300610,EH Bildu TP
1456922840192663553,EH Bildu TP
1452157045684199425,EH Bildu TP
1448597077974454280,EH Bildu TP
1447863465415217160,EH Bildu TP
1447834419260178432,EH Bildu TP
1447122430313566212,EH Bildu TP
1444196416813944833,EH Bildu TP
1443647276828745734,EH Bildu TP
1443534360909688834,EH Bildu TP
1443525947450433537,EH Bildu TP
1429814549553852424,EH Bildu TP
1476860890091823119,Mixto TP
1475943037259984907,Mixto TP
1475941534424084480,Mixto TP
1475939985375248395,Mixto TP
1474477623048871944,Mixto TP
1474050525817626631,Mixto TP
1472998683822247944,Mixto TP
1471887377937403909,Mixto TP
1471219514381582337,Mixto TP
1471206789119098880,Mixto TP
1471186329933389825,Mixto TP
1470898811589611533,Mixto TP
1470883174104317959,Mixto TP
1470452681747619842,Mixto TP
1468291758194925568,Mixto TP
1466409146585133058,Mixto TP
1466167648069238788,Mixto TP
1463985605952557060,Mixto TP
1463972204207611912,Mixto TP
1463858351998128144,Mixto TP
1463276576292933640,Mixto TP
1461368541672661000,Mixto TP
1460739741217968134,Mixto TP
1460676173256667142,Mixto TP
1460636083625025546,Mixto TP
1460604828846014465,Mixto TP
1460282950948474887,Mixto TP
1459508890509393925,Mixto TP
1459129848052465667,Mixto TP
1458849550395973635,Mixto TP
1458829011933618182,Mixto TP
1458827245456351237,Mixto TP
1458552167271436292,Mixto TP
1458496665132879878,Mixto TP
1457825214662909959,Mixto TP
1457720142759186433,Mixto TP
1457287048403066881,Mixto TP
1456369198452682758,Mixto TP
1455990643319263235,Mixto TP
1455522738966339589,Mixto TP
1454781026123882496,Mixto TP
1454031693497647110,Mixto TP
1453688123691618305,Mixto TP
1453621309439627265,Mixto TP
1453404421954621454,Mixto TP
1453092842734297102,Mixto TP
1452693628862795776,Mixto TP
1452315576643297289,Mixto TP
1451484211391746048,Mixto TP
1451307306512175106,Mixto TP
1450814429063532544,Mixto TP
1450520809353711618,Mixto TP
1450489805591269381,Mixto TP
1450409316909989888,Mixto TP
1450187801983700998,Mixto TP
1448577045966073860,Mixto TP
1448303394347700231,Mixto TP
1448301837103288321,Mixto TP
1447897778793889799,Mixto TP
1447505889179668481,Mixto TP
1447505394306277379,Mixto TP
1447505006261846023,Mixto TP
1447333606876237824,Mixto TP
1447332206389698564,Mixto TP
1446955725016686594,Mixto TP
1446225013938470918,Mixto TP
1446207549854949379,Mixto TP
1446204850765713418,Mixto TP
1446203212395069440,Mixto TP
1445813623960506369,Mixto TP
1442990835394613251,Mixto TP
1442657419474186243,Mixto TP
1441851464033333251,Mixto TP
1441700082617917441,Mixto TP
1441524510805610498,Mixto TP
1441133441567887362,Mixto TP
1440244097114001413,Mixto TP
1439277379554250757,Mixto TP
1438895814676520965,Mixto TP
1437407629890961410,Mixto TP
1437404020834975749,Mixto TP
1437308914824093696,Mixto TP
1436990787766587393,Mixto TP
1436664180560605184,Mixto TP
1436032365046939649,Mixto TP
1435908152197881856,Mixto TP
1435678856984334350,Mixto TP
1435666611306962946,Mixto TP
1435171464186040320,Mixto TP
1433700191585062934,Mixto TP
1432322025364901889,Mixto TP
1431344067431079945,Mixto TP
1430797537686982660,Mixto TP
1429961449007456256,Mixto TP
1429010446749683713,Mixto TP
1428989941707681794,Mixto TP
1428457798573113355,Mixto TP
1426176135629520898,Mixto TP
1425389263479246851,Mixto TP
1422159961501667329,Mixto TP
1474826713267855360,EP-IU TP
1474712901093138432,EP-IU TP
1474701903372169220,EP-IU TP
1474401965249646600,EP-IU TP
1474110441869778955,EP-IU TP
1474057678292983839,EP-IU TP
1474051227654795272,EP-IU TP
1474029491634720772,EP-IU TP
1473742364820836361,EP-IU TP
1473732562329772032,EP-IU TP
1473724512956993549,EP-IU TP
1473667883863580672,EP-IU TP
1473663801887059968,EP-IU TP
1473032431917744128,EP-IU TP
1473014254525730822,EP-IU TP
1472696944975921153,EP-IU TP
1472548603130531841,EP-IU TP
1472256898896478209,EP-IU TP
1472126650485727237,EP-IU TP
1471932919228899328,EP-IU TP
1471885275592900611,EP-IU TP
1471879713316614157,EP-IU TP
1471797761179897868,EP-IU TP
1471727647503888389,EP-IU TP
1471565962612809738,EP-IU TP
1471257878010990596,EP-IU TP
1471206185349136391,EP-IU TP
1470845346423181313,EP-IU TP
1470845146581319685,EP-IU TP
1470701114077110275,EP-IU TP
1470326448716238849,EP-IU TP
1469772982285385729,EP-IU TP
1469617541446352901,EP-IU TP
1469366818674556929,EP-IU TP
1469283651162710020,EP-IU TP
1469279154751291392,EP-IU TP
1469013050573438979,EP-IU TP
1469012454667702272,EP-IU TP
1468996220240683017,EP-IU TP
1468992842022408195,EP-IU TP
1468970813512577031,EP-IU TP
1468970265916760066,EP-IU TP
1468968606222323712,EP-IU TP
1468557652393447429,EP-IU TP
1468557340064600065,EP-IU TP
1468314636147699713,EP-IU TP
1467918048422203397,EP-IU TP
1467773709436006402,EP-IU TP
1467573683665448962,EP-IU TP
1467217243348082697,EP-IU TP
1467067216407506945,EP-IU TP
1466844038502436877,EP-IU TP
1466805128925786120,EP-IU TP
1466721256527568901,EP-IU TP
1466495211924766720,EP-IU TP
1466473417696284678,EP-IU TP
1466472569146642432,EP-IU TP
1466467739950800911,EP-IU TP
1466158048314073092,EP-IU TP
1466125361603911680,EP-IU TP
1465713840168091650,EP-IU TP
1465413457419845635,EP-IU TP
1465401498339270676,EP-IU TP
1465375172458950666,EP-IU TP
1465361856147730440,EP-IU TP
1465361258895622147,EP-IU TP
1465240458720956419,EP-IU TP
1464871051696001026,EP-IU TP
1464666337368756231,EP-IU TP
1464527492308475904,EP-IU TP
1464488518571503619,EP-IU TP
1464331762868314112,EP-IU TP
1464126858287538185,EP-IU TP
1464012771297832966,EP-IU TP
1463978188959367168,EP-IU TP
1463969531773206528,EP-IU TP
1463586852565405696,EP-IU TP
1463583832570052616,EP-IU TP
1463583161405870097,EP-IU TP
1463581571945017355,EP-IU TP
1463491915572289536,EP-IU TP
1463449028482506752,EP-IU TP
1463444472021360640,EP-IU TP
1463402054198702084,EP-IU TP
1463124437784485898,EP-IU TP
1463124297501843458,EP-IU TP
1463124227796709379,EP-IU TP
1462755631136489476,EP-IU TP
1462753478447611905,EP-IU TP
1462075820571299847,EP-IU TP
1462068060752334854,EP-IU TP
1462019987284054024,EP-IU TP
1461976700670128130,EP-IU TP
1461757803190796292,EP-IU TP
1461748802268934152,EP-IU TP
1461748790013186056,EP-IU TP
1461579891967774721,EP-IU TP
1461239621749256192,EP-IU TP
1461082400079945735,EP-IU TP
1461081665577664523,EP-IU TP
1460732441954603009,EP-IU TP
1460660740914876427,EP-IU TP
1460352463362576386,EP-IU TP
1460278333304934405,EP-IU TP
1459901256345034754,EP-IU TP
1459866168878149635,EP-IU TP
1459828716943646723,EP-IU TP
1459579621612081159,EP-IU TP
1459578358384275463,EP-IU TP
1459578351312642055,EP-IU TP
1459439876160512001,EP-IU TP
1459427671906168832,EP-IU TP
1459089478438559754,EP-IU TP
1458562514220949508,EP-IU TP
1458557972305559554,EP-IU TP
1458476223475167235,EP-IU TP
1457302901261545478,EP-IU TP
1457301090794364932,EP-IU TP
1457300293524336641,EP-IU TP
1457002800458706945,EP-IU TP
1456719238144659460,EP-IU TP
1456348487176663045,EP-IU TP
1456346775531540481,EP-IU TP
1456345754730123265,EP-IU TP
1456334263515766788,EP-IU TP
1456328500995100679,EP-IU TP
1456247741122850820,EP-IU TP
1456203654776643589,EP-IU TP
1456162283206348801,EP-IU TP
1455898170190348289,EP-IU TP
1455797112059449352,EP-IU TP
1455574723958607873,EP-IU TP
1455270781190037505,EP-IU TP
1455265425202290695,EP-IU TP
1455252498432790528,EP-IU TP
1455192585354481668,EP-IU TP
1454894996574851073,EP-IU TP
1454496034672058372,EP-IU TP
1454370475883352064,EP-IU TP
1454111111469469701,EP-IU TP
1454088992400498694,EP-IU TP
1453767148208275459,EP-IU TP
1453762446028595208,EP-IU TP
1453614827868508165,EP-IU TP
1453466098351935497,EP-IU TP
1453396412683718669,EP-IU TP
1453282241237430290,EP-IU TP
1452899221674283008,EP-IU TP
1452604227524648964,EP-IU TP
1452003637539004427,EP-IU TP
1451860649705869320,EP-IU TP
1451859947893972995,EP-IU TP
1451586697611943953,EP-IU TP
1451579010652295168,EP-IU TP
1451235068693864448,EP-IU TP
1451234766590730246,EP-IU TP
1451204477059543041,EP-IU TP
1451071142719070214,EP-IU TP
1450933488648085508,EP-IU TP
1450931071026188290,EP-IU TP
1450842268001259521,EP-IU TP
1450842262066323463,EP-IU TP
1450842256240517123,EP-IU TP
1450840063672193031,EP-IU TP
1450715207513300993,EP-IU TP
1450538117727928324,EP-IU TP
1450097454486102019,EP-IU TP
1450056595979788294,EP-IU TP
1450000484631302145,EP-IU TP
1449838838952693762,EP-IU TP
1449812151984660484,EP-IU TP
1449363690734632974,EP-IU TP
1449328828636188672,EP-IU TP
1449016804517552129,EP-IU TP
1448959060481560579,EP-IU TP
1448932610521108481,EP-IU TP
1448727745060646917,EP-IU TP
1448725073418985474,EP-IU TP
1448724778668511235,EP-IU TP
1448627713791643655,EP-IU TP
1448614730810208256,EP-IU TP
1448565978766397440,EP-IU TP
1448539907828424704,EP-IU TP
1448350326680166407,EP-IU TP
1448330170490839041,EP-IU TP
1447878702084378626,EP-IU TP
1446958765190877194,EP-IU TP
1446463315501256736,EP-IU TP
1446445107423678466,EP-IU TP
1446388365167845406,EP-IU TP
1446026347499991041,EP-IU TP
1445776606031609857,EP-IU TP
1445688518328549381,EP-IU TP
1445481018345984002,EP-IU TP
1445438284684042241,EP-IU TP
1445438281722867719,EP-IU TP
1445350653723873280,EP-IU TP
1444224932825681923,EP-IU TP
1443971970270441472,EP-IU TP
1443847114845532179,EP-IU TP
1443678749619261449,EP-IU TP
1443668065640718345,EP-IU TP
1443646673947873286,EP-IU TP
1443566223585955847,EP-IU TP
1443324024055123968,EP-IU TP
1443228517974618121,EP-IU TP
1443122428411056129,EP-IU TP
1442850848221147137,EP-IU TP
1442817855498633216,EP-IU TP
1442814014720024576,EP-IU TP
1442812104290013186,EP-IU TP
1442614672302096384,EP-IU TP
1442467983494983682,EP-IU TP
1442366763199574021,EP-IU TP
1442365641135169537,EP-IU TP
1441098755860693003,EP-IU TP
1441098499680980993,EP-IU TP
1441008054431006722,EP-IU TP
1441004935030743040,EP-IU TP
1440970345679396870,EP-IU TP
1440721178235052033,EP-IU TP
1440624236138156035,EP-IU TP
1440370707909599239,EP-IU TP
1439949796614230018,EP-IU TP
1439633962213822464,EP-IU TP
1439613895275069447,EP-IU TP
1439334198695837698,EP-IU TP
1439327196309512202,EP-IU TP
1438957128992047108,EP-IU TP
1438953164653404165,EP-IU TP
1438912226493095946,EP-IU TP
1438556208198258689,EP-IU TP
1438529704957394944,EP-IU TP
1438507544490643459,EP-IU TP
1438440537288237060,EP-IU TP
1438238591331799044,EP-IU TP
1438237596652613633,EP-IU TP
1438237081415913475,EP-IU TP
1438237013912825859,EP-IU TP
1438236215514476551,EP-IU TP
1438235280524390400,EP-IU TP
1438203448781115397,EP-IU TP
1438131868696727556,EP-IU TP
1437838667800846343,EP-IU TP
1437828669544804354,EP-IU TP
1437826443120201740,EP-IU TP
1437826339713728520,EP-IU TP
1437781403253489665,EP-IU TP
1437780168463028228,EP-IU TP
1437762258269097985,EP-IU TP
1437705659353600004,EP-IU TP
1437704835890040832,EP-IU TP
1437498742693900288,EP-IU TP
1436686891651420169,EP-IU TP
1436668384410750993,EP-IU TP
1436662534778597381,EP-IU TP
1436645544483491841,EP-IU TP
1436641724177264642,EP-IU TP
1436328237299273733,EP-IU TP
1436327089616130048,EP-IU TP
1436229814583705600,EP-IU TP
1436009942796935169,EP-IU TP
1435981416580403201,EP-IU TP
1435867534570528769,EP-IU TP
1435650991286853638,EP-IU TP
1435607696812740618,EP-IU TP
1435581153331798020,EP-IU TP
1435580753174310917,EP-IU TP
1435567451069091840,EP-IU TP
1435537677533818880,EP-IU TP
1435215985557004288,EP-IU TP
1435215206892937218,EP-IU TP
1434928890632359943,EP-IU TP
1434926410775289869,EP-IU TP
1434923327169171458,EP-IU TP
1434920712758833153,EP-IU TP
1434875493325680642,EP-IU TP
1433925896319156232,EP-IU TP
1433921397122813959,EP-IU TP
1433763761836470273,EP-IU TP
1433757425224540184,EP-IU TP
1433401181871747077,EP-IU TP
1433377512726401026,EP-IU TP
1433107407530565639,EP-IU TP
1433106809443717122,EP-IU TP
1433028310548766720,EP-IU TP
1433019465499824135,EP-IU TP
1432993765405470729,EP-IU TP
1432986503572033537,EP-IU TP
1432755427826143237,EP-IU TP
1432701218447675400,EP-IU TP
1432298949642162181,EP-IU TP
1431717896963690502,EP-IU TP
1431339231872434177,EP-IU TP
1431158218890387459,EP-IU TP
1431013374398246917,EP-IU TP
1430920156931403777,EP-IU TP
1430917087732568065,EP-IU TP
1430541708689821699,EP-IU TP
1430259404750925825,EP-IU TP
1430258449854738438,EP-IU TP
1429907789086867460,EP-IU TP
1429825087981694976,EP-IU TP
1428703225499332614,EP-IU TP
1428637843480588292,EP-IU TP
1428384734581768192,EP-IU TP
1428372971530432518,EP-IU TP
1428359303644160000,EP-IU TP
1428358918137253895,EP-IU TP
1428346242787155972,EP-IU TP
1428345992252899329,EP-IU TP
1428102928972255233,EP-IU TP
1427981377211863047,EP-IU TP
1427976890162221060,EP-IU TP
1427726773807165449,EP-IU TP
1427719351050907654,EP-IU TP
1427718004838703113,EP-IU TP
1427674418101293067,EP-IU TP
1427368368676429832,EP-IU TP
1427367872419016714,EP-IU TP
1427280796482682880,EP-IU TP
1427271302289690631,EP-IU TP
1427247276733386755,EP-IU TP
1426867014547738628,EP-IU TP
1426799205104893954,EP-IU TP
1426607579644452870,EP-IU TP
1426585541005414404,EP-IU TP
1426545917075800067,EP-IU TP
1426543438753828864,EP-IU TP
1426534132352438278,EP-IU TP
1426229336235991047,EP-IU TP
1425880908456943619,EP-IU TP
1425864074722689040,EP-IU TP
1425856067225915398,EP-IU TP
1425854172335910914,EP-IU TP
1425816619427667973,EP-IU TP
1425521671163764748,EP-IU TP
1425495643229986816,EP-IU TP
1425495359216881666,EP-IU TP
1425494837227311106,EP-IU TP
1425393033911144452,EP-IU TP
1425183572948836357,EP-IU TP
1425180114225180675,EP-IU TP
1424478771810275333,EP-IU TP
1424469364699508743,EP-IU TP
1424469362283630593,EP-IU TP
1424468003731742724,EP-IU TP
1424373335497089034,EP-IU TP
1424095395441938432,EP-IU TP
1424094853412139011,EP-IU TP
1423946215620763650,EP-IU TP
1423781238729498624,EP-IU TP
1423558211156725764,EP-IU TP
1423557062898954245,EP-IU TP
1423377824858230788,EP-IU TP
1423376358261002240,EP-IU TP
1423306386805600257,EP-IU TP
1423306019397120001,EP-IU TP
1423191541053538304,EP-IU TP
1423016901727461379,EP-IU TP
1423008736902275079,EP-IU TP
1422824287451365378,EP-IU TP
1422605001906704388,EP-IU TP
1422602524121608192,EP-IU TP
1422579667605852164,EP-IU TP
1421956017877929988,EP-IU TP
1421873923604504581,EP-IU TP
1421849097309413381,EP-IU TP
1421523709500739587,EP-IU TP
1421418553107009537,EP-IU TP
1476985071315861506,EH Bildu TP
1476844329150947329,EH Bildu TP
1476843611841089552,EH Bildu TP
1476833769772535817,EH Bildu TP
1476679027595350019,EH Bildu TP
1476675248267399177,EH Bildu TP
1476656353846472704,EH Bildu TP
1476565957141278724,EH Bildu TP
1476529783102226437,EH Bildu TP
1475889049466511363,EH Bildu TP
1475836566039900168,EH Bildu TP
1475835274349395970,EH Bildu TP
1475810046814695434,EH Bildu TP
1475745604072579077,EH Bildu TP
1475372567980617729,EH Bildu TP
1475249423533887493,EH Bildu TP
1475203029272088581,EH Bildu TP
1475117018856701963,EH Bildu TP
1475111307191803908,EH Bildu TP
1475092855865675784,EH Bildu TP
1475067564577406980,EH Bildu TP
1475043632914780168,EH Bildu TP
1475040881187168263,EH Bildu TP
1475008886000304132,EH Bildu TP
1474774040804044811,EH Bildu TP
1474671680433840136,EH Bildu TP
1474669021245153282,EH Bildu TP
1474667956156178435,EH Bildu TP
1474667145195933696,EH Bildu TP
1474293833320083456,EH Bildu TP
1474275583173484544,EH Bildu TP
1474273942147850263,EH Bildu TP
1474269523993935881,EH Bildu TP
1474019338520772618,EH Bildu TP
1473952442127687693,EH Bildu TP
1473939444692627460,EH Bildu TP
1473570990177275909,EH Bildu TP
1473555235159396355,EH Bildu TP
1473399634882142208,EH Bildu TP
1473286170511560712,EH Bildu TP
1473269872369020930,EH Bildu TP
1473025398724341764,EH Bildu TP
1473022956309778436,EH Bildu TP
1473021028175646720,EH Bildu TP
1473019811110297606,EH Bildu TP
1473015100529328141,EH Bildu TP
1472912159625646083,EH Bildu TP
1472673571881291789,EH Bildu TP
1472664357943357442,EH Bildu TP
1472568422630309888,EH Bildu TP
1472545210374803466,EH Bildu TP
1472540854199926785,EH Bildu TP
1472535552692047872,EH Bildu TP
1472534914549653505,EH Bildu TP
1472517328889917443,EH Bildu TP
1472263177605984259,EH Bildu TP
1472113063566454791,EH Bildu TP
1472109580721262592,EH Bildu TP
1472098996063813635,EH Bildu TP
1471969683712532481,EH Bildu TP
1471791277180133379,EH Bildu TP
1471742565833707524,EH Bildu TP
1471738047800741893,EH Bildu TP
1471588055685505030,EH Bildu TP
1471573412749447175,EH Bildu TP
1471493383969402886,EH Bildu TP
1471493128452390912,EH Bildu TP
1471492902903693318,EH Bildu TP
1471477875400491011,EH Bildu TP
1471136833195102215,EH Bildu TP
1471134786668437504,EH Bildu TP
1471133068287254535,EH Bildu TP
1471053870700838920,EH Bildu TP
1470795614342598662,EH Bildu TP
1470779930103406605,EH Bildu TP
1470763531427590154,EH Bildu TP
1470497347591446535,EH Bildu TP
1470496468960256004,EH Bildu TP
1470403008735363076,EH Bildu TP
1470402868763148297,EH Bildu TP
1470101877824053254,EH Bildu TP
1470070326507806733,EH Bildu TP
1469997572668416000,EH Bildu TP
1469982060966260740,EH Bildu TP
1469729202630975492,EH Bildu TP
1469721025789239299,EH Bildu TP
1469652081174884356,EH Bildu TP
1469640416031092739,EH Bildu TP
1469637398506221568,EH Bildu TP
1469633593999863813,EH Bildu TP
1469626249274601473,EH Bildu TP
1469616775683883012,EH Bildu TP
1469608038134861829,EH Bildu TP
1469606636373385216,EH Bildu TP
1469267535669432324,EH Bildu TP
1469265061919268867,EH Bildu TP
1469232479924105220,EH Bildu TP
1469228887775358978,EH Bildu TP
1469189365205450754,EH Bildu TP
1469037794672709634,EH Bildu TP
1469019368239607825,EH Bildu TP
1469009999036825614,EH Bildu TP
1469009471858954240,EH Bildu TP
1469007179059503108,EH Bildu TP
1468991192817938432,EH Bildu TP
1468981970801729536,EH Bildu TP
1468975043954814977,EH Bildu TP
1468971370964869121,EH Bildu TP
1468970223613059082,EH Bildu TP
1468953485412429826,EH Bildu TP
1468921139242192900,EH Bildu TP
1468907343186468867,EH Bildu TP
1468693881688580101,EH Bildu TP
1468681588443652099,EH Bildu TP
1468509245100412930,EH Bildu TP
1468500968635572226,EH Bildu TP
1468488182937399300,EH Bildu TP
1468285116061466632,EH Bildu TP
1468260920010936320,EH Bildu TP
1468146343839518721,EH Bildu TP
1467562661047156739,EH Bildu TP
1467524304858501125,EH Bildu TP
1467508894503251972,EH Bildu TP
1467483337346498561,EH Bildu TP
1467467861287477255,EH Bildu TP
1467444348300275714,EH Bildu TP
1467411777625468928,EH Bildu TP
1467395920052559872,EH Bildu TP
1467182754668462082,EH Bildu TP
1466905040594026497,EH Bildu TP
1466891135683796992,EH Bildu TP
1466885215591321600,EH Bildu TP
1466875820392202245,EH Bildu TP
1466875522890321929,EH Bildu TP
1466870599167483912,EH Bildu TP
1466857095861575694,EH Bildu TP
1466807779755241473,EH Bildu TP
1466807659026432005,EH Bildu TP
1466803820374155272,EH Bildu TP
1466774535886286852,EH Bildu TP
1466756162880163846,EH Bildu TP
1466753434712002564,EH Bildu TP
1466753143979581452,EH Bildu TP
1466748383629090817,EH Bildu TP
1466746635661283333,EH Bildu TP
1466745990585667585,EH Bildu TP
1466744672580214796,EH Bildu TP
1466734930390659078,EH Bildu TP
1466724319359385606,EH Bildu TP
1466694125688864771,EH Bildu TP
1466681215486939137,EH Bildu TP
1466677964720988163,EH Bildu TP
1466677291497447425,EH Bildu TP
1466666293877035011,EH Bildu TP
1466553211901419520,EH Bildu TP
1466536643859415041,EH Bildu TP
1466532686609235978,EH Bildu TP
1466531323514736642,EH Bildu TP
1466530209981599747,EH Bildu TP
1466529754182524934,EH Bildu TP
1466526065682231302,EH Bildu TP
1466447258577158155,EH Bildu TP
1466436188508721157,EH Bildu TP
1466434068803956736,EH Bildu TP
1466385145796173829,EH Bildu TP
1466384364539940866,EH Bildu TP
1466130520190902282,EH Bildu TP
1466121097070489601,EH Bildu TP
1466109434485161984,EH Bildu TP
1466107768876720129,EH Bildu TP
1466065587768119296,EH Bildu TP
1466060348390268929,EH Bildu TP
1465659138986364928,EH Bildu TP
1465640790517035008,EH Bildu TP
1465628781243244545,EH Bildu TP
1465400708723847174,EH Bildu TP
1465385828704829440,EH Bildu TP
1465384039137873926,EH Bildu TP
1465375116582338563,EH Bildu TP
1465356599539769345,EH Bildu TP
1464984429940678665,EH Bildu TP
1464956194397868040,EH Bildu TP
1464956022515060737,EH Bildu TP
1464954296500371459,EH Bildu TP
1464953050754428930,EH Bildu TP
1464951358818328579,EH Bildu TP
1464950437681975304,EH Bildu TP
1464946461301518346,EH Bildu TP
1464936657661136903,EH Bildu TP
1464929341557649417,EH Bildu TP
1464925045977927684,EH Bildu TP
1464923646942748675,EH Bildu TP
1464727592574111749,EH Bildu TP
1464527342634782729,EH Bildu TP
1464526505447510022,EH Bildu TP
1464217522740338693,EH Bildu TP
1464202457215643651,EH Bildu TP
1463860011109650437,EH Bildu TP
1463663301808766976,EH Bildu TP
1463523414304509953,EH Bildu TP
1463475566418530323,EH Bildu TP
1463440132690878468,EH Bildu TP
1463261411593924616,EH Bildu TP
1463255380256034823,EH Bildu TP
1463102179523411979,EH Bildu TP
1463089529724751878,EH Bildu TP
1463077447478480897,EH Bildu TP
1463075392034676738,EH Bildu TP
1463052773352738820,EH Bildu TP
1462708918619148296,EH Bildu TP
1462690935440093191,EH Bildu TP
1462529306798829571,EH Bildu TP
1462394107922370560,EH Bildu TP
1462313505047121924,EH Bildu TP
1462162612666441731,EH Bildu TP
1462156856743374855,EH Bildu TP
1462146867240869899,EH Bildu TP
1462118572143136771,EH Bildu TP
1462114968170639366,EH Bildu TP
1462103898462769153,EH Bildu TP
1461987250124820483,EH Bildu TP
1461747492119367684,EH Bildu TP
1461680289630072834,EH Bildu TP
1461634738305839108,EH Bildu TP
1461235999552507909,EH Bildu TP
1461234417821704193,EH Bildu TP
1461072558325960705,EH Bildu TP
1460899047968055300,EH Bildu TP
1460898748977057792,EH Bildu TP
1460619528115830793,EH Bildu TP
1460619204395208712,EH Bildu TP
1459648803716354048,EH Bildu TP
1459605248050446341,EH Bildu TP
1459526761377583104,EH Bildu TP
1459516715486875659,EH Bildu TP
1459479530444312578,EH Bildu TP
1459441522240372740,EH Bildu TP
1459440653906157568,EH Bildu TP
1459439539634814985,EH Bildu TP
1459438718796939265,EH Bildu TP
1459438079236784131,EH Bildu TP
1459437099770331139,EH Bildu TP
1459202489484558346,EH Bildu TP
1459201697226665994,EH Bildu TP
1459200196836048899,EH Bildu TP
1459195611824238597,EH Bildu TP
1459181612478906373,EH Bildu TP
1459142112650448899,EH Bildu TP
1459087418729107458,EH Bildu TP
1458754438936543233,EH Bildu TP
1458207874426023936,EH Bildu TP
1458157442467082243,EH Bildu TP
1458154925985202178,EH Bildu TP
1458120004159823881,EH Bildu TP
1458098508783890443,EH Bildu TP
1458097184046465024,EH Bildu TP
1458070489943969794,EH Bildu TP
1458055654153797636,EH Bildu TP
1458003142000381955,EH Bildu TP
1457973958666559490,EH Bildu TP
1457800554487300098,EH Bildu TP
1457793166447316994,EH Bildu TP
1457773956266483712,EH Bildu TP
1457756356480483331,EH Bildu TP
1457707189305585672,EH Bildu TP
1457673100456304640,EH Bildu TP
1457668845372682245,EH Bildu TP
1457623887148167172,EH Bildu TP
1457622281379848193,EH Bildu TP
1457621099248750592,EH Bildu TP
1457608039201181696,EH Bildu TP
1457438646626357253,EH Bildu TP
1457430133275512832,EH Bildu TP
1457404079349637126,EH Bildu TP
1457352626249605127,EH Bildu TP
1457327064755974144,EH Bildu TP
1457325425722630155,EH Bildu TP
1457315128072970249,EH Bildu TP
1457306395083165703,EH Bildu TP
1457261215336615937,EH Bildu TP
1457057541112881155,EH Bildu TP
1457014189097160712,EH Bildu TP
1456990062114136073,EH Bildu TP
1456981881308782601,EH Bildu TP
1456969047602520068,EH Bildu TP
1456966868347072514,EH Bildu TP
1456925352857686017,EH Bildu TP
1456925250373959681,EH Bildu TP
1456923152534155269,EH Bildu TP
1456901621166845953,EH Bildu TP
1456881941735686145,EH Bildu TP
1456880780551020544,EH Bildu TP
1456880199602249731,EH Bildu TP
1456873895018045445,EH Bildu TP
1456721264723341322,EH Bildu TP
1456657966577463296,EH Bildu TP
1456656960431050755,EH Bildu TP
1456635308255109124,EH Bildu TP
1456630678414675979,EH Bildu TP
1456630050967674897,EH Bildu TP
1456530214104801301,EH Bildu TP
1456419309094379527,EH Bildu TP
1456383665064321026,EH Bildu TP
1456373491683545093,EH Bildu TP
1456274325745643520,EH Bildu TP
1456237177243938816,EH Bildu TP
1456231570302459908,EH Bildu TP
1456203472995590144,EH Bildu TP
1456202515150778374,EH Bildu TP
1456196863653187586,EH Bildu TP
1456194081399447552,EH Bildu TP
1456187351118585860,EH Bildu TP
1455949228031741961,EH Bildu TP
1455939148272046084,EH Bildu TP
1455929494972379138,EH Bildu TP
1455924491784183809,EH Bildu TP
1455874225055715331,EH Bildu TP
1455647551709929481,EH Bildu TP
1455646876888408070,EH Bildu TP
1455644883071422479,EH Bildu TP
1455531684527497237,EH Bildu TP
1455202969574592518,EH Bildu TP
1455202358259064833,EH Bildu TP
1455098874834653186,EH Bildu TP
1455088203585757187,EH Bildu TP
1455083195309993987,EH Bildu TP
1455081665513017349,EH Bildu TP
1454928432651980801,EH Bildu TP
1454514418579034117,EH Bildu TP
1454513634768560131,EH Bildu TP
1454386500624429064,EH Bildu TP
1454382991292223490,EH Bildu TP
1453602242649546759,EH Bildu TP
1453359076528721928,EH Bildu TP
1453345879713329163,EH Bildu TP
1453343720770883584,EH Bildu TP
1453341310241361921,EH Bildu TP
1453315828192002050,EH Bildu TP
1453304091845799938,EH Bildu TP
1453299575037562893,EH Bildu TP
1453243138462584839,EH Bildu TP
1453109363346903044,EH Bildu TP
1453090841111769094,EH Bildu TP
1453086798725455879,EH Bildu TP
1453004997210300429,EH Bildu TP
1452989958499840007,EH Bildu TP
1452942798714441736,EH Bildu TP
1452728698814312448,EH Bildu TP
1452715623390265352,EH Bildu TP
1452713019516063744,EH Bildu TP
1452712912007663624,EH Bildu TP
1452711078534733830,EH Bildu TP
1452694844166610949,EH Bildu TP
1452677940655935507,EH Bildu TP
1452657495525269517,EH Bildu TP
1452655900112588805,EH Bildu TP
1452625399339438085,EH Bildu TP
1452603102146830343,EH Bildu TP
1452554979462504453,EH Bildu TP
1452303158567481363,EH Bildu TP
1452301646709628946,EH Bildu TP
1452265327765635079,EH Bildu TP
1451974111840833537,EH Bildu TP
1451958455724658697,EH Bildu TP
1451930661703634952,EH Bildu TP
1451918548020912131,EH Bildu TP
1451915765427449859,EH Bildu TP
1451898464992960524,EH Bildu TP
1451894352096206860,EH Bildu TP
1451831185978580993,EH Bildu TP
1451818081542709249,EH Bildu TP
1451278432663482370,EH Bildu TP
1451251450718339078,EH Bildu TP
1451244047507599374,EH Bildu TP
1451229203635097607,EH Bildu TP
1451226455686385665,EH Bildu TP
1451214898965458951,EH Bildu TP
1451214453639364609,EH Bildu TP
1451208100548071427,EH Bildu TP
1451205772604489737,EH Bildu TP
1451198330374012936,EH Bildu TP
1451197216656220164,EH Bildu TP
1451116538082340867,EH Bildu TP
1451112903701114882,EH Bildu TP
1450899647900397574,EH Bildu TP
1450779426837385223,EH Bildu TP
1450778360548823040,EH Bildu TP
1450771669073731586,EH Bildu TP
1450770888945766403,EH Bildu TP
1450411296437022720,EH Bildu TP
1450406930913058820,EH Bildu TP
1450396690125664256,EH Bildu TP
1450203451900801027,EH Bildu TP
1449800528230223874,EH Bildu TP
1449799421093371907,EH Bildu TP
1449776436177420292,EH Bildu TP
1449740565835358209,EH Bildu TP
1449739269946413061,EH Bildu TP
1449738939619811329,EH Bildu TP
1449718998497628160,EH Bildu TP
1449718362649645057,EH Bildu TP
1449431862343049219,EH Bildu TP
1449244527261278208,EH Bildu TP
1448980858745016321,EH Bildu TP
1448979579377524744,EH Bildu TP
1448922846353412096,EH Bildu TP
1448916897110675466,EH Bildu TP
1448915338469560341,EH Bildu TP
1448904132073492480,EH Bildu TP
1448782163009212421,EH Bildu TP
1448775382455529472,EH Bildu TP
1448768955515080706,EH Bildu TP
1448755372559319046,EH Bildu TP
1448753124030795780,EH Bildu TP
1448699828834287621,EH Bildu TP
1448637277803061249,EH Bildu TP
1448636675647758339,EH Bildu TP
1448595612090441734,EH Bildu TP
1448593411922137093,EH Bildu TP
1448586195089379331,EH Bildu TP
1448374559401467906,EH Bildu TP
1448341448554860553,EH Bildu TP
1448306984164466699,EH Bildu TP
1448305372431781890,EH Bildu TP
1448254284596920321,EH Bildu TP
1448248061038407681,EH Bildu TP
1447840029406121987,EH Bildu TP
1447616542145908737,EH Bildu TP
1446604963556347913,EH Bildu TP
1446603774861139968,EH Bildu TP
1446589975080972289,EH Bildu TP
1446589258790277128,EH Bildu TP
1446584753445130241,EH Bildu TP
1446582172551417860,EH Bildu TP
1446581159425609737,EH Bildu TP
1446578983898959872,EH Bildu TP
1446565368290480129,EH Bildu TP
1446551252977000449,EH Bildu TP
1446543038805905428,EH Bildu TP
1446527195942461478,EH Bildu TP
1446478517034799105,EH Bildu TP
1446475127294767108,EH Bildu TP
1446474847194857475,EH Bildu TP
1446372045965701145,EH Bildu TP
1446365211938729991,EH Bildu TP
1446364051345453086,EH Bildu TP
1446363470438543383,EH Bildu TP
1446355498157158404,EH Bildu TP
1446355360730787856,EH Bildu TP
1446341445674283019,EH Bildu TP
1446234200525377542,EH Bildu TP
1446184802625851417,EH Bildu TP
1446181029471920128,EH Bildu TP
1446087805164269572,EH Bildu TP
1445500973271556097,EH Bildu TP
1445500944481988608,EH Bildu TP
1445371018206400516,EH Bildu TP
1445356781480333324,EH Bildu TP
1445355993093877760,EH Bildu TP
1445337125705109504,EH Bildu TP
1445051490305982466,EH Bildu TP
1444941117858922498,EH Bildu TP
1444561320318210049,EH Bildu TP
1443897240674783236,EH Bildu TP
1443843617232203778,EH Bildu TP
1443550315962408960,EH Bildu TP
1443458557337292802,EH Bildu TP
1443220570259263494,EH Bildu TP
1443154317373067267,EH Bildu TP
1443131038172069889,EH Bildu TP
1443118037142589443,EH Bildu TP
1442964237492445187,EH Bildu TP
1442959388713623553,EH Bildu TP
1442830845174222848,EH Bildu TP
1442812601382182914,EH Bildu TP
1440730774878048256,EH Bildu TP
1440694010083897352,EH Bildu TP
1440691314790592534,EH Bildu TP
1440685852250673157,EH Bildu TP
1440628309524561937,EH Bildu TP
1440394039266721795,EH Bildu TP
1439145306428411905,EH Bildu TP
1439104957035257857,EH Bildu TP
1438968304660533250,EH Bildu TP
1438802972465635332,EH Bildu TP
1438465671491379201,EH Bildu TP
1438453231215054854,EH Bildu TP
1438435127118503937,EH Bildu TP
1438179140386107400,EH Bildu TP
1438110002879860741,EH Bildu TP
1437895134641856520,EH Bildu TP
1437889984816631812,EH Bildu TP
1437880001282588673,EH Bildu TP
1437877968450228227,EH Bildu TP
1437876512997486596,EH Bildu TP
1437874926531366919,EH Bildu TP
1437874275126480907,EH Bildu TP
1437873690511872002,EH Bildu TP
1437873181130428420,EH Bildu TP
1437871746103787521,EH Bildu TP
1437871122322804736,EH Bildu TP
1437870256224182277,EH Bildu TP
1437869751162789889,EH Bildu TP
1437869199385317384,EH Bildu TP
1437862582392606724,EH Bildu TP
1437849908351021058,EH Bildu TP
1437846394321219592,EH Bildu TP
1437844436915003393,EH Bildu TP
1437843993254105088,EH Bildu TP
1437816744735817735,EH Bildu TP
1437814171962335235,EH Bildu TP
1437809449960452099,EH Bildu TP
1437476229066731522,EH Bildu TP
1437457327158964230,EH Bildu TP
1437360203259863044,EH Bildu TP
1437315357186961409,EH Bildu TP
1437312590636470277,EH Bildu TP
1437310077124300805,EH Bildu TP
1437302524160184323,EH Bildu TP
1437119118306684929,EH Bildu TP
1437117364416524289,EH Bildu TP
1437114332240826369,EH Bildu TP
1437101798356094976,EH Bildu TP
1436817885406576641,EH Bildu TP
1436657817537163269,EH Bildu TP
1436355069851676672,EH Bildu TP
1436349280294510592,EH Bildu TP
1435596448700190728,EH Bildu TP
1435595470382977030,EH Bildu TP
1435530898938728451,EH Bildu TP
1435529885209042948,EH Bildu TP
1435349322518913033,EH Bildu TP
1434903512375128070,EH Bildu TP
1434902184798400519,EH Bildu TP
1434846881566367746,EH Bildu TP
1434842991299108868,EH Bildu TP
1434841032907272195,EH Bildu TP
1434795470979731463,EH Bildu TP
1433861124756287498,EH Bildu TP
1433770603375480833,EH Bildu TP
1433754636155035650,EH Bildu TP
1433094135582543874,EH Bildu TP
1432785120864374785,EH Bildu TP
1432785020612132873,EH Bildu TP
1432256014523510787,EH Bildu TP
1432255208634073088,EH Bildu TP
1432242815623438337,EH Bildu TP
1432026301280530437,EH Bildu TP
1431972413865144322,EH Bildu TP
1431972219446603778,EH Bildu TP
1431936018429710337,EH Bildu TP
1431935869741588480,EH Bildu TP
1431910753880190976,EH Bildu TP
1431738971797790730,EH Bildu TP
1431736113769689107,EH Bildu TP
1431358661784391689,EH Bildu TP
1431279627368951811,EH Bildu TP
1431278780820205570,EH Bildu TP
1431274831576805376,EH Bildu TP
1431271024516030465,EH Bildu TP
1430868056557957120,EH Bildu TP
1430474508243189762,EH Bildu TP
1430152464406360068,EH Bildu TP
1430112326787731459,EH Bildu TP
1430112317790957576,EH Bildu TP
1430112314435506176,EH Bildu TP
1430112311759548416,EH Bildu TP
1430112304138498055,EH Bildu TP
1430112294625816607,EH Bildu TP
1430112285222187022,EH Bildu TP
1430112281573142533,EH Bildu TP
1430112273637445633,EH Bildu TP
1429703722414772229,EH Bildu TP
1429700655690747906,EH Bildu TP
1428977207905439749,EH Bildu TP
1428969525559574530,EH Bildu TP
1425535295357964290,EH Bildu TP
1424766391920566275,EH Bildu TP
1424726149431693313,EH Bildu TP
1470999855157940226,EH Bildu TP
1466138115601571846,EH Bildu TP
1462132642699259906,EH Bildu TP
1462106815328624653,EH Bildu TP
1461433105760362502,EH Bildu TP
1448974332282216458,EH Bildu TP
1471901551853813765,SV-ES TP
1461997716893020171,SV-ES TP
1447177202630631425,SV-ES TP
1445645902379556868,SV-ES TP
1438552830638501895,SV-ES TP
1438423138715459585,SV-ES TP
1437360688725385223,SV-ES TP
1435523008697864193,SV-ES TP
1425762044993843206,SV-ES TP
1476873604075765773,EH Bildu TP
1475776423596023813,EH Bildu TP
1475466798854201346,EH Bildu TP
1475104014035525642,EH Bildu TP
1475023189977800704,EH Bildu TP
1473964999710281737,EH Bildu TP
1473960737894813698,EH Bildu TP
1473745169925165063,EH Bildu TP
1473029851733020681,EH Bildu TP
1473005922725289995,EH Bildu TP
1472916281926070284,EH Bildu TP
1472714361076600838,EH Bildu TP
1472575836712755203,EH Bildu TP
1472301275454783493,EH Bildu TP
1472214149455355912,EH Bildu TP
1472187786300112896,EH Bildu TP
1471878153257861127,EH Bildu TP
1471458565151936516,EH Bildu TP
1471223533590228997,EH Bildu TP
1470811657895133195,EH Bildu TP
1470803133530054656,EH Bildu TP
1470363308129767429,EH Bildu TP
1469428284341559301,EH Bildu TP
1467972179379765252,EH Bildu TP
1467861804860772352,EH Bildu TP
1466684484917542915,EH Bildu TP
1465740588008026114,EH Bildu TP
1465728509825859586,EH Bildu TP
1465569610330218497,EH Bildu TP
1465413720956448769,EH Bildu TP
1465070181391212547,EH Bildu TP
1462829607544045577,EH Bildu TP
1462106754767106057,EH Bildu TP
1462034351852597250,EH Bildu TP
1461964631380004864,EH Bildu TP
1461766207737110537,EH Bildu TP
1461676848530829318,EH Bildu TP
1461225830760263686,EH Bildu TP
1461078511729451015,EH Bildu TP
1460984500939366402,EH Bildu TP
1459972065356881932,EH Bildu TP
1459906207246954503,EH Bildu TP
1459839448787697666,EH Bildu TP
1459449353840570372,EH Bildu TP
1459104041355595780,EH Bildu TP
1458906183457288196,EH Bildu TP
1458845332448718853,EH Bildu TP
1458843092228915201,EH Bildu TP
1458834643483082756,EH Bildu TP
1458828710828818436,EH Bildu TP
1455635998470283270,EH Bildu TP
1453801316040458242,EH Bildu TP
1453469131852943362,EH Bildu TP
1453468326307446784,EH Bildu TP
1451955782048788483,EH Bildu TP
1451637968008011788,EH Bildu TP
1451176527505367045,EH Bildu TP
1450567251678187527,EH Bildu TP
1450558981219434501,EH Bildu TP
1450553039329406977,EH Bildu TP
1450551587957530630,EH Bildu TP
1450216232809074691,EH Bildu TP
1450214944151048195,EH Bildu TP
1450214260227903502,EH Bildu TP
1450201259491868674,EH Bildu TP
1450118137668571138,EH Bildu TP
1450091484963815430,EH Bildu TP
1450062079881359366,EH Bildu TP
1450059460391718913,EH Bildu TP
1450058134102360065,EH Bildu TP
1450052693112860674,EH Bildu TP
1450050895291551750,EH Bildu TP
1450042433400709124,EH Bildu TP
1450036029843464192,EH Bildu TP
1450035384243703810,EH Bildu TP
1450034506380025858,EH Bildu TP
1450032184190976002,EH Bildu TP
1450031291106275332,EH Bildu TP
1450023464878940161,EH Bildu TP
1449981397272301571,EH Bildu TP
1449814127552180231,EH Bildu TP
1449813694632841220,EH Bildu TP
1449738492871942144,EH Bildu TP
1449737670767296516,EH Bildu TP
1449345899029729280,EH Bildu TP
1449307402453536769,EH Bildu TP
1448984922195177481,EH Bildu TP
1448730654741569540,EH Bildu TP
1448161903579119618,EH Bildu TP
1447856147004801028,EH Bildu TP
1447464376966000647,EH Bildu TP
1447226968714489857,EH Bildu TP
1447106700088074241,EH Bildu TP
1446561922850119686,EH Bildu TP
1445683826781343748,EH Bildu TP
1444584386243010565,EH Bildu TP
1444327992428220418,EH Bildu TP
1444318317557207042,EH Bildu TP
1443614126375411721,EH Bildu TP
1443553485820207110,EH Bildu TP
1443495640382722048,EH Bildu TP
1443270697002864642,EH Bildu TP
1443239357280890883,EH Bildu TP
1443123873986322434,EH Bildu TP
1442854327048081416,EH Bildu TP
1442518628369408000,EH Bildu TP
1441431011129188352,EH Bildu TP
1441282143099899910,EH Bildu TP
1439522231718227973,EH Bildu TP
1439314495462154250,EH Bildu TP
1439117569986859009,EH Bildu TP
1438889880331984903,EH Bildu TP
1438887050741178369,EH Bildu TP
1438479407988019206,EH Bildu TP
1438478542208176128,EH Bildu TP
1436583693427040259,EH Bildu TP
1435851676305526787,EH Bildu TP
1435613702850547713,EH Bildu TP
1435345288412151809,EH Bildu TP
1434128289497600004,EH Bildu TP
1434039970596102144,EH Bildu TP
1433788514940997642,EH Bildu TP
1431711720758784009,EH Bildu TP
1430807402455212032,EH Bildu TP
1430792773599473666,EH Bildu TP
1429042264295288837,EH Bildu TP
1429041558507204610,EH Bildu TP
1424468946183462915,EH Bildu TP
1476868541521534987,EH Bildu TP
1472307926803038209,EH Bildu TP
1469633256895229956,EH Bildu TP
1468973718785298449,EH Bildu TP
1468189607523192838,EH Bildu TP
1466830071830831108,EH Bildu TP
1466061728970645507,EH Bildu TP
1465782613944197122,EH Bildu TP
1462139438881034248,EH Bildu TP
1461707436717486083,EH Bildu TP
1461329698735243271,EH Bildu TP
1457138787084115969,EH Bildu TP
1457136383886340097,EH Bildu TP
1456021665595469829,EH Bildu TP
1455128165270044677,EH Bildu TP
1454123313932931078,EH Bildu TP
1450818636357193740,EH Bildu TP
1450394114059653122,EH Bildu TP
1448378403070042115,EH Bildu TP
1447626325238460427,EH Bildu TP
1446159076992425996,EH Bildu TP
1445807491997216776,EH Bildu TP
1443554432491339781,EH Bildu TP
1443499707037372416,EH Bildu TP
1442571524599320582,EH Bildu TP
1441936086046060565,EH Bildu TP
1441870458081538061,EH Bildu TP
1440400502932393990,EH Bildu TP
1439303446759362561,EH Bildu TP
1437878741506613249,EH Bildu TP
1436264443860725763,EH Bildu TP
1432054991125204998,EH Bildu TP
1430687868578631684,EH Bildu TP
1430631334121283596,EH Bildu TP
1452547667960209410,EA-NV TP
1476608324221251589,EH Bildu TP
1476581551089623041,EH Bildu TP
1476550542042226692,EH Bildu TP
1476451564172845059,EH Bildu TP
1475824666245804042,EH Bildu TP
1475082845412601858,EH Bildu TP
1474729190016622596,EH Bildu TP
1474667202100011011,EH Bildu TP
1474113895665127426,EH Bildu TP
1474110387645730833,EH Bildu TP
1473927604713500672,EH Bildu TP
1473653662601916427,EH Bildu TP
1473298715939119112,EH Bildu TP
1473247628867551232,EH Bildu TP
1472529943393447943,EH Bildu TP
1472240097059905545,EH Bildu TP
1471926321664212996,EH Bildu TP
1470721859889082373,EH Bildu TP
1469680812849348615,EH Bildu TP
1468824508949835776,EH Bildu TP
1468627335884775434,EH Bildu TP
1468326172010459144,EH Bildu TP
1468326170437554184,EH Bildu TP
1468326166226423810,EH Bildu TP
1468291418783420423,EH Bildu TP
1467765577930493952,EH Bildu TP
1467544754078588929,EH Bildu TP
1467442260480507906,EH Bildu TP
1467220940190801930,EH Bildu TP
1466357460927717381,EH Bildu TP
1466160864843685898,EH Bildu TP
1466149026227793931,EH Bildu TP
1465966154485276674,EH Bildu TP
1465794841846161417,EH Bildu TP
1465278354530177034,EH Bildu TP
1464583858704338944,EH Bildu TP
1464517476536967168,EH Bildu TP
1464250621465346050,EH Bildu TP
1462820360416595969,EH Bildu TP
1462770468604231683,EH Bildu TP
1462770456021417985,EH Bildu TP
1462770454125596672,EH Bildu TP
1462167736335880200,EH Bildu TP
1462167441296003076,EH Bildu TP
1462160954242785286,EH Bildu TP
1462109422621241354,EH Bildu TP
1462098600993955842,EH Bildu TP
1461789905357520897,EH Bildu TP
1461603263913025543,EH Bildu TP
1461309269287092227,EH Bildu TP
1461308033972195333,EH Bildu TP
1460196121377218563,EH Bildu TP
1459950725094645760,EH Bildu TP
1459942304622559234,EH Bildu TP
1459861333046968326,EH Bildu TP
1459861331398602761,EH Bildu TP
1459857366225199107,EH Bildu TP
1459173611219128323,EH Bildu TP
1458378777520652288,EH Bildu TP
1457993417892446212,EH Bildu TP
1456711515504062468,EH Bildu TP
1456701493562810384,EH Bildu TP
1456693462573617153,EH Bildu TP
1456273680284078097,EH Bildu TP
1456273677020917764,EH Bildu TP
1456273669315907592,EH Bildu TP
1456273665067130889,EH Bildu TP
1455122313448468518,EH Bildu TP
1452574980638658561,EH Bildu TP
1452361808413696000,EH Bildu TP
1452346641613312005,EH Bildu TP
1451969915255197698,EH Bildu TP
1449725005990858756,EH Bildu TP
1448736742559961088,EH Bildu TP
1448521179120160770,EH Bildu TP
1448359907514884096,EH Bildu TP
1447606631081127937,EH Bildu TP
1447520857614585856,EH Bildu TP
1446146089380458501,EH Bildu TP
1445708386109206528,EH Bildu TP
1445461424147337216,EH Bildu TP
1444557447226707970,EH Bildu TP
1444361005543346181,EH Bildu TP
1444281651098439686,EH Bildu TP
1444281285933998081,EH Bildu TP
1444250543501762564,EH Bildu TP
1444179166430171136,EH Bildu TP
1443578778500812820,EH Bildu TP
1442131084691456002,EH Bildu TP
1441420821600296963,EH Bildu TP
1441280492918083589,EH Bildu TP
1441276047865966597,EH Bildu TP
1440996510846566400,EH Bildu TP
1440756402708836353,EH Bildu TP
1440677583188680708,EH Bildu TP
1440401843914375168,EH Bildu TP
1440374483936694281,EH Bildu TP
1440046403493892101,EH Bildu TP
1439837323450097664,EH Bildu TP
1439322397757386764,EH Bildu TP
1438930123865079811,EH Bildu TP
1438909398265516032,EH Bildu TP
1438820719694024705,EH Bildu TP
1438756842344169472,EH Bildu TP
1438501222835687428,EH Bildu TP
1438449199239081988,EH Bildu TP
1438398073001160712,EH Bildu TP
1436399271675404292,EH Bildu TP
1436052212170510336,EH Bildu TP
1435966523424784384,EH Bildu TP
1433737719826559001,EH Bildu TP
1433157051270762505,EH Bildu TP
1433155034561273868,EH Bildu TP
1432941474484834309,EH Bildu TP
1432787572363874307,EH Bildu TP
1432693756097085450,EH Bildu TP
1432051823981088769,EH Bildu TP
1426633819730370564,EH Bildu TP
1426241458122678283,EH Bildu TP
1426230388180099076,EH Bildu TP
1426093480196050945,EH Bildu TP
1423760261127757834,EH Bildu TP
1423722021675061253,EH Bildu TP
1423252583897083912,EH Bildu TP
1423248474334695425,EH Bildu TP
1422995524869890048,EH Bildu TP
1422462271834501137,EH Bildu TP
1422461930548219904,EH Bildu TP
1422252281576230913,EH Bildu TP
1421856847049465862,EH Bildu TP
1476606518984331281,EA-NV TP
1476606513313730560,EA-NV TP
1476606122744324098,EA-NV TP
1476606119401435140,EA-NV TP
1476176405440385025,EA-NV TP
1476176347319914503,EA-NV TP
1474328933256642565,EA-NV TP
1474328895273029635,EA-NV TP
1472162161074085899,EA-NV TP
1472162156162555915,EA-NV TP
1472162141750890501,EA-NV TP
1472162006329434113,EA-NV TP
1471459773476478979,EA-NV TP
1471459731386609669,EA-NV TP
1471459677816897544,EA-NV TP
1471123994334138380,EA-NV TP
1471123991607795717,EA-NV TP
1470836957844492301,EA-NV TP
1470836921362436102,EA-NV TP
1470426338565754890,EA-NV TP
1470426325550837764,EA-NV TP
1470404330209562627,EA-NV TP
1470404323289014281,EA-NV TP
1470404321284169729,EA-NV TP
1469620647928033280,EA-NV TP
1469619295470690306,EA-NV TP
1469300612319924226,EA-NV TP
1469300604396883974,EA-NV TP
1469048826984022019,EA-NV TP
1466865024580870145,EA-NV TP
1466865016452390918,EA-NV TP
1466113118854127618,EA-NV TP
1466113090890698761,EA-NV TP
1466113038843584514,EA-NV TP
1465722140364267528,EA-NV TP
1465722113663377408,EA-NV TP
1465722007132196877,EA-NV TP
1465327591062134788,EA-NV TP
1465327584942731268,EA-NV TP
1465279771256963076,EA-NV TP
1464336273473220613,EA-NV TP
1464336238975107076,EA-NV TP
1463869687012499461,EA-NV TP
1463869613549182983,EA-NV TP
1463869420544172042,EA-NV TP
1461422330941521928,EA-NV TP
1461421802266181636,EA-NV TP
1461393716577542158,EA-NV TP
1461393713813467148,EA-NV TP
1460976824205332481,EA-NV TP
1460976785957560320,EA-NV TP
1460976724859101200,EA-NV TP
1460248205308870666,EA-NV TP
1460248183414697992,EA-NV TP
1457789620842729478,EA-NV TP
1457789579000377354,EA-NV TP
1457789409693028354,EA-NV TP
1456637240604598274,EA-NV TP
1456637212028772366,EA-NV TP
1455942155034300418,EA-NV TP
1455942132691243019,EA-NV TP
1455942084549136391,EA-NV TP
1455941950633385987,EA-NV TP
1455941901962547204,EA-NV TP
1455868479786127361,EA-NV TP
1455868453684973568,EA-NV TP
1455868339545313282,EA-NV TP
1453378247778050048,EA-NV TP
1453378244741410822,EA-NV TP
1453289814011400194,EA-NV TP
1453289770214465542,EA-NV TP
1453289734164393992,EA-NV TP
1453073936321761287,EA-NV TP
1453073685514964992,EA-NV TP
1452716004342214677,EA-NV TP
1452715970083106817,EA-NV TP
1451585361012985858,EA-NV TP
1451585322417102873,EA-NV TP
1450828116897763339,EA-NV TP
1450828064871571456,EA-NV TP
1450827988287827970,EA-NV TP
1448345227425718278,EA-NV TP
1448345048106610688,EA-NV TP
1448344953977987073,EA-NV TP
1448344896008564742,EA-NV TP
1448284533288210440,EA-NV TP
1448284506239250434,EA-NV TP
1448284469694185473,EA-NV TP
1448284194556289024,EA-NV TP
1448283643219152908,EA-NV TP
1448283552001445895,EA-NV TP
1448283451476619266,EA-NV TP
1448283266906304515,EA-NV TP
1448283242042376192,EA-NV TP
1448283207363870720,EA-NV TP
1448283037410725895,EA-NV TP
1448282943470845955,EA-NV TP
1448282905168470019,EA-NV TP
1447472791956201473,EA-NV TP
1446925985899761671,EA-NV TP
1446789453494767616,EA-NV TP
1446789450890100736,EA-NV TP
1446789447220084740,EA-NV TP
1445779359785054208,EA-NV TP
1445779296597938186,EA-NV TP
1445428414928805899,EA-NV TP
1445428410319261703,EA-NV TP
1445428232321486853,EA-NV TP
1445428230043930631,EA-NV TP
1445428227279925249,EA-NV TP
1445049059035729921,EA-NV TP
1445049033068879880,EA-NV TP
1445048961031712770,EA-NV TP
1443238541010604038,EA-NV TP
1443171165485346821,EA-NV TP
1443171135596765187,EA-NV TP
1442459222696988675,EA-NV TP
1442459191474626561,EA-NV TP
1442459113758334981,EA-NV TP
1442089158231605248,EA-NV TP
1442089107807690752,EA-NV TP
1441769350617206798,EA-NV TP
1441717787421024256,EA-NV TP
1441378461436858368,EA-NV TP
1441378459675029504,EA-NV TP
1441378366809014289,EA-NV TP
1441378363315146759,EA-NV TP
1440662871571001353,EA-NV TP
1440662816487137295,EA-NV TP
1440662756080832527,EA-NV TP
1440403989850320901,EA-NV TP
1440403476073238528,EA-NV TP
1440403065471844360,EA-NV TP
1440347541434822663,EA-NV TP
1440261019146752006,EA-NV TP
1440261010007289874,EA-NV TP
1439696868775284742,EA-NV TP
1439285024147353606,EA-NV TP
1438857389663559684,EA-NV TP
1438137376447115268,EA-NV TP
1438137371392978953,EA-NV TP
1438137369220325376,EA-NV TP
1437766194552098819,EA-NV TP
1437765730947248128,EA-NV TP
1437765727755378692,EA-NV TP
1435667734038302722,EA-NV TP
1435667710592028687,EA-NV TP
1433838888099926025,EA-NV TP
1433838865954054149,EA-NV TP
1433838713847619604,EA-NV TP
1433388972214996992,EA-NV TP
1433388948202663940,EA-NV TP
1432731556070793219,EA-NV TP
1432731550483984387,EA-NV TP
1432729710920966151,EA-NV TP
1432729699382407177,EA-NV TP
1431274744561770497,EA-NV TP
1431155515221069825,EA-NV TP
1431155511748145155,EA-NV TP
1430140252237225986,EA-NV TP
1430140249305501706,EA-NV TP
1430140241294381075,EA-NV TP
1429839293632159744,EA-NV TP
1429839261730287625,EA-NV TP
1429839183644856322,EA-NV TP
1429839096147554313,EA-NV TP
1429839013112958976,EA-NV TP
1429838349246869512,EA-NV TP
1429838159500697603,EA-NV TP
1428724977327648775,EA-NV TP
1427958942458646535,EA-NV TP
1427958937337348097,EA-NV TP
1427958517470801921,EA-NV TP
1427958514194976776,EA-NV TP
1476185392600784898,EA-NV TP
1475731641498992642,EA-NV TP
1475418121808887821,EA-NV TP
1474280680473387031,EA-NV TP
1474277667780321293,EA-NV TP
1474271471929286697,EA-NV TP
1474016894474674177,EA-NV TP
1474014151001399300,EA-NV TP
1473195051270520832,EA-NV TP
1473194725674999808,EA-NV TP
1473194054905217027,EA-NV TP
1471844077477969923,EA-NV TP
1471829801837150215,EA-NV TP
1471829709059145730,EA-NV TP
1471766604421779464,EA-NV TP
1471762350386601986,EA-NV TP
1471760945483558914,EA-NV TP
1471760168182497280,EA-NV TP
1471759812685881347,EA-NV TP
1471759608700153865,EA-NV TP
1471755099080900610,EA-NV TP
1471754468001734659,EA-NV TP
1471754198400311298,EA-NV TP
1471743267486240768,EA-NV TP
1471742729671561222,EA-NV TP
1471495354566668301,EA-NV TP
1471248025272131592,EA-NV TP
1470760618261110790,EA-NV TP
1470748177406074880,EA-NV TP
1470737310723497991,EA-NV TP
1470529818047438854,EA-NV TP
1469955828589420544,EA-NV TP
1469931870213259264,EA-NV TP
1469085651844878351,EA-NV TP
1467785213392609281,EA-NV TP
1467785055561039874,EA-NV TP
1467774496715284485,EA-NV TP
1466347247055081473,EA-NV TP
1465980374455132160,EA-NV TP
1465979670982279168,EA-NV TP
1465962045761806339,EA-NV TP
1465945937721892864,EA-NV TP
1465944783751368705,EA-NV TP
1465824843790700549,EA-NV TP
1465218346346029060,EA-NV TP
1465065082862321666,EA-NV TP
1465063808532201476,EA-NV TP
1465063251612516360,EA-NV TP
1465060468771467270,EA-NV TP
1464935642677366784,EA-NV TP
1464923162307706881,EA-NV TP
1464617629545639947,EA-NV TP
1464561697314717697,EA-NV TP
1463869155455778817,EA-NV TP
1463603412180873225,EA-NV TP
1462491961487769604,EA-NV TP
1462362143588765701,EA-NV TP
1462353599724404736,EA-NV TP
1461767749072572421,EA-NV TP
1461237774045044743,EA-NV TP
1461053294311350276,EA-NV TP
1460914250449367041,EA-NV TP
1460306955965243393,EA-NV TP
1460265936058032134,EA-NV TP
1460229751164047368,EA-NV TP
1460167907271397386,EA-NV TP
1459796037477052420,EA-NV TP
1459266764446089216,EA-NV TP
1458918196497596424,EA-NV TP
1458852152634494983,EA-NV TP
1456527984316325890,EA-NV TP
1456349049716609028,EA-NV TP
1455588887779217414,EA-NV TP
1455140835155226630,EA-NV TP
1453775890928840713,EA-NV TP
1452996716576313356,EA-NV TP
1452889363755552774,EA-NV TP
1452889362258083841,EA-NV TP
1452297953557860360,EA-NV TP
1452233097983021070,EA-NV TP
1452222077562413063,EA-NV TP
1450903504546144263,EA-NV TP
1450502051440496641,EA-NV TP
1449521699003768835,EA-NV TP
1448999980849578030,EA-NV TP
1447587111041908740,EA-NV TP
1446182842636111873,EA-NV TP
1445419190563786754,EA-NV TP
1445381924139249687,EA-NV TP
1444684953355182085,EA-NV TP
1444046856250609664,EA-NV TP
1443933527435788304,EA-NV TP
1443901617984753666,EA-NV TP
1443487765350465539,EA-NV TP
1442763762189193218,EA-NV TP
1442566041830367232,EA-NV TP
1442556810494296068,EA-NV TP
1442523201246957573,EA-NV TP
1442380980518588417,EA-NV TP
1442380594294534147,EA-NV TP
1442375122539646978,EA-NV TP
1442185359467503616,EA-NV TP
1442178895831126016,EA-NV TP
1442126775828500484,EA-NV TP
1442093523663298562,EA-NV TP
1442093302275137539,EA-NV TP
1442088534983254018,EA-NV TP
1442088461020790792,EA-NV TP
1442076420042149896,EA-NV TP
1442075596289310724,EA-NV TP
1442072265370136583,EA-NV TP
1442072177398870022,EA-NV TP
1442067351571243008,EA-NV TP
1442066998041657344,EA-NV TP
1441826530087170053,EA-NV TP
1441820338103402496,EA-NV TP
1441762028373348358,EA-NV TP
1441754988376731650,EA-NV TP
1441751898445524993,EA-NV TP
1441083174319124482,EA-NV TP
1440064970385887233,EA-NV TP
1439845886729900032,EA-NV TP
1439844073624453120,EA-NV TP
1439538108761059328,EA-NV TP
1438946328525029377,EA-NV TP
1438028861527179265,EA-NV TP
1437876963822247939,EA-NV TP
1437847429886484484,EA-NV TP
1437816043385274374,EA-NV TP
1437810370736005130,EA-NV TP
1437683151002869762,EA-NV TP
1437666098216853504,EA-NV TP
1437095158068260872,EA-NV TP
1437022404425961477,EA-NV TP
1437011103389728776,EA-NV TP
1436979013499695104,EA-NV TP
1436971574192640004,EA-NV TP
1435335197503918081,EA-NV TP
1435279193131081729,EA-NV TP
1435272901100453894,EA-NV TP
1434952304889847811,EA-NV TP
1434568815543787523,EA-NV TP
1434563158262308868,EA-NV TP
1433318744001028097,EA-NV TP
1432735683030884357,EA-NV TP
1432286591968493579,EA-NV TP
1432203347759665153,EA-NV TP
1432203007324721152,EA-NV TP
1432031680995467265,EA-NV TP
1431870627586187268,EA-NV TP
1431317427296538631,EA-NV TP
1431213331340214279,EA-NV TP
1431132143904862211,EA-NV TP
1429835830575648769,EA-NV TP
1429166286005751820,EA-NV TP
1428752361045045254,EA-NV TP
1428401377345105923,EA-NV TP
1427525398481580054,EA-NV TP
1427524818111541286,EA-NV TP
1427295248363950081,EA-NV TP
1427149514897567747,EA-NV TP
1426901379055079430,EA-NV TP
1426874507462168579,EA-NV TP
1426422833786335234,EA-NV TP
1426238950881046529,EA-NV TP
1426165540834398212,EA-NV TP
1426165537789431814,EA-NV TP
1426165534651994112,EA-NV TP
1426159381910073355,EA-NV TP
1426156709148598274,EA-NV TP
1425865916110147585,EA-NV TP
1425790288384172037,EA-NV TP
1425142404387115012,EA-NV TP
1425140556724908037,EA-NV TP
1425140417167773700,EA-NV TP
1425134307706871811,EA-NV TP
1425134265818300417,EA-NV TP
1425131909567467521,EA-NV TP
1425021429960134689,EA-NV TP
1424281022791827459,EA-NV TP
1423934966354821121,EA-NV TP
1423934843096911873,EA-NV TP
1423327948262760448,EA-NV TP
1423306349283250178,EA-NV TP
1421751346538205185,EA-NV TP
1369355325288112140,EH Bildu
1369022212804665348,EH Bildu
1369016518655307777,EH Bildu
1368828665073721345,EH Bildu
1367863272951721987,EH Bildu
1367572103218810885,EH Bildu
1366856522827980801,EH Bildu
1365082836424941570,EH Bildu
1361777484799348746,EH Bildu
1357650827758960641,EH Bildu
1357618892819038212,EH Bildu
1356716640159866886,EH Bildu
1352341547166150656,EH Bildu
1349389959606763521,EH Bildu
1347953021939032073,EH Bildu
1347219704633561093,EH Bildu
1345665484797181952,EH Bildu
1368855178036805633,PNV
1367929686509187074,EH Bildu
1367833119429124097,EH Bildu
1367221958388154376,EH Bildu
1367156307229356040,EH Bildu
1366738074378637318,EH Bildu
1364924839677599744,EH Bildu
1362299618088935424,EH Bildu
1362117134780928004,EH Bildu
1362078928819617795,EH Bildu
1358796067500945419,EH Bildu
1358098245969465347,EH Bildu
1357805916335259656,EH Bildu
1357768581010886664,EH Bildu
1357614356008230914,EH Bildu
1356911879944339457,EH Bildu
1356321746165628931,EH Bildu
1353832402850902018,EH Bildu
1352660874041954304,EH Bildu
1352644816597823488,EH Bildu
1352260121603289101,EH Bildu
1352243261826600965,EH Bildu
1352166259899719680,EH Bildu
1351977347680002052,EH Bildu
1350127233780899844,EH Bildu
1350108886238449668,EH Bildu
1348934082621825029,EH Bildu
1348015936645844994,EH Bildu
1347289798269140995,EH Bildu
1347262004411715585,EH Bildu
1368900572619935744,PP+Cs
1367184531095232516,PP+Cs
1365632311371382784,PP+Cs
1365611326865895424,PP+Cs
1364906340397817863,PP+Cs
1363901858365001728,PP+Cs
1361026051560898562,PP+Cs
1361017784373817344,PP+Cs
1360910533180993537,PP+Cs
1360296989662019584,PP+Cs
1359090959879987204,PP+Cs
1358064958861361152,PP+Cs
1357324661458169857,PP+Cs
1356219573301862400,PP+Cs
1355843376902512642,PP+Cs
1355489184568504320,PP+Cs
1355482865346240517,PP+Cs
1353318990744088582,PP+Cs
1353090904249274369,PP+Cs
1353027753164107777,PP+Cs
1369060766423408645,PNV
1368699793829203970,PNV
1367828365697224706,PNV
1363822225502199811,PNV
1359917685933563915,PNV
1359898197884342280,PNV
1352912038700396544,PNV
1351313000901337089,PNV
1348719331329384449,PNV
1367801505500311553,EH Bildu
1367797725287301121,EH Bildu
1367795586355892224,EH Bildu
1367794253640986630,EH Bildu
1367787603840405506,EH Bildu
1367784403322220551,EH Bildu
1367233240730329091,EH Bildu
1366863364954152960,EH Bildu
1366862844998914053,EH Bildu
1366130714563985409,EH Bildu
1364878229950124032,EH Bildu
1364671791281668101,EH Bildu
1363969265850855426,EH Bildu
1363758343580483587,EH Bildu
1363586690430943240,EH Bildu
1359513062794006531,EH Bildu
1359502114632966144,EH Bildu
1356351266750951426,EH Bildu
1356199544971796482,EH Bildu
1354784179767169024,EH Bildu
1352957261078003712,EH Bildu
1352952869562048513,PSOE
1349359264637345805,PSOE
1369586408336355329,PNV
1368825025692860418,PNV
1368680573250768898,PNV
1367775071834607617,PNV
1367244840329613313,PNV
1365289415321485314,PNV
1364884067913719813,PNV
1364499933273948162,PNV
1364328141792161796,PNV
1364254751525916673,PNV
1363193551962714113,PNV
1362130562304114689,PNV
1361035927448150017,PNV
1360888211858477059,PNV
1360690484558102529,PNV
1360320025568157707,PNV
1360145647199019009,PNV
1357257314038919172,PNV
1355874842894102529,PNV
1353426729155620864,PNV
1352918672646545408,PNV
1352904922979823616,PNV
1352895042810220544,PNV
1351274153412763648,PNV
1350795278794842113,PNV
1349653704572600320,PNV
1349378254780715012,PNV
1346932986688663554,PNV
1346926992361361416,PNV
1346478120321236994,PNV
1345312038801825792,PNV
1369191194031493121,PNV
1369191119851032578,PNV
1369190499588993026,PNV
1369190388796452864,PNV
1368481765753552897,PNV
1368481700125229059,PNV
1368481071050919936,PNV
1368480991640248321,PNV
1367784408737083394,PNV
1367783851234320385,PNV
1367781564722143232,PNV
1367468906793820161,PNV
1367468847767420930,PNV
1367468652837154818,PNV
1367468509169676297,PNV
1367468399450869765,PNV
1367468064946737153,PNV
1367004022587195394,PNV
1366793626299355141,PNV
1366793221347700746,PNV
1366792974642925572,PNV
1366001431250092034,PNV
1365999755478859784,PNV
1365599821395066882,PNV
1365334470312665090,PNV
1365334323918995458,PNV
1365334047443062784,PNV
1365235402139963392,PNV
1364217641842409472,PNV
1364217437386850305,PNV
1364213846144147458,PNV
1364209541307588609,PNV
1364209307810754562,PNV
1364208700068659203,PNV
1363880655000600583,PNV
1363880314909655053,PNV
1363880175906283521,PNV
1363877618853048327,PNV
1363877168967786498,PNV
1363876598685061122,PNV
1363563461213642755,PNV
1363560674945871878,PNV
1363450807769853952,PNV
1363440665280057345,PNV
1363438713859096577,PNV
1363222328667234309,PNV
1362368828580241412,PNV
1362362603796914178,PNV
1362293128993062914,PNV
1362292627601825792,PNV
1362291515658301445,PNV
1362290818376163331,PNV
1362049823940182019,PNV
1362048161951399937,PNV
1361978989326303233,PNV
1361977157069725696,PNV
1360947971827912704,PNV
1360308897073033221,PNV
1360308077048836100,PNV
1360305797536886784,PNV
1359832457420406788,PNV
1359831765167259651,PNV
1359831094825275392,PNV
1359469683578204162,PNV
1359469269432623108,PNV
1359468967300116481,PNV
1359468568774115335,PNV
1359468388834283520,PNV
1359467820774547457,PNV
1359467362118991875,PNV
1359467014914514951,PNV
1359466566342033414,PNV
1358064633333047296,PNV
1358063723076804615,PNV
1358011622615359489,PNV
1358010599381344256,PNV
1356873220062924800,PNV
1356871351433371649,PNV
1356870407018668037,PNV
1356869813109469185,PNV
1356861507682902017,PNV
1369402646046650373,EH Bildu
1369391504054161421,EH Bildu
1369388776464715776,EH Bildu
1369305892961873928,EH Bildu
1369295532447924234,EH Bildu
1368943590706122754,EH Bildu
1368320924911538177,EH Bildu
1368310430104444931,EH Bildu
1368238112275587076,EH Bildu
1368122687722250245,EH Bildu
1367928325050667014,EH Bildu
1367856808606466052,EH Bildu
1367822754385387521,EH Bildu
1367784473912373250,EH Bildu
1367474860482584582,EH Bildu
1367472803700760590,EH Bildu
1367472105378504708,EH Bildu
1367131420754382855,EH Bildu
1367036384083664896,EH Bildu
1366522224430227456,EH Bildu
1366474937725292555,EH Bildu
1366446130150703117,EH Bildu
1366373375053078529,EH Bildu
1366365244155715586,EH Bildu
1366360536485687309,EH Bildu
1366352542838386699,EH Bildu
1366339360723976192,EH Bildu
1366129548853731331,EH Bildu
1365586975865131009,EH Bildu
1365303789444620288,EH Bildu
1365302638330445831,EH Bildu
1365055775622717442,EH Bildu
1365032434174201859,EH Bildu
1364943194115502082,EH Bildu
1364936109130735617,EH Bildu
1364274627657228294,EH Bildu
1364220366390927362,EH Bildu
1364215458073878530,EH Bildu
1364214984545349638,EH Bildu
1363961929253986310,EH Bildu
1363958505682702338,EH Bildu
1363242305092739075,EH Bildu
1362695506372214785,EH Bildu
1362514194860568582,EH Bildu
1362508609347870728,EH Bildu
1362327204441579520,EH Bildu
1362142792458399747,EH Bildu
1362138372614090752,EH Bildu
1362117704967053313,EH Bildu
1360701402683744259,EH Bildu
1360679860218302469,EH Bildu
1360589980888932354,EH Bildu
1359564240080748550,EH Bildu
1358126243372298246,EH Bildu
1357076959990317066,EH Bildu
1357041749642854413,EH Bildu
1357014666417995776,EH Bildu
1356982939511377924,EH Bildu
1356945961034141696,EH Bildu
1356945256080621571,EH Bildu
1356929404987969537,EH Bildu
1356738876073738246,EH Bildu
1356712746478428171,EH Bildu
1356627632490754048,EH Bildu
1356336138471043073,EH Bildu
1356331922750922754,EH Bildu
1356330232568029191,EH Bildu
1356308598050217986,EH Bildu
1356305663727726593,EH Bildu
1356303905123131395,EH Bildu
1356300932087218180,EH Bildu
1356297852910243842,EH Bildu
1356296335633342465,EH Bildu
1356259699939831817,EH Bildu
1355559301784494081,EH Bildu
1355483403643211776,EH Bildu
1355265362380656643,EH Bildu
1354911644602798085,EH Bildu
1354906693004648448,EH Bildu
1354905099101999109,EH Bildu
1354903462773977090,EH Bildu
1354853687118753797,EH Bildu
1354844135103016964,EH Bildu
1356335305402540036,EH Bildu
1351217183473471497,EH Bildu
1369414544376922116,EH Bildu
1369004358764015617,EH Bildu
1368922217602576386,EH Bildu
1367833316733386753,EH Bildu
1367833077943328768,EH Bildu
1367529718602473473,EH Bildu
1365271988441333766,EH Bildu
1365269390183305217,EH Bildu
1365225982496559104,EH Bildu
1364941610656661504,EH Bildu
1364941608760795140,EH Bildu
1364941607167012872,EH Bildu
1364941605543829506,EH Bildu
1363932822503911432,EH Bildu
1363506056807264257,EH Bildu
1362485188970823699,EH Bildu
1362442779327094793,EH Bildu
1360919085345832963,EH Bildu
1360493907860201476,EH Bildu
1360308882086776841,EH Bildu
1360254521138626560,EH Bildu
1360247374388600832,EH Bildu
1360177687613108224,EH Bildu
1358496512242839562,EH Bildu
1358155132479881218,EH Bildu
1355981205032882177,EH Bildu
1352195325273006081,EH Bildu
1351955576985702401,EH Bildu
1351633941598511105,EH Bildu
1350809436684738561,EH Bildu
1350074197293359106,EH Bildu
1347867309025746944,EH Bildu
1347616151732367360,EH Bildu
1369578102867832832,EH Bildu
1368138256668319747,EH Bildu
1368136637700599811,EH Bildu
1368135078396784643,EH Bildu
1367864851113054217,EH Bildu
1367863127933616129,EH Bildu
1367458462259699713,EH Bildu
1367397862787731458,EH Bildu
1367217560836591618,EH Bildu
1367028745748553728,EH Bildu
1366850969540173825,EH Bildu
1366820384591536128,EH Bildu
1366790321884037127,EH Bildu
1366717764241657858,EH Bildu
1366687651122790402,EH Bildu
1366671704962048004,EH Bildu
1366656783822036992,EH Bildu
1366512844351668233,EH Bildu
1366066519915061256,EH Bildu
1366022563365859331,EH Bildu
1365657194902007808,EH Bildu
1364859357003980801,EH Bildu
1364831006629498883,EH Bildu
1364540507783901186,EH Bildu
1364196834873384960,EH Bildu
1363568485721374721,EH Bildu
1363523879667433472,EH Bildu
1363074660292845568,EH Bildu
1362884434706501635,EH Bildu
1362854230768439302,EH Bildu
1362294834774626304,EH Bildu
1362065805467398145,EH Bildu
1362003947918155779,EH Bildu
1361705200596180993,EH Bildu
1360610982884696072,EH Bildu
1360602626329612290,EH Bildu
1360598203696087041,EH Bildu
1360597491050295308,EH Bildu
1360596650855653382,EH Bildu
1360596023350018055,EH Bildu
1360595309127204865,EH Bildu
1360594237029568515,EH Bildu
1360593616775823365,EH Bildu
1360593066277687299,EH Bildu
1359425216431153153,EH Bildu
1359069798920036352,EH Bildu
1358909579493572608,EH Bildu
1358721493409087488,EH Bildu
1358689692418473986,EH Bildu
1357617001099845632,EH Bildu
1357254828561469442,EH Bildu
1357252628816740355,EH Bildu
1357249436473303041,EH Bildu
1357104800710688768,EH Bildu
1356981193032544257,EH Bildu
1356538208121724929,EH Bildu
1356312968124899328,EH Bildu
1355893484415299586,EH Bildu
1355849264216289288,EH Bildu
1355818125384671235,EH Bildu
1355456641681010690,EH Bildu
1355434578895364096,EH Bildu
1355226858141470728,EH Bildu
1355127065893343235,EH Bildu
1354838957696102406,EH Bildu
1354703137609756674,EH Bildu
1354353712609820675,EH Bildu
1354345261804498944,EH Bildu
1353600609950310402,EH Bildu
1353476998048395264,EH Bildu
1353360928901890050,EH Bildu
1353292802340368385,EH Bildu
1352956480153137152,EH Bildu
1352923263652032512,EH Bildu
1352909850267807748,EH Bildu
1352907048225300480,EH Bildu
1352902054847664128,EH Bildu
1352613767717249027,EH Bildu
1352305462469918722,EH Bildu
1352171400707141635,EH Bildu
1352165153018683392,EH Bildu
1351834071199047680,EH Bildu
1351829087921303555,EH Bildu
1351639647051522049,EH Bildu
1351204872679522304,EH Bildu
1351132696647499781,EH Bildu
1351085902911705090,EH Bildu
1350756867035836419,EH Bildu
1350731012733603841,EH Bildu
1350096860317437952,EH Bildu
1349724215344312322,EH Bildu
1349070032345722883,EH Bildu
1348642637063053314,EH Bildu
1347972081535885312,EH Bildu
1347879147381653509,EH Bildu
1347221304529874947,EH Bildu
1347117923849142273,EH Bildu
1346838462671024133,EH Bildu
1346777319315304449,EH Bildu
1346775745335586818,EH Bildu
1346771389764796416,EH Bildu
1346769326548905985,EH Bildu
1346469710519386112,EH Bildu
1346066881564831750,EH Bildu
1345087180222455814,EH Bildu
1353987797380689923,EH Bildu
1353093109199024129,EH Bildu
1351436202109501440,EH Bildu
1369041423979397121,EH Bildu
1369039453134725120,EH Bildu
1369037204627087361,EH Bildu
1367123178355646472,EH Bildu
1367052322086547459,EH Bildu
1361365573142269957,EH Bildu
1361349858565718018,EH Bildu
1361328451895103493,EH Bildu
1359452788795854848,EH Bildu
1358378500038737925,EH Bildu
1358117469404168192,EH Bildu
1357685830484185089,EH Bildu
1357685828215058432,EH Bildu
1357685821042794501,EH Bildu
1357685812910039046,EH Bildu
1357679707379089410,EH Bildu
1356681419314122754,EH Bildu
1354096339383152641,EH Bildu
1354090923156774912,EH Bildu
1353687910894219264,EH Bildu
1353624680377278464,EH Bildu
1351923955536375813,EH Bildu
1349086274439802880,EH Bildu
1348356146197835777,EH Bildu
1348356138509729794,EH Bildu
1348356131685601282,EH Bildu
1347991740486201350,EH Bildu
1369602042243715073,PP+Cs
1369237105860354050,PP+Cs
1369044313393541127,PP+Cs
1366439338356137987,PP+Cs
1365966506618744833,PP+Cs
1365565035855163395,PP+Cs
1365414577048088582,PP+Cs
1364244660722483200,PP+Cs
1363808431040266246,PP+Cs
1363498185939943424,PP+Cs
1362460451674669059,PP+Cs
1361288837834690561,PP+Cs
1360895219374424064,PP+Cs
1360888455035842562,PP+Cs
1360693029313654786,PP+Cs
1360610596417400838,PP+Cs
1360532070330757122,PP+Cs
1360523398414221312,PP+Cs
1359606463442939906,PP+Cs
1359074512181096448,PP+Cs
1358077536819896321,PP+Cs
1357090141073006593,PP+Cs
1356682212163338242,PP+Cs
1356225663523557383,PP+Cs
1356204834878349316,PP+Cs
1355296041495621633,PP+Cs
1355268979661615112,PP+Cs
1355217152069038085,PP+Cs
1354145658719129600,PP+Cs
1353957248012267521,PP+Cs
1369597171062996995,PP+Cs
1368860045912444928,PP+Cs
1368849448135241729,PP+Cs
1365610056608337920,PP+Cs
1361776537691959296,PP+Cs
1361203712874708995,PP+Cs
1360188942444814339,PP+Cs
1360186288138309633,PP+Cs
1359465440599302144,PP+Cs
1358387985797021702,PP+Cs
1357976179370848256,PP+Cs
1357256817156501504,PP+Cs
1356180970223841281,PP+Cs
1354733349290598402,PP+Cs
1354388649287278594,PP+Cs
1354100984436436992,PP+Cs
1353292734623338498,PP+Cs
1353290913955643392,PP+Cs
1352881139762032640,PP+Cs
1351978042617442304,PP+Cs
1351587978020270081,PP+Cs
1351084185616838667,PP+Cs
1350709840256102400,PP+Cs
1350023993043132418,PP+Cs
1349437574973067265,PP+Cs
1349260617568444416,PP+Cs
1348212411820634112,PP+Cs
1346033991690964993,PP+Cs
1345409628151181315,PP+Cs
1344965528448864257,PP+Cs
1369652504196169730,Podemos
1369652159193743361,Podemos
1369651230226722816,Podemos
1369651051243184128,Podemos
1369650757704814597,Podemos
1369394583826796551,Podemos
1369392421562425345,Podemos
1369344742148947979,Podemos
1369344184923136003,Podemos
1369344071718875145,Podemos
1369326325647937536,Podemos
1369326195456741379,Podemos
1369322942430085125,Podemos
1369322650443583488,Podemos
1369320011156881415,Podemos
1369314043333406727,Podemos
1369311685249499140,Podemos
1369310474106507275,Podemos
1369310046119735304,Podemos
1369308062809546752,Podemos
1369301276241125377,Podemos
1369186495853125632,Podemos
1369040409884770304,Podemos
1369024931514748928,Podemos
1369004898348568577,Podemos
1369002564906332170,Podemos
1368920009343447042,Podemos
1368918840361553923,Podemos
1368817537425805312,Podemos
1368817189420216321,Podemos
1368632202246975489,Podemos
1368605774319063040,Podemos
1368601420958756866,Podemos
1368599222430359553,Podemos
1368597745775374337,Podemos
1368594519969705988,Podemos
1368222350655827973,Podemos
1368216762249064448,Podemos
1368211197699440641,Podemos
1368128247049973760,Podemos
1368127925086740484,Podemos
1368115304900014080,Podemos
1368112742062817280,Podemos
1367964741273083915,Podemos
1367948272850108424,Podemos
1367943247893573637,Podemos
1367942593296875520,Podemos
1367909683168698372,Podemos
1367892328090832901,Podemos
1367890651942158344,Podemos
1367845564071739392,Podemos
1367844882275045377,Podemos
1367825474756444160,Podemos
1367824540680749056,Podemos
1367572718774865924,Podemos
1367572444974833670,Podemos
1367475685615403008,Podemos
1367364883310854144,Podemos
1369620922001465345,Podemos
1368886134198112258,Podemos
1368821680576036864,Podemos
1368526940878036992,Podemos
1368484486866931712,Podemos
1367932627043418115,Podemos
1367903898309165059,Podemos
1367783723329064961,Podemos
1367439040279162886,Podemos
1367439039046025221,Podemos
1367439037808726021,Podemos
1367439036575584260,Podemos
1367439035388604418,Podemos
1367439033815752704,Podemos
1367419832854003717,Podemos
1367224282959536131,Podemos
1367149523848597506,Podemos
1367057144252628993,Podemos
1367024546201632769,Podemos
1366853362801590275,Podemos
1366836893070094340,Podemos
1366296866162286592,Podemos
1365346667134861318,Podemos
1365299817078026241,Podemos
1365273099642544129,Podemos
1363833435912081411,Podemos
1363755526279098368,Podemos
1363486827257225223,Podemos
1363242350080843779,Podemos
1363172209284567040,Podemos
1363035152918732800,Podemos
1362720537240346624,Podemos
1362709119313051649,Podemos
1362423641858793472,Podemos
1362355946354278402,Podemos
1362141051784486912,Podemos
1362051344421552140,Podemos
1362039516824010758,Podemos
1362007990065324039,Podemos
1361949625431838721,Podemos
1361633271948394496,Podemos
1361052082103586817,Podemos
1360286400650870787,Podemos
1359825538471362562,Podemos
1359781050621296641,Podemos
1359423376234844161,Podemos
1358132107256729600,Podemos
1358115946217488390,Podemos
1357640559721078784,Podemos
1357344142578253830,Podemos
1356891668960731138,Podemos
1356266616086999049,Podemos
1355129727518973954,Podemos
1354761050139275265,Podemos
1354687399390040066,Podemos
1354483154682335236,Podemos
1354423329671753728,Podemos
1354044710264967168,Podemos
1354004993741905921,Podemos
1353734377658789898,Podemos
1353656400828887040,Podemos
1353305412855091200,Podemos
1352198071657103364,Podemos
1350743317064151042,Podemos
1350447729789591552,Podemos
1350416692363464706,Podemos
1350416140644847616,Podemos
1350045437894553600,Podemos
1349967979719651329,Podemos
1349775417058734080,Podemos
1349324753291640832,Podemos
1349317125958152192,Podemos
1349055577016692736,Podemos
1349055575523536896,Podemos
1349055573954854915,Podemos
1349048868709785601,Podemos
1349048867153707008,Podemos
1349048865698275328,Podemos
1348652894019608582,Podemos
1348344647702245379,Podemos
1347458137318682624,Podemos
1347456768822153216,Podemos
1347455566109663233,Podemos
1347455240044503041,Podemos
1347454666024615936,Podemos
1347453931467767809,Podemos
1347448457246744581,Podemos
1347271829258461186,Podemos
1347233352269631491,Podemos
1347104941337440258,Podemos
1347103766974242817,Podemos
1347102864460623872,Podemos
1347102205917204480,Podemos
1347098813283119105,Podemos
1347078528349708288,Podemos
1346930188651798530,Podemos
1346924365363912704,Podemos
1352204261430599681,PNV
1368168532521984008,Podemos
1367160595485704194,Podemos
1367157243616112643,Podemos
1366836321726189570,Podemos
1366423859667345411,Podemos
1366114518808616961,Podemos
1365677216961495051,Podemos
1365345117264109576,Podemos
1364936043389140992,Podemos
1364490054362685441,Podemos
1362739208268439554,Podemos
1361618057815293953,Podemos
1359547570629058563,Podemos
1357758057464401921,Podemos
1357444800706977804,Podemos
1357373772068753409,Podemos
1357350147248828416,Podemos
1356705863336083456,Podemos
1356649365742514178,Podemos
1356291284042919936,Podemos
1356288844694511619,Podemos
1355593280117997569,Podemos
1355542154685378562,Podemos
1355465985877303297,Podemos
1355197769305247744,Podemos
1354406049177096193,Podemos
1354403191685869569,Podemos
1354132136559783937,Podemos
1353386165521539072,Podemos
1369007215068250125,EH Bildu
1367831675217002498,EH Bildu
1367831311499603972,EH Bildu
1367822131061460993,EH Bildu
1367821682723979266,EH Bildu
1367002953261985802,EH Bildu
1366824242080325639,EH Bildu
1365633595742814212,EH Bildu
1365633047798964226,EH Bildu
1365069062741635073,EH Bildu
1364902125432680449,EH Bildu
1364516689866608641,EH Bildu
1363229750513324032,EH Bildu
1363056247625416707,EH Bildu
1361391383446245378,EH Bildu
1361084302277115910,EH Bildu
1360702032492036100,EH Bildu
1360700538841686017,EH Bildu
1360669269323882505,EH Bildu
1359895926232518657,EH Bildu
1359134454493626376,EH Bildu
1359132630281814017,EH Bildu
1358003631736446978,EH Bildu
1357672401148993537,EH Bildu
1357672247817830400,EH Bildu
1356920468515782659,EH Bildu
1356920448370544640,EH Bildu
1353713824566796289,EH Bildu
1353713645415489536,EH Bildu
1352970985985728515,EH Bildu
1352970950392819713,EH Bildu
1352970254104858626,EH Bildu
1352970184361988097,EH Bildu
1352635533705568260,EH Bildu
1352635104812818434,EH Bildu
1352613616596475905,EH Bildu
1352613353823334403,EH Bildu
1351896467208892417,EH Bildu
1351894645970759683,EH Bildu
1351583341234032642,EH Bildu
1350874570396467201,EH Bildu
1350397298493239296,EH Bildu
1349725678766182400,EH Bildu
1349725462172352520,EH Bildu
1349000708985651209,EH Bildu
1348629647903379456,EH Bildu
1348629555699978243,EH Bildu
1347995035581767683,EH Bildu
1347983217584992257,EH Bildu
1347879014996783104,EH Bildu
1347809675480358912,EH Bildu
1347267577408598031,EH Bildu
1345719601649348609,EH Bildu
1345106191412834312,EH Bildu
1345094596368494594,EH Bildu
1369369186271703040,EH Bildu
1369322521586241549,EH Bildu
1368840008006852609,EH Bildu
1368241044337397760,EH Bildu
1368110911165173761,EH Bildu
1367951454695211010,EH Bildu
